# Blender 5.0.0
# www.blender.org
mtllib palettes.mtl
o Europalette
v 1.067492 2.319330 -0.013293
v 0.910998 2.319330 -0.013293
v 0.885960 2.344369 -0.013293
v 0.910998 3.821655 -0.013293
v 0.885960 3.796616 -0.013293
v 1.067492 3.821655 -0.013293
v 0.885960 3.796616 0.014249
v 0.885960 2.344369 0.014249
v 0.910998 2.319330 0.014249
v 1.067492 2.319330 0.014249
v 1.067492 3.821655 0.014249
v 0.910998 3.821655 0.014249
v 1.117569 3.821655 -0.013293
v 1.242762 3.821655 -0.013293
v 1.242762 2.319330 -0.013293
v 1.117569 2.319330 -0.013293
v 1.117569 3.821655 0.014249
v 1.117569 2.319330 0.014249
v 1.242762 2.319330 0.014249
v 1.242762 3.821655 0.014249
v 1.292840 3.821655 -0.013293
v 1.474372 3.821655 -0.013293
v 1.474372 2.319330 -0.013293
v 1.292840 2.319330 -0.013293
v 1.292840 3.821655 0.014249
v 1.292840 2.319330 0.014249
v 1.474372 2.319330 0.014249
v 1.474372 3.821655 0.014249
v 1.524449 3.821655 -0.013293
v 1.649643 3.821655 -0.013293
v 1.649643 2.319330 -0.013293
v 1.524449 2.319330 -0.013293
v 1.524449 3.821655 0.014249
v 1.524449 2.319330 0.014249
v 1.649643 2.319330 0.014249
v 1.649643 3.821655 0.014249
v 1.881249 3.796616 -0.013293
v 1.881249 2.344369 -0.013293
v 1.856210 2.319330 -0.013293
v 1.699720 3.821655 -0.013293
v 1.699720 2.319330 -0.013293
v 1.856210 3.821655 -0.013293
v 1.881249 2.344369 0.014249
v 1.881249 3.796616 0.014249
v 1.856210 3.821655 0.014249
v 1.699720 3.821655 0.014249
v 1.699720 2.319330 0.014249
v 1.856210 2.319330 0.014249
v 1.881249 2.500863 -0.040837
v 1.881249 2.344369 -0.040837
v 1.856210 2.319330 -0.040837
v 0.885960 2.344369 -0.040837
v 0.910998 2.319330 -0.040837
v 0.885960 2.500863 -0.040837
v 1.881249 2.500863 -0.013293
v 0.885960 2.500863 -0.013293
v 1.756056 2.500863 -0.138486
v 1.756056 2.319330 -0.138486
v 1.756056 2.319330 -0.040837
v 1.756056 2.500863 -0.040837
v 1.856210 2.319330 -0.138486
v 1.881249 2.344369 -0.138486
v 1.881249 2.500863 -0.138486
v 1.881249 3.796616 -0.166031
v 1.881249 2.344369 -0.166031
v 1.856210 2.319330 -0.166031
v 1.756056 3.821655 -0.166031
v 1.756056 2.319330 -0.166031
v 1.856210 3.821655 -0.166031
v 1.881249 3.796616 -0.138486
v 1.856210 3.821655 -0.138486
v 1.756056 3.821655 -0.138486
v 1.292840 2.500863 -0.138486
v 1.292840 2.319330 -0.138486
v 1.292840 2.319330 -0.040837
v 1.292840 2.500863 -0.040837
v 1.474372 2.319330 -0.138486
v 1.474372 2.319330 -0.040837
v 1.474372 2.500863 -0.138486
v 1.474372 2.500863 -0.040837
v 1.292840 3.821655 -0.166031
v 1.474372 3.821655 -0.166031
v 1.474372 2.319330 -0.166031
v 1.292840 2.319330 -0.166031
v 1.292840 3.821655 -0.138486
v 1.474372 3.821655 -0.138486
v 1.011153 2.319330 -0.166030
v 0.910998 2.319330 -0.166030
v 0.885960 2.344369 -0.166030
v 0.910998 3.821655 -0.166030
v 0.885960 3.796616 -0.166030
v 1.011153 3.821655 -0.166030
v 0.885960 3.796616 -0.138486
v 0.885960 2.344369 -0.138486
v 0.910998 2.319330 -0.138486
v 1.011153 2.319330 -0.138486
v 1.011153 3.821655 -0.138486
v 0.910998 3.821655 -0.138486
v 0.885960 2.500863 -0.138486
v 1.011153 2.319330 -0.040837
v 1.011153 2.500863 -0.138486
v 1.011153 2.500863 -0.040837
v 0.885960 2.979727 -0.040837
v 0.885960 3.161259 -0.040837
v 1.881249 3.161259 -0.040837
v 1.881249 2.979727 -0.040837
v 0.885960 2.979727 -0.013293
v 1.881249 2.979727 -0.013293
v 1.881249 3.161259 -0.013293
v 0.885960 3.161259 -0.013293
v 0.910998 3.821655 -0.040837
v 1.856210 3.821655 -0.040837
v 1.881249 3.796616 -0.040837
v 0.885960 3.640126 -0.040837
v 1.881249 3.640126 -0.040837
v 0.885960 3.796616 -0.040837
v 0.885960 3.640126 -0.013293
v 1.881249 3.640126 -0.013293
v 0.885960 3.161259 -0.138486
v 0.885960 2.979727 -0.138486
v 1.011153 2.979727 -0.138486
v 1.011153 2.979727 -0.040837
v 1.011153 3.161259 -0.138486
v 1.011153 3.161259 -0.040837
v 1.292840 3.161259 -0.138486
v 1.292840 2.979727 -0.138486
v 1.292840 2.979727 -0.040837
v 1.292840 3.161259 -0.040837
v 1.474372 2.979727 -0.138486
v 1.474372 2.979727 -0.040837
v 1.474372 3.161259 -0.138486
v 1.474372 3.161259 -0.040837
v 1.756056 3.161259 -0.138486
v 1.756056 2.979727 -0.138486
v 1.756056 2.979727 -0.040837
v 1.756056 3.161259 -0.040837
v 1.881249 2.979727 -0.138486
v 1.881249 3.161259 -0.138486
v 1.756056 3.640126 -0.138486
v 1.756056 3.640126 -0.040837
v 1.756056 3.821655 -0.040837
v 1.881249 3.640126 -0.138486
v 1.292840 3.640126 -0.138486
v 1.292840 3.640126 -0.040837
v 1.292840 3.821655 -0.040837
v 1.474372 3.640126 -0.138486
v 1.474372 3.640126 -0.040837
v 1.474372 3.821655 -0.040837
v 0.885960 3.640126 -0.138486
v 1.011153 3.640126 -0.138486
v 1.011153 3.640126 -0.040837
v 1.011153 3.821655 -0.040837
vn -0.0000 -0.0000 -1.0000
vn -0.0000 -0.0000 1.0000
vn -1.0000 -0.0000 -0.0000
vn -0.0000 -1.0000 -0.0000
vn 1.0000 -0.0000 -0.0000
vn -0.0000 1.0000 -0.0000
vn -0.7071 -0.7071 -0.0000
vn 0.7071 -0.7071 -0.0000
vn 0.7071 0.7071 -0.0000
vn -0.7071 0.7071 -0.0000
vt 0.014100 0.567600
vt 0.014100 0.518900
vt 0.022100 0.511200
vt 0.493800 0.518900
vt 0.485800 0.511200
vt 0.493800 0.567600
vt 0.485800 0.632600
vt 0.022100 0.632600
vt 0.014100 0.624800
vt 0.014100 0.576200
vt 0.493800 0.576200
vt 0.493800 0.624800
vt 0.022100 0.502600
vt 0.485800 0.502600
vt 0.005300 0.624800
vt 0.005300 0.576200
vt 0.502600 0.576200
vt 0.502600 0.624800
vt 0.475700 0.775500
vt 0.475700 0.814000
vt 0.013800 0.814000
vt 0.013800 0.775500
vt 0.475700 0.861000
vt 0.013800 0.861000
vt 0.013800 0.822500
vt 0.475700 0.822500
vt 0.475700 0.869500
vt 0.013800 0.869500
vt 0.005300 0.861000
vt 0.005300 0.822500
vt 0.484200 0.822500
vt 0.484200 0.861000
vt 0.507400 0.151900
vt 0.507400 0.211500
vt 0.014400 0.211500
vt 0.014400 0.151900
vt 0.507400 0.280100
vt 0.014400 0.280100
vt 0.014400 0.220500
vt 0.507400 0.220500
vt 0.507400 0.289100
vt 0.014400 0.289100
vt 0.005300 0.280100
vt 0.005300 0.220500
vt 0.516500 0.220500
vt 0.516500 0.280100
vt 0.475700 0.875600
vt 0.475700 0.914100
vt 0.013800 0.914100
vt 0.013800 0.875600
vt 0.475700 0.961000
vt 0.013800 0.961000
vt 0.013800 0.922500
vt 0.475700 0.922500
vt 0.475700 0.969500
vt 0.013800 0.969500
vt 0.005300 0.961000
vt 0.005300 0.922500
vt 0.484200 0.922500
vt 0.484200 0.961000
vt 0.485800 0.770100
vt 0.022100 0.770100
vt 0.014100 0.762300
vt 0.493800 0.713700
vt 0.014100 0.713700
vt 0.493800 0.762300
vt 0.022100 0.648700
vt 0.485800 0.648700
vt 0.493800 0.656400
vt 0.493800 0.705100
vt 0.014100 0.705100
vt 0.014100 0.656400
vt 0.005300 0.762300
vt 0.005300 0.713700
vt 0.022100 0.640100
vt 0.485800 0.640100
vt 0.502600 0.713700
vt 0.502600 0.762300
vt 0.547100 0.204900
vt 0.547100 0.153100
vt 0.555400 0.144800
vt 0.876200 0.153100
vt 0.867900 0.144800
vt 0.876200 0.204900
vt 0.867900 0.274000
vt 0.555400 0.274000
vt 0.547100 0.265700
vt 0.547100 0.214000
vt 0.876200 0.214000
vt 0.876200 0.265700
vt 0.867900 0.283100
vt 0.555400 0.283100
vt 0.538000 0.265700
vt 0.538000 0.214000
vt 0.885300 0.214000
vt 0.885300 0.265700
vt 0.792900 0.904200
vt 0.706800 0.904200
vt 0.706800 0.852300
vt 0.792900 0.852300
vt 0.651700 0.904200
vt 0.651700 0.852300
vt 0.637900 0.904200
vt 0.538000 0.904200
vt 0.538000 0.852300
vt 0.637900 0.852300
vt 0.861800 0.904200
vt 0.861800 0.852300
vt 0.484200 0.495500
vt 0.022100 0.495500
vt 0.014100 0.487500
vt 0.492100 0.455700
vt 0.014100 0.455700
vt 0.492100 0.487500
vt 0.022100 0.407100
vt 0.484200 0.407100
vt 0.492100 0.415000
vt 0.492100 0.446900
vt 0.014100 0.446900
vt 0.014100 0.415000
vt 0.005300 0.446900
vt 0.005300 0.415000
vt 0.022100 0.398300
vt 0.484200 0.398300
vt 0.500900 0.415000
vt 0.500900 0.446900
vt 0.624200 0.486400
vt 0.538000 0.486400
vt 0.538000 0.440100
vt 0.624200 0.440100
vt 0.882600 0.486400
vt 0.796500 0.486400
vt 0.796500 0.440100
vt 0.882600 0.440100
vt 0.710300 0.486400
vt 0.710300 0.440100
vt 0.515900 0.003700
vt 0.515900 0.064300
vt 0.014500 0.064300
vt 0.014500 0.003700
vt 0.515900 0.134000
vt 0.014500 0.134000
vt 0.014500 0.073500
vt 0.515900 0.073500
vt 0.515900 0.143200
vt 0.014500 0.143200
vt 0.005300 0.134000
vt 0.005300 0.073500
vt 0.525100 0.073500
vt 0.525100 0.134000
vt 0.014100 0.341100
vt 0.014100 0.309200
vt 0.022100 0.301300
vt 0.492100 0.309200
vt 0.484200 0.301300
vt 0.492100 0.341100
vt 0.484200 0.389700
vt 0.022100 0.389700
vt 0.014100 0.381700
vt 0.014100 0.349900
vt 0.492100 0.349900
vt 0.492100 0.381700
vt 0.022100 0.292500
vt 0.484200 0.292500
vt 0.005300 0.381700
vt 0.005300 0.349900
vt 0.500900 0.349900
vt 0.500900 0.381700
vt 0.792900 0.742200
vt 0.706800 0.742200
vt 0.706800 0.690300
vt 0.792900 0.690300
vt 0.651700 0.742200
vt 0.651700 0.690300
vt 0.637900 0.742200
vt 0.538000 0.742200
vt 0.538000 0.690300
vt 0.637900 0.690300
vt 0.861800 0.742200
vt 0.861800 0.690300
vt 0.878600 0.298400
vt 0.878600 0.358900
vt 0.547200 0.358900
vt 0.547200 0.298400
vt 0.878600 0.428500
vt 0.547200 0.428500
vt 0.547200 0.368000
vt 0.878600 0.368000
vt 0.547200 0.289200
vt 0.878600 0.289200
vt 0.538000 0.358900
vt 0.538000 0.298400
vt 0.887800 0.298400
vt 0.887800 0.358900
vt 0.555400 0.012800
vt 0.867100 0.012800
vt 0.875300 0.021000
vt 0.547100 0.072600
vt 0.875300 0.072600
vt 0.547100 0.021000
vt 0.867100 0.141600
vt 0.555400 0.141600
vt 0.547100 0.133300
vt 0.547100 0.081700
vt 0.875300 0.081700
vt 0.875300 0.133300
vt 0.884400 0.021000
vt 0.884400 0.072600
vt 0.555400 0.003700
vt 0.867100 0.003700
vt 0.538000 0.072600
vt 0.538000 0.021000
vt 0.624200 0.632600
vt 0.538000 0.632600
vt 0.538000 0.586300
vt 0.624200 0.586300
vt 0.882600 0.632600
vt 0.796500 0.632600
vt 0.796500 0.586300
vt 0.882600 0.586300
vt 0.710300 0.632600
vt 0.710300 0.586300
vt 0.624200 0.681100
vt 0.538000 0.681100
vt 0.538000 0.634800
vt 0.624200 0.634800
vt 0.882600 0.681100
vt 0.796500 0.681100
vt 0.796500 0.634800
vt 0.882600 0.634800
vt 0.710300 0.681100
vt 0.710300 0.634800
vt 0.624200 0.535800
vt 0.538000 0.535800
vt 0.538000 0.489500
vt 0.624200 0.489500
vt 0.882600 0.535800
vt 0.796500 0.535800
vt 0.796500 0.489500
vt 0.882600 0.489500
vt 0.710300 0.535800
vt 0.710300 0.489500
vt 0.792900 0.849800
vt 0.706800 0.849800
vt 0.706800 0.798000
vt 0.792900 0.798000
vt 0.651700 0.849800
vt 0.651700 0.798000
vt 0.637900 0.849800
vt 0.538000 0.849800
vt 0.538000 0.798000
vt 0.637900 0.798000
vt 0.861800 0.849800
vt 0.861800 0.798000
vt 0.624200 0.584400
vt 0.538000 0.584400
vt 0.538000 0.538100
vt 0.624200 0.538100
vt 0.882600 0.584400
vt 0.796500 0.584400
vt 0.796500 0.538100
vt 0.882600 0.538100
vt 0.710300 0.584400
vt 0.710300 0.538100
vt 0.792900 0.795700
vt 0.706800 0.795700
vt 0.706800 0.743900
vt 0.792900 0.743900
vt 0.651700 0.795700
vt 0.651700 0.743900
vt 0.637900 0.795700
vt 0.538000 0.795700
vt 0.538000 0.743900
vt 0.637900 0.743900
vt 0.861800 0.795700
vt 0.861800 0.743900
vt 0.014100 0.632600
vt 0.005300 0.632600
vt 0.876200 0.283100
vt 0.876200 0.274000
vt 0.014100 0.389700
vt 0.005300 0.389700
vt 0.005300 0.770100
vt 0.014100 0.770100
vt 0.547100 0.274000
vt 0.547100 0.283100
vt 0.014100 0.407100
vt 0.005300 0.407100
vt 0.502600 0.770100
vt 0.493800 0.770100
vt 0.875300 0.003700
vt 0.875300 0.012800
vt 0.492100 0.407100
vt 0.500900 0.407100
vt 0.502600 0.632600
vt 0.493800 0.632600
vt 0.547100 0.003700
vt 0.547100 0.012800
vt 0.500900 0.389700
vt 0.492100 0.389700
s 1
usemtl 07___Default.012
f 1/1/1 2/2/1 3/3/1 4/4/1
f 3/3/1 5/5/1 4/4/1
f 1/1/1 4/4/1 6/6/1
f 7/7/2 8/8/2 9/9/2 10/10/2
f 7/7/2 10/10/2 11/11/2 12/12/2
f 5/5/3 3/3/3 8/13/3 7/14/3
f 2/15/4 1/16/4 10/10/4 9/9/4
f 1/1/5 6/6/5 11/11/5 10/10/5
f 6/17/6 4/18/6 12/12/6 11/11/6
f 13/19/1 14/20/1 15/21/1 16/22/1
f 17/23/2 18/24/2 19/25/2 20/26/2
f 13/27/3 16/28/3 18/24/3 17/23/3
f 16/29/4 15/30/4 19/25/4 18/24/4
f 15/21/5 14/20/5 20/26/5 19/25/5
f 14/31/6 13/32/6 17/23/6 20/26/6
f 21/33/1 22/34/1 23/35/1 24/36/1
f 25/37/2 26/38/2 27/39/2 28/40/2
f 21/41/3 24/42/3 26/38/3 25/37/3
f 24/43/4 23/44/4 27/39/4 26/38/4
f 23/35/5 22/34/5 28/40/5 27/39/5
f 22/45/6 21/46/6 25/37/6 28/40/6
f 29/47/1 30/48/1 31/49/1 32/50/1
f 33/51/2 34/52/2 35/53/2 36/54/2
f 29/55/3 32/56/3 34/52/3 33/51/3
f 32/57/4 31/58/4 35/53/4 34/52/4
f 31/49/5 30/48/5 36/54/5 35/53/5
f 30/59/6 29/60/6 33/51/6 36/54/6
f 37/61/1 38/62/1 39/63/1 40/64/1
f 39/63/1 41/65/1 40/64/1
f 37/61/1 40/64/1 42/66/1
f 43/67/2 44/68/2 45/69/2 46/70/2
f 43/67/2 46/70/2 47/71/2 48/72/2
f 40/64/3 41/65/3 47/71/3 46/70/3
f 41/65/4 39/63/4 48/73/4 47/74/4
f 38/75/5 37/76/5 44/68/5 43/67/5
f 42/66/6 40/64/6 46/77/6 45/78/6
f 49/79/1 50/80/1 51/81/1 52/82/1
f 51/81/1 53/83/1 52/82/1
f 49/79/1 52/82/1 54/84/1
f 2/85/2 39/86/2 38/87/2 55/88/2
f 2/85/2 55/88/2 56/89/2 3/90/2
f 53/91/4 51/92/4 39/86/4 2/85/4
f 50/93/5 49/94/5 55/88/5 38/87/5
f 49/79/6 54/84/6 56/89/6 55/88/6
f 54/95/3 52/96/3 3/90/3 56/89/3
f 57/97/3 58/98/3 59/99/3 60/100/3
f 58/98/4 61/101/4 51/102/4 59/99/4
f 62/103/5 63/104/5 49/105/5 50/106/5
f 63/107/6 57/97/6 60/100/6 49/108/6
f 64/109/1 65/110/1 66/111/1 67/112/1
f 66/111/1 68/113/1 67/112/1
f 64/109/1 67/112/1 69/114/1
f 62/115/2 70/116/2 71/117/2 72/118/2
f 62/115/2 72/118/2 58/119/2 61/120/2
f 67/112/3 68/113/3 58/119/3 72/118/3
f 68/121/4 66/122/4 61/120/4 58/119/4
f 65/123/5 64/124/5 70/116/5 62/115/5
f 69/125/6 67/126/6 72/118/6 71/117/6
f 73/127/3 74/128/3 75/129/3 76/130/3
f 74/131/4 77/132/4 78/133/4 75/134/4
f 77/132/5 79/135/5 80/136/5 78/133/5
f 79/135/6 73/127/6 76/130/6 80/136/6
f 81/137/1 82/138/1 83/139/1 84/140/1
f 85/141/2 74/142/2 77/143/2 86/144/2
f 81/145/3 84/146/3 74/142/3 85/141/3
f 84/147/4 83/148/4 77/143/4 74/142/4
f 83/139/5 82/138/5 86/144/5 77/143/5
f 82/149/6 81/150/6 85/141/6 86/144/6
f 87/151/1 88/152/1 89/153/1 90/154/1
f 89/153/1 91/155/1 90/154/1
f 87/151/1 90/154/1 92/156/1
f 93/157/2 94/158/2 95/159/2 96/160/2
f 93/157/2 96/160/2 97/161/2 98/162/2
f 91/155/3 89/153/3 94/163/3 93/164/3
f 88/165/4 87/166/4 96/160/4 95/159/4
f 87/151/5 92/156/5 97/161/5 96/160/5
f 92/167/6 90/168/6 98/162/6 97/161/6
f 99/169/3 94/170/3 52/171/3 54/172/3
f 95/170/4 96/173/4 100/174/4 53/171/4
f 96/175/5 101/176/5 102/177/5 100/178/5
f 101/179/6 99/169/6 54/172/6 102/180/6
f 103/181/1 104/182/1 105/183/1 106/184/1
f 107/185/2 108/186/2 109/187/2 110/188/2
f 103/181/4 106/184/4 108/189/4 107/190/4
f 106/184/5 105/183/5 109/191/5 108/192/5
f 105/183/6 104/182/6 110/188/6 109/187/6
f 104/182/3 103/181/3 107/193/3 110/194/3
f 111/195/1 112/196/1 113/197/1 114/198/1
f 113/197/1 115/199/1 114/198/1
f 111/195/1 114/198/1 116/200/1
f 42/201/2 4/202/2 5/203/2 117/204/2
f 42/201/2 117/204/2 118/205/2 37/206/2
f 114/198/4 115/199/4 118/205/4 117/204/4
f 115/199/5 113/197/5 37/207/5 118/208/5
f 112/196/6 111/195/6 4/209/6 42/210/6
f 116/200/3 114/198/3 117/211/3 5/212/3
f 119/213/3 120/214/3 103/215/3 104/216/3
f 120/217/4 121/218/4 122/219/4 103/220/4
f 121/218/5 123/221/5 124/222/5 122/219/5
f 123/221/6 119/213/6 104/216/6 124/222/6
f 125/223/3 126/224/3 127/225/3 128/226/3
f 126/227/4 129/228/4 130/229/4 127/230/4
f 129/228/5 131/231/5 132/232/5 130/229/5
f 131/231/6 125/223/6 128/226/6 132/232/6
f 133/233/3 134/234/3 135/235/3 136/236/3
f 134/237/4 137/238/4 106/239/4 135/240/4
f 137/238/5 138/241/5 105/242/5 106/239/5
f 138/241/6 133/233/6 136/236/6 105/242/6
f 72/243/3 139/244/3 140/245/3 141/246/3
f 139/244/4 142/247/4 115/248/4 140/245/4
f 142/249/5 70/250/5 113/251/5 115/252/5
f 71/253/6 72/243/6 141/246/6 112/254/6
f 85/255/3 143/256/3 144/257/3 145/258/3
f 143/259/4 146/260/4 147/261/4 144/262/4
f 146/260/5 86/263/5 148/264/5 147/261/5
f 86/263/6 85/255/6 145/258/6 148/264/6
f 93/265/3 149/266/3 114/267/3 116/268/3
f 149/266/4 150/269/4 151/270/4 114/267/4
f 150/271/5 97/272/5 152/273/5 151/274/5
f 97/275/6 98/265/6 111/268/6 152/276/6
f 9/9/7 8/277/7 3/278/7 2/15/7
f 52/279/7 53/91/7 2/85/7 3/280/7
f 53/178/7 52/174/7 94/173/7 95/175/7
f 95/159/7 94/281/7 89/282/7 88/165/7
f 43/283/8 48/73/8 39/63/8 38/284/8
f 50/106/8 51/102/8 61/101/8 62/103/8
f 38/285/8 39/86/8 51/92/8 50/286/8
f 62/287/8 61/120/8 66/122/8 65/288/8
f 45/78/9 44/289/9 37/290/9 42/66/9
f 42/210/9 37/291/9 113/292/9 112/196/9
f 112/252/9 113/248/9 70/247/9 71/249/9
f 71/117/9 70/293/9 64/294/9 69/125/9
f 4/18/10 5/295/10 7/296/10 12/12/10
f 5/297/10 4/209/10 111/195/10 116/298/10
f 98/274/10 93/270/10 116/269/10 111/271/10
f 90/168/10 91/299/10 93/300/10 98/162/10
o Europalette.001
v 1.890870 1.512256 -0.013293
v 1.890870 1.355763 -0.013293
v 1.865832 1.330724 -0.013293
v 0.388546 1.355763 -0.013293
v 0.413584 1.330724 -0.013293
v 0.388546 1.512256 -0.013293
v 0.413584 1.330724 0.014249
v 1.865832 1.330724 0.014249
v 1.890870 1.355763 0.014249
v 1.890870 1.512256 0.014249
v 0.388546 1.512256 0.014249
v 0.388546 1.355763 0.014249
v 0.388546 1.562334 -0.013293
v 0.388546 1.687527 -0.013293
v 1.890870 1.687527 -0.013293
v 1.890870 1.562334 -0.013293
v 0.388546 1.562334 0.014249
v 1.890870 1.562334 0.014249
v 1.890870 1.687527 0.014249
v 0.388546 1.687527 0.014249
v 0.388546 1.737604 -0.013293
v 0.388546 1.919137 -0.013293
v 1.890870 1.919137 -0.013293
v 1.890870 1.737604 -0.013293
v 0.388546 1.737604 0.014249
v 1.890870 1.737604 0.014249
v 1.890870 1.919137 0.014249
v 0.388546 1.919137 0.014249
v 0.388546 1.969214 -0.013293
v 0.388546 2.094408 -0.013293
v 1.890870 2.094408 -0.013293
v 1.890870 1.969214 -0.013293
v 0.388546 1.969214 0.014249
v 1.890870 1.969214 0.014249
v 1.890870 2.094408 0.014249
v 0.388546 2.094408 0.014249
v 0.413584 2.326014 -0.013293
v 1.865832 2.326014 -0.013293
v 1.890870 2.300975 -0.013293
v 0.388546 2.144485 -0.013293
v 1.890870 2.144485 -0.013293
v 0.388546 2.300975 -0.013293
v 1.865832 2.326014 0.014249
v 0.413584 2.326014 0.014249
v 0.388546 2.300975 0.014249
v 0.388546 2.144485 0.014249
v 1.890870 2.144485 0.014249
v 1.890870 2.300975 0.014249
v 1.709338 2.326014 -0.040837
v 1.865832 2.326014 -0.040837
v 1.890870 2.300975 -0.040837
v 1.865832 1.330724 -0.040837
v 1.890870 1.355763 -0.040837
v 1.709338 1.330724 -0.040837
v 1.709338 2.326014 -0.013293
v 1.709338 1.330724 -0.013293
v 1.709338 2.200820 -0.138486
v 1.890870 2.200820 -0.138486
v 1.890870 2.200820 -0.040837
v 1.709338 2.200820 -0.040837
v 1.890870 2.300975 -0.138486
v 1.865832 2.326014 -0.138486
v 1.709338 2.326014 -0.138486
v 0.413584 2.326014 -0.166031
v 1.865832 2.326014 -0.166031
v 1.890870 2.300975 -0.166031
v 0.388546 2.200820 -0.166031
v 1.890870 2.200820 -0.166031
v 0.388546 2.300975 -0.166031
v 0.413584 2.326014 -0.138486
v 0.388546 2.300975 -0.138486
v 0.388546 2.200820 -0.138486
v 1.709338 1.737604 -0.138486
v 1.890870 1.737604 -0.138486
v 1.890870 1.737604 -0.040837
v 1.709338 1.737604 -0.040837
v 1.890870 1.919137 -0.138486
v 1.890870 1.919137 -0.040837
v 1.709338 1.919137 -0.138486
v 1.709338 1.919137 -0.040837
v 0.388546 1.737604 -0.166031
v 0.388546 1.919137 -0.166031
v 1.890870 1.919137 -0.166031
v 1.890870 1.737604 -0.166031
v 0.388546 1.737604 -0.138486
v 0.388546 1.919137 -0.138486
v 1.890870 1.455918 -0.166030
v 1.890870 1.355763 -0.166030
v 1.865832 1.330724 -0.166030
v 0.388546 1.355763 -0.166030
v 0.413584 1.330724 -0.166030
v 0.388546 1.455918 -0.166030
v 0.413584 1.330724 -0.138486
v 1.865832 1.330724 -0.138486
v 1.890870 1.355763 -0.138486
v 1.890870 1.455918 -0.138486
v 0.388546 1.455918 -0.138486
v 0.388546 1.355763 -0.138486
v 1.709338 1.330724 -0.138486
v 1.890870 1.455918 -0.040837
v 1.709338 1.455918 -0.138486
v 1.709338 1.455918 -0.040837
v 1.230474 1.330724 -0.040837
v 1.048942 1.330724 -0.040837
v 1.048942 2.326014 -0.040837
v 1.230474 2.326014 -0.040837
v 1.230474 1.330724 -0.013293
v 1.230474 2.326014 -0.013293
v 1.048942 2.326014 -0.013293
v 1.048942 1.330724 -0.013293
v 0.388546 1.355763 -0.040837
v 0.388546 2.300975 -0.040837
v 0.413584 2.326014 -0.040837
v 0.570075 1.330724 -0.040837
v 0.570075 2.326014 -0.040837
v 0.413584 1.330724 -0.040837
v 0.570075 1.330724 -0.013293
v 0.570075 2.326014 -0.013293
v 1.048942 1.330724 -0.138486
v 1.230474 1.330724 -0.138486
v 1.230474 1.455918 -0.138486
v 1.230474 1.455918 -0.040837
v 1.048942 1.455918 -0.138486
v 1.048942 1.455918 -0.040837
v 1.048942 1.737604 -0.138486
v 1.230474 1.737604 -0.138486
v 1.230474 1.737604 -0.040837
v 1.048942 1.737604 -0.040837
v 1.230474 1.919137 -0.138486
v 1.230474 1.919137 -0.040837
v 1.048942 1.919137 -0.138486
v 1.048942 1.919137 -0.040837
v 1.048942 2.200820 -0.138486
v 1.230474 2.200820 -0.138486
v 1.230474 2.200820 -0.040837
v 1.048942 2.200820 -0.040837
v 1.230474 2.326014 -0.138486
v 1.048942 2.326014 -0.138486
v 0.570075 2.200820 -0.138486
v 0.570075 2.200820 -0.040837
v 0.388546 2.200820 -0.040837
v 0.570075 2.326014 -0.138486
v 0.570075 1.737604 -0.138486
v 0.570075 1.737604 -0.040837
v 0.388546 1.737604 -0.040837
v 0.570075 1.919137 -0.138486
v 0.570075 1.919137 -0.040837
v 0.388546 1.919137 -0.040837
v 0.570075 1.330724 -0.138486
v 0.570075 1.455918 -0.138486
v 0.570075 1.455918 -0.040837
v 0.388546 1.455918 -0.040837
vn -0.0000 -0.0000 -1.0000
vn -0.0000 -0.0000 1.0000
vn -0.0000 -1.0000 -0.0000
vn 1.0000 -0.0000 -0.0000
vn -0.0000 1.0000 -0.0000
vn -1.0000 -0.0000 -0.0000
vn 0.7071 -0.7071 -0.0000
vn 0.7071 0.7071 -0.0000
vn -0.7071 0.7071 -0.0000
vn -0.7071 -0.7071 -0.0000
vt 0.014100 0.567600
vt 0.014100 0.518900
vt 0.022100 0.511200
vt 0.493800 0.518900
vt 0.485800 0.511200
vt 0.493800 0.567600
vt 0.485800 0.632600
vt 0.022100 0.632600
vt 0.014100 0.624800
vt 0.014100 0.576200
vt 0.493800 0.576200
vt 0.493800 0.624800
vt 0.022100 0.502600
vt 0.485800 0.502600
vt 0.005300 0.624800
vt 0.005300 0.576200
vt 0.502600 0.576200
vt 0.502600 0.624800
vt 0.475700 0.775500
vt 0.475700 0.814000
vt 0.013800 0.814000
vt 0.013800 0.775500
vt 0.475700 0.861000
vt 0.013800 0.861000
vt 0.013800 0.822500
vt 0.475700 0.822500
vt 0.475700 0.869500
vt 0.013800 0.869500
vt 0.005300 0.861000
vt 0.005300 0.822500
vt 0.484200 0.822500
vt 0.484200 0.861000
vt 0.507400 0.151900
vt 0.507400 0.211500
vt 0.014400 0.211500
vt 0.014400 0.151900
vt 0.507400 0.280100
vt 0.014400 0.280100
vt 0.014400 0.220500
vt 0.507400 0.220500
vt 0.507400 0.289100
vt 0.014400 0.289100
vt 0.005300 0.280100
vt 0.005300 0.220500
vt 0.516500 0.220500
vt 0.516500 0.280100
vt 0.475700 0.875600
vt 0.475700 0.914100
vt 0.013800 0.914100
vt 0.013800 0.875600
vt 0.475700 0.961000
vt 0.013800 0.961000
vt 0.013800 0.922500
vt 0.475700 0.922500
vt 0.475700 0.969500
vt 0.013800 0.969500
vt 0.005300 0.961000
vt 0.005300 0.922500
vt 0.484200 0.922500
vt 0.484200 0.961000
vt 0.485800 0.770100
vt 0.022100 0.770100
vt 0.014100 0.762300
vt 0.493800 0.713700
vt 0.014100 0.713700
vt 0.493800 0.762300
vt 0.022100 0.648700
vt 0.485800 0.648700
vt 0.493800 0.656400
vt 0.493800 0.705100
vt 0.014100 0.705100
vt 0.014100 0.656400
vt 0.005300 0.762300
vt 0.005300 0.713700
vt 0.022100 0.640100
vt 0.485800 0.640100
vt 0.502600 0.713700
vt 0.502600 0.762300
vt 0.547100 0.204900
vt 0.547100 0.153100
vt 0.555400 0.144800
vt 0.876200 0.153100
vt 0.867900 0.144800
vt 0.876200 0.204900
vt 0.867900 0.274000
vt 0.555400 0.274000
vt 0.547100 0.265700
vt 0.547100 0.214000
vt 0.876200 0.214000
vt 0.876200 0.265700
vt 0.867900 0.283100
vt 0.555400 0.283100
vt 0.538000 0.265700
vt 0.538000 0.214000
vt 0.885300 0.214000
vt 0.885300 0.265700
vt 0.792900 0.904200
vt 0.706800 0.904200
vt 0.706800 0.852300
vt 0.792900 0.852300
vt 0.651700 0.904200
vt 0.651700 0.852300
vt 0.637900 0.904200
vt 0.538000 0.904200
vt 0.538000 0.852300
vt 0.637900 0.852300
vt 0.861800 0.904200
vt 0.861800 0.852300
vt 0.484200 0.495500
vt 0.022100 0.495500
vt 0.014100 0.487500
vt 0.492100 0.455700
vt 0.014100 0.455700
vt 0.492100 0.487500
vt 0.022100 0.407100
vt 0.484200 0.407100
vt 0.492100 0.415000
vt 0.492100 0.446900
vt 0.014100 0.446900
vt 0.014100 0.415000
vt 0.005300 0.446900
vt 0.005300 0.415000
vt 0.022100 0.398300
vt 0.484200 0.398300
vt 0.500900 0.415000
vt 0.500900 0.446900
vt 0.624200 0.486400
vt 0.538000 0.486400
vt 0.538000 0.440100
vt 0.624200 0.440100
vt 0.882600 0.486400
vt 0.796500 0.486400
vt 0.796500 0.440100
vt 0.882600 0.440100
vt 0.710300 0.486400
vt 0.710300 0.440100
vt 0.515900 0.003700
vt 0.515900 0.064300
vt 0.014500 0.064300
vt 0.014500 0.003700
vt 0.515900 0.134000
vt 0.014500 0.134000
vt 0.014500 0.073500
vt 0.515900 0.073500
vt 0.515900 0.143200
vt 0.014500 0.143200
vt 0.005300 0.134000
vt 0.005300 0.073500
vt 0.525100 0.073500
vt 0.525100 0.134000
vt 0.014100 0.341100
vt 0.014100 0.309200
vt 0.022100 0.301300
vt 0.492100 0.309200
vt 0.484200 0.301300
vt 0.492100 0.341100
vt 0.484200 0.389700
vt 0.022100 0.389700
vt 0.014100 0.381700
vt 0.014100 0.349900
vt 0.492100 0.349900
vt 0.492100 0.381700
vt 0.022100 0.292500
vt 0.484200 0.292500
vt 0.005300 0.381700
vt 0.005300 0.349900
vt 0.500900 0.349900
vt 0.500900 0.381700
vt 0.792900 0.742200
vt 0.706800 0.742200
vt 0.706800 0.690300
vt 0.792900 0.690300
vt 0.651700 0.742200
vt 0.651700 0.690300
vt 0.637900 0.742200
vt 0.538000 0.742200
vt 0.538000 0.690300
vt 0.637900 0.690300
vt 0.861800 0.742200
vt 0.861800 0.690300
vt 0.878600 0.298400
vt 0.878600 0.358900
vt 0.547200 0.358900
vt 0.547200 0.298400
vt 0.878600 0.428500
vt 0.547200 0.428500
vt 0.547200 0.368000
vt 0.878600 0.368000
vt 0.547200 0.289200
vt 0.878600 0.289200
vt 0.538000 0.358900
vt 0.538000 0.298400
vt 0.887800 0.298400
vt 0.887800 0.358900
vt 0.555400 0.012800
vt 0.867100 0.012800
vt 0.875300 0.021000
vt 0.547100 0.072600
vt 0.875300 0.072600
vt 0.547100 0.021000
vt 0.867100 0.141600
vt 0.555400 0.141600
vt 0.547100 0.133300
vt 0.547100 0.081700
vt 0.875300 0.081700
vt 0.875300 0.133300
vt 0.884400 0.021000
vt 0.884400 0.072600
vt 0.555400 0.003700
vt 0.867100 0.003700
vt 0.538000 0.072600
vt 0.538000 0.021000
vt 0.624200 0.632600
vt 0.538000 0.632600
vt 0.538000 0.586300
vt 0.624200 0.586300
vt 0.882600 0.632600
vt 0.796500 0.632600
vt 0.796500 0.586300
vt 0.882600 0.586300
vt 0.710300 0.632600
vt 0.710300 0.586300
vt 0.624200 0.681100
vt 0.538000 0.681100
vt 0.538000 0.634800
vt 0.624200 0.634800
vt 0.882600 0.681100
vt 0.796500 0.681100
vt 0.796500 0.634800
vt 0.882600 0.634800
vt 0.710300 0.681100
vt 0.710300 0.634800
vt 0.624200 0.535800
vt 0.538000 0.535800
vt 0.538000 0.489500
vt 0.624200 0.489500
vt 0.882600 0.535800
vt 0.796500 0.535800
vt 0.796500 0.489500
vt 0.882600 0.489500
vt 0.710300 0.535800
vt 0.710300 0.489500
vt 0.792900 0.849800
vt 0.706800 0.849800
vt 0.706800 0.798000
vt 0.792900 0.798000
vt 0.651700 0.849800
vt 0.651700 0.798000
vt 0.637900 0.849800
vt 0.538000 0.849800
vt 0.538000 0.798000
vt 0.637900 0.798000
vt 0.861800 0.849800
vt 0.861800 0.798000
vt 0.624200 0.584400
vt 0.538000 0.584400
vt 0.538000 0.538100
vt 0.624200 0.538100
vt 0.882600 0.584400
vt 0.796500 0.584400
vt 0.796500 0.538100
vt 0.882600 0.538100
vt 0.710300 0.584400
vt 0.710300 0.538100
vt 0.792900 0.795700
vt 0.706800 0.795700
vt 0.706800 0.743900
vt 0.792900 0.743900
vt 0.651700 0.795700
vt 0.651700 0.743900
vt 0.637900 0.795700
vt 0.538000 0.795700
vt 0.538000 0.743900
vt 0.637900 0.743900
vt 0.861800 0.795700
vt 0.861800 0.743900
vt 0.014100 0.632600
vt 0.005300 0.632600
vt 0.876200 0.283100
vt 0.876200 0.274000
vt 0.014100 0.389700
vt 0.005300 0.389700
vt 0.005300 0.770100
vt 0.014100 0.770100
vt 0.547100 0.274000
vt 0.547100 0.283100
vt 0.014100 0.407100
vt 0.005300 0.407100
vt 0.502600 0.770100
vt 0.493800 0.770100
vt 0.875300 0.003700
vt 0.875300 0.012800
vt 0.492100 0.407100
vt 0.500900 0.407100
vt 0.502600 0.632600
vt 0.493800 0.632600
vt 0.547100 0.003700
vt 0.547100 0.012800
vt 0.500900 0.389700
vt 0.492100 0.389700
s 1
usemtl 07___Default.013
f 153/301/11 154/302/11 155/303/11 156/304/11
f 155/303/11 157/305/11 156/304/11
f 153/301/11 156/304/11 158/306/11
f 159/307/12 160/308/12 161/309/12 162/310/12
f 159/307/12 162/310/12 163/311/12 164/312/12
f 157/305/13 155/303/13 160/313/13 159/314/13
f 154/315/14 153/316/14 162/310/14 161/309/14
f 153/301/15 158/306/15 163/311/15 162/310/15
f 158/317/16 156/318/16 164/312/16 163/311/16
f 165/319/11 166/320/11 167/321/11 168/322/11
f 169/323/12 170/324/12 171/325/12 172/326/12
f 165/327/13 168/328/13 170/324/13 169/323/13
f 168/329/14 167/330/14 171/325/14 170/324/14
f 167/321/15 166/320/15 172/326/15 171/325/15
f 166/331/16 165/332/16 169/323/16 172/326/16
f 173/333/11 174/334/11 175/335/11 176/336/11
f 177/337/12 178/338/12 179/339/12 180/340/12
f 173/341/13 176/342/13 178/338/13 177/337/13
f 176/343/14 175/344/14 179/339/14 178/338/14
f 175/335/15 174/334/15 180/340/15 179/339/15
f 174/345/16 173/346/16 177/337/16 180/340/16
f 181/347/11 182/348/11 183/349/11 184/350/11
f 185/351/12 186/352/12 187/353/12 188/354/12
f 181/355/13 184/356/13 186/352/13 185/351/13
f 184/357/14 183/358/14 187/353/14 186/352/14
f 183/349/15 182/348/15 188/354/15 187/353/15
f 182/359/16 181/360/16 185/351/16 188/354/16
f 189/361/11 190/362/11 191/363/11 192/364/11
f 191/363/11 193/365/11 192/364/11
f 189/361/11 192/364/11 194/366/11
f 195/367/12 196/368/12 197/369/12 198/370/12
f 195/367/12 198/370/12 199/371/12 200/372/12
f 192/364/13 193/365/13 199/371/13 198/370/13
f 193/365/14 191/363/14 200/373/14 199/374/14
f 190/375/15 189/376/15 196/368/15 195/367/15
f 194/366/16 192/364/16 198/377/16 197/378/16
f 201/379/11 202/380/11 203/381/11 204/382/11
f 203/381/11 205/383/11 204/382/11
f 201/379/11 204/382/11 206/384/11
f 154/385/12 191/386/12 190/387/12 207/388/12
f 154/385/12 207/388/12 208/389/12 155/390/12
f 205/391/14 203/392/14 191/386/14 154/385/14
f 202/393/15 201/394/15 207/388/15 190/387/15
f 201/379/16 206/384/16 208/389/16 207/388/16
f 206/395/13 204/396/13 155/390/13 208/389/13
f 209/397/13 210/398/13 211/399/13 212/400/13
f 210/398/14 213/401/14 203/402/14 211/399/14
f 214/403/15 215/404/15 201/405/15 202/406/15
f 215/407/16 209/397/16 212/400/16 201/408/16
f 216/409/11 217/410/11 218/411/11 219/412/11
f 218/411/11 220/413/11 219/412/11
f 216/409/11 219/412/11 221/414/11
f 214/415/12 222/416/12 223/417/12 224/418/12
f 214/415/12 224/418/12 210/419/12 213/420/12
f 219/412/13 220/413/13 210/419/13 224/418/13
f 220/421/14 218/422/14 213/420/14 210/419/14
f 217/423/15 216/424/15 222/416/15 214/415/15
f 221/425/16 219/426/16 224/418/16 223/417/16
f 225/427/13 226/428/13 227/429/13 228/430/13
f 226/431/14 229/432/14 230/433/14 227/434/14
f 229/432/15 231/435/15 232/436/15 230/433/15
f 231/435/16 225/427/16 228/430/16 232/436/16
f 233/437/11 234/438/11 235/439/11 236/440/11
f 237/441/12 226/442/12 229/443/12 238/444/12
f 233/445/13 236/446/13 226/442/13 237/441/13
f 236/447/14 235/448/14 229/443/14 226/442/14
f 235/439/15 234/438/15 238/444/15 229/443/15
f 234/449/16 233/450/16 237/441/16 238/444/16
f 239/451/11 240/452/11 241/453/11 242/454/11
f 241/453/11 243/455/11 242/454/11
f 239/451/11 242/454/11 244/456/11
f 245/457/12 246/458/12 247/459/12 248/460/12
f 245/457/12 248/460/12 249/461/12 250/462/12
f 243/455/13 241/453/13 246/463/13 245/464/13
f 240/465/14 239/466/14 248/460/14 247/459/14
f 239/451/15 244/456/15 249/461/15 248/460/15
f 244/467/16 242/468/16 250/462/16 249/461/16
f 251/469/13 246/470/13 204/471/13 206/472/13
f 247/470/14 248/473/14 252/474/14 205/471/14
f 248/475/15 253/476/15 254/477/15 252/478/15
f 253/479/16 251/469/16 206/472/16 254/480/16
f 255/481/11 256/482/11 257/483/11 258/484/11
f 259/485/12 260/486/12 261/487/12 262/488/12
f 255/481/14 258/484/14 260/489/14 259/490/14
f 258/484/15 257/483/15 261/491/15 260/492/15
f 257/483/16 256/482/16 262/488/16 261/487/16
f 256/482/13 255/481/13 259/493/13 262/494/13
f 263/495/11 264/496/11 265/497/11 266/498/11
f 265/497/11 267/499/11 266/498/11
f 263/495/11 266/498/11 268/500/11
f 194/501/12 156/502/12 157/503/12 269/504/12
f 194/501/12 269/504/12 270/505/12 189/506/12
f 266/498/14 267/499/14 270/505/14 269/504/14
f 267/499/15 265/497/15 189/507/15 270/508/15
f 264/496/16 263/495/16 156/509/16 194/510/16
f 268/500/13 266/498/13 269/511/13 157/512/13
f 271/513/13 272/514/13 255/515/13 256/516/13
f 272/517/14 273/518/14 274/519/14 255/520/14
f 273/518/15 275/521/15 276/522/15 274/519/15
f 275/521/16 271/513/16 256/516/16 276/522/16
f 277/523/13 278/524/13 279/525/13 280/526/13
f 278/527/14 281/528/14 282/529/14 279/530/14
f 281/528/15 283/531/15 284/532/15 282/529/15
f 283/531/16 277/523/16 280/526/16 284/532/16
f 285/533/13 286/534/13 287/535/13 288/536/13
f 286/537/14 289/538/14 258/539/14 287/540/14
f 289/538/15 290/541/15 257/542/15 258/539/15
f 290/541/16 285/533/16 288/536/16 257/542/16
f 224/543/13 291/544/13 292/545/13 293/546/13
f 291/544/14 294/547/14 267/548/14 292/545/14
f 294/549/15 222/550/15 265/551/15 267/552/15
f 223/553/16 224/543/16 293/546/16 264/554/16
f 237/555/13 295/556/13 296/557/13 297/558/13
f 295/559/14 298/560/14 299/561/14 296/562/14
f 298/560/15 238/563/15 300/564/15 299/561/15
f 238/563/16 237/555/16 297/558/16 300/564/16
f 245/565/13 301/566/13 266/567/13 268/568/13
f 301/566/14 302/569/14 303/570/14 266/567/14
f 302/571/15 249/572/15 304/573/15 303/574/15
f 249/575/16 250/565/16 263/568/16 304/576/16
f 161/309/17 160/577/17 155/578/17 154/315/17
f 204/579/17 205/391/17 154/385/17 155/580/17
f 205/478/17 204/474/17 246/473/17 247/475/17
f 247/459/17 246/581/17 241/582/17 240/465/17
f 195/583/18 200/373/18 191/363/18 190/584/18
f 202/406/18 203/402/18 213/401/18 214/403/18
f 190/585/18 191/386/18 203/392/18 202/586/18
f 214/587/18 213/420/18 218/422/18 217/588/18
f 197/378/19 196/589/19 189/590/19 194/366/19
f 194/510/19 189/591/19 265/592/19 264/496/19
f 264/552/19 265/548/19 222/547/19 223/549/19
f 223/417/19 222/593/19 216/594/19 221/425/19
f 156/318/20 157/595/20 159/596/20 164/312/20
f 157/597/20 156/509/20 263/495/20 268/598/20
f 250/574/20 245/570/20 268/569/20 263/571/20
f 242/468/20 243/599/20 245/600/20 250/462/20
o Europalette.002
v 1.067492 2.319330 0.152072
v 0.910998 2.319330 0.152072
v 0.885960 2.344369 0.152072
v 0.910998 3.821655 0.152072
v 0.885960 3.796616 0.152072
v 1.067492 3.821655 0.152072
v 0.885960 3.796616 0.179614
v 0.885960 2.344369 0.179614
v 0.910998 2.319330 0.179614
v 1.067492 2.319330 0.179614
v 1.067492 3.821655 0.179614
v 0.910998 3.821655 0.179614
v 1.117569 3.821655 0.152072
v 1.242762 3.821655 0.152072
v 1.242762 2.319330 0.152072
v 1.117569 2.319330 0.152072
v 1.117569 3.821655 0.179614
v 1.117569 2.319330 0.179614
v 1.242762 2.319330 0.179614
v 1.242762 3.821655 0.179614
v 1.292840 3.821655 0.152072
v 1.474372 3.821655 0.152072
v 1.474372 2.319330 0.152072
v 1.292840 2.319330 0.152072
v 1.292840 3.821655 0.179614
v 1.292840 2.319330 0.179614
v 1.474372 2.319330 0.179614
v 1.474372 3.821655 0.179614
v 1.524449 3.821655 0.152072
v 1.649643 3.821655 0.152072
v 1.649643 2.319330 0.152072
v 1.524449 2.319330 0.152072
v 1.524449 3.821655 0.179614
v 1.524449 2.319330 0.179614
v 1.649643 2.319330 0.179614
v 1.649643 3.821655 0.179614
v 1.881249 3.796616 0.152072
v 1.881249 2.344369 0.152072
v 1.856210 2.319330 0.152072
v 1.699720 3.821655 0.152072
v 1.699720 2.319330 0.152072
v 1.856210 3.821655 0.152072
v 1.881249 2.344369 0.179614
v 1.881249 3.796616 0.179614
v 1.856210 3.821655 0.179614
v 1.699720 3.821655 0.179614
v 1.699720 2.319330 0.179614
v 1.856210 2.319330 0.179614
v 1.881249 2.500863 0.124528
v 1.881249 2.344369 0.124528
v 1.856210 2.319330 0.124528
v 0.885960 2.344369 0.124528
v 0.910998 2.319330 0.124528
v 0.885960 2.500863 0.124528
v 1.881249 2.500863 0.152072
v 0.885960 2.500863 0.152072
v 1.756056 2.500863 0.026879
v 1.756056 2.319330 0.026879
v 1.756056 2.319330 0.124528
v 1.756056 2.500863 0.124528
v 1.856210 2.319330 0.026879
v 1.881249 2.344369 0.026879
v 1.881249 2.500863 0.026879
v 1.881249 3.796616 -0.000666
v 1.881249 2.344369 -0.000666
v 1.856210 2.319330 -0.000666
v 1.756056 3.821655 -0.000666
v 1.756056 2.319330 -0.000666
v 1.856210 3.821655 -0.000666
v 1.881249 3.796616 0.026879
v 1.856210 3.821655 0.026879
v 1.756056 3.821655 0.026879
v 1.292840 2.500863 0.026879
v 1.292840 2.319330 0.026879
v 1.292840 2.319330 0.124528
v 1.292840 2.500863 0.124528
v 1.474372 2.319330 0.026879
v 1.474372 2.319330 0.124528
v 1.474372 2.500863 0.026879
v 1.474372 2.500863 0.124528
v 1.292840 3.821655 -0.000666
v 1.474372 3.821655 -0.000666
v 1.474372 2.319330 -0.000666
v 1.292840 2.319330 -0.000666
v 1.292840 3.821655 0.026879
v 1.474372 3.821655 0.026879
v 1.011153 2.319330 -0.000666
v 0.910998 2.319330 -0.000666
v 0.885960 2.344369 -0.000666
v 0.910998 3.821655 -0.000666
v 0.885960 3.796616 -0.000666
v 1.011153 3.821655 -0.000666
v 0.885960 3.796616 0.026879
v 0.885960 2.344369 0.026879
v 0.910998 2.319330 0.026879
v 1.011153 2.319330 0.026879
v 1.011153 3.821655 0.026879
v 0.910998 3.821655 0.026879
v 0.885960 2.500863 0.026879
v 1.011153 2.319330 0.124528
v 1.011153 2.500863 0.026879
v 1.011153 2.500863 0.124528
v 0.885960 2.979727 0.124528
v 0.885960 3.161259 0.124528
v 1.881249 3.161259 0.124528
v 1.881249 2.979727 0.124528
v 0.885960 2.979727 0.152072
v 1.881249 2.979727 0.152072
v 1.881249 3.161259 0.152072
v 0.885960 3.161259 0.152072
v 0.910998 3.821655 0.124528
v 1.856210 3.821655 0.124528
v 1.881249 3.796616 0.124528
v 0.885960 3.640126 0.124528
v 1.881249 3.640126 0.124528
v 0.885960 3.796616 0.124528
v 0.885960 3.640126 0.152072
v 1.881249 3.640126 0.152072
v 0.885960 3.161259 0.026879
v 0.885960 2.979727 0.026879
v 1.011153 2.979727 0.026879
v 1.011153 2.979727 0.124528
v 1.011153 3.161259 0.026879
v 1.011153 3.161259 0.124528
v 1.292840 3.161259 0.026879
v 1.292840 2.979727 0.026879
v 1.292840 2.979727 0.124528
v 1.292840 3.161259 0.124528
v 1.474372 2.979727 0.026879
v 1.474372 2.979727 0.124528
v 1.474372 3.161259 0.026879
v 1.474372 3.161259 0.124528
v 1.756056 3.161259 0.026879
v 1.756056 2.979727 0.026879
v 1.756056 2.979727 0.124528
v 1.756056 3.161259 0.124528
v 1.881249 2.979727 0.026879
v 1.881249 3.161259 0.026879
v 1.756056 3.640126 0.026879
v 1.756056 3.640126 0.124528
v 1.756056 3.821655 0.124528
v 1.881249 3.640126 0.026879
v 1.292840 3.640126 0.026879
v 1.292840 3.640126 0.124528
v 1.292840 3.821655 0.124528
v 1.474372 3.640126 0.026879
v 1.474372 3.640126 0.124528
v 1.474372 3.821655 0.124528
v 0.885960 3.640126 0.026879
v 1.011153 3.640126 0.026879
v 1.011153 3.640126 0.124528
v 1.011153 3.821655 0.124528
vn -0.0000 -0.0000 -1.0000
vn -0.0000 -0.0000 1.0000
vn -1.0000 -0.0000 -0.0000
vn -0.0000 -1.0000 -0.0000
vn 1.0000 -0.0000 -0.0000
vn -0.0000 1.0000 -0.0000
vn -0.7071 -0.7071 -0.0000
vn 0.7071 -0.7071 -0.0000
vn 0.7071 0.7071 -0.0000
vn -0.7071 0.7071 -0.0000
vt 0.014100 0.567600
vt 0.014100 0.518900
vt 0.022100 0.511200
vt 0.493800 0.518900
vt 0.485800 0.511200
vt 0.493800 0.567600
vt 0.485800 0.632600
vt 0.022100 0.632600
vt 0.014100 0.624800
vt 0.014100 0.576200
vt 0.493800 0.576200
vt 0.493800 0.624800
vt 0.022100 0.502600
vt 0.485800 0.502600
vt 0.005300 0.624800
vt 0.005300 0.576200
vt 0.502600 0.576200
vt 0.502600 0.624800
vt 0.475700 0.775500
vt 0.475700 0.814000
vt 0.013800 0.814000
vt 0.013800 0.775500
vt 0.475700 0.861000
vt 0.013800 0.861000
vt 0.013800 0.822500
vt 0.475700 0.822500
vt 0.475700 0.869500
vt 0.013800 0.869500
vt 0.005300 0.861000
vt 0.005300 0.822500
vt 0.484200 0.822500
vt 0.484200 0.861000
vt 0.507400 0.151900
vt 0.507400 0.211500
vt 0.014400 0.211500
vt 0.014400 0.151900
vt 0.507400 0.280100
vt 0.014400 0.280100
vt 0.014400 0.220500
vt 0.507400 0.220500
vt 0.507400 0.289100
vt 0.014400 0.289100
vt 0.005300 0.280100
vt 0.005300 0.220500
vt 0.516500 0.220500
vt 0.516500 0.280100
vt 0.475700 0.875600
vt 0.475700 0.914100
vt 0.013800 0.914100
vt 0.013800 0.875600
vt 0.475700 0.961000
vt 0.013800 0.961000
vt 0.013800 0.922500
vt 0.475700 0.922500
vt 0.475700 0.969500
vt 0.013800 0.969500
vt 0.005300 0.961000
vt 0.005300 0.922500
vt 0.484200 0.922500
vt 0.484200 0.961000
vt 0.485800 0.770100
vt 0.022100 0.770100
vt 0.014100 0.762300
vt 0.493800 0.713700
vt 0.014100 0.713700
vt 0.493800 0.762300
vt 0.022100 0.648700
vt 0.485800 0.648700
vt 0.493800 0.656400
vt 0.493800 0.705100
vt 0.014100 0.705100
vt 0.014100 0.656400
vt 0.005300 0.762300
vt 0.005300 0.713700
vt 0.022100 0.640100
vt 0.485800 0.640100
vt 0.502600 0.713700
vt 0.502600 0.762300
vt 0.547100 0.204900
vt 0.547100 0.153100
vt 0.555400 0.144800
vt 0.876200 0.153100
vt 0.867900 0.144800
vt 0.876200 0.204900
vt 0.867900 0.274000
vt 0.555400 0.274000
vt 0.547100 0.265700
vt 0.547100 0.214000
vt 0.876200 0.214000
vt 0.876200 0.265700
vt 0.867900 0.283100
vt 0.555400 0.283100
vt 0.538000 0.265700
vt 0.538000 0.214000
vt 0.885300 0.214000
vt 0.885300 0.265700
vt 0.792900 0.904200
vt 0.706800 0.904200
vt 0.706800 0.852300
vt 0.792900 0.852300
vt 0.651700 0.904200
vt 0.651700 0.852300
vt 0.637900 0.904200
vt 0.538000 0.904200
vt 0.538000 0.852300
vt 0.637900 0.852300
vt 0.861800 0.904200
vt 0.861800 0.852300
vt 0.484200 0.495500
vt 0.022100 0.495500
vt 0.014100 0.487500
vt 0.492100 0.455700
vt 0.014100 0.455700
vt 0.492100 0.487500
vt 0.022100 0.407100
vt 0.484200 0.407100
vt 0.492100 0.415000
vt 0.492100 0.446900
vt 0.014100 0.446900
vt 0.014100 0.415000
vt 0.005300 0.446900
vt 0.005300 0.415000
vt 0.022100 0.398300
vt 0.484200 0.398300
vt 0.500900 0.415000
vt 0.500900 0.446900
vt 0.624200 0.486400
vt 0.538000 0.486400
vt 0.538000 0.440100
vt 0.624200 0.440100
vt 0.882600 0.486400
vt 0.796500 0.486400
vt 0.796500 0.440100
vt 0.882600 0.440100
vt 0.710300 0.486400
vt 0.710300 0.440100
vt 0.515900 0.003700
vt 0.515900 0.064300
vt 0.014500 0.064300
vt 0.014500 0.003700
vt 0.515900 0.134000
vt 0.014500 0.134000
vt 0.014500 0.073500
vt 0.515900 0.073500
vt 0.515900 0.143200
vt 0.014500 0.143200
vt 0.005300 0.134000
vt 0.005300 0.073500
vt 0.525100 0.073500
vt 0.525100 0.134000
vt 0.014100 0.341100
vt 0.014100 0.309200
vt 0.022100 0.301300
vt 0.492100 0.309200
vt 0.484200 0.301300
vt 0.492100 0.341100
vt 0.484200 0.389700
vt 0.022100 0.389700
vt 0.014100 0.381700
vt 0.014100 0.349900
vt 0.492100 0.349900
vt 0.492100 0.381700
vt 0.022100 0.292500
vt 0.484200 0.292500
vt 0.005300 0.381700
vt 0.005300 0.349900
vt 0.500900 0.349900
vt 0.500900 0.381700
vt 0.792900 0.742200
vt 0.706800 0.742200
vt 0.706800 0.690300
vt 0.792900 0.690300
vt 0.651700 0.742200
vt 0.651700 0.690300
vt 0.637900 0.742200
vt 0.538000 0.742200
vt 0.538000 0.690300
vt 0.637900 0.690300
vt 0.861800 0.742200
vt 0.861800 0.690300
vt 0.878600 0.298400
vt 0.878600 0.358900
vt 0.547200 0.358900
vt 0.547200 0.298400
vt 0.878600 0.428500
vt 0.547200 0.428500
vt 0.547200 0.368000
vt 0.878600 0.368000
vt 0.547200 0.289200
vt 0.878600 0.289200
vt 0.538000 0.358900
vt 0.538000 0.298400
vt 0.887800 0.298400
vt 0.887800 0.358900
vt 0.555400 0.012800
vt 0.867100 0.012800
vt 0.875300 0.021000
vt 0.547100 0.072600
vt 0.875300 0.072600
vt 0.547100 0.021000
vt 0.867100 0.141600
vt 0.555400 0.141600
vt 0.547100 0.133300
vt 0.547100 0.081700
vt 0.875300 0.081700
vt 0.875300 0.133300
vt 0.884400 0.021000
vt 0.884400 0.072600
vt 0.555400 0.003700
vt 0.867100 0.003700
vt 0.538000 0.072600
vt 0.538000 0.021000
vt 0.624200 0.632600
vt 0.538000 0.632600
vt 0.538000 0.586300
vt 0.624200 0.586300
vt 0.882600 0.632600
vt 0.796500 0.632600
vt 0.796500 0.586300
vt 0.882600 0.586300
vt 0.710300 0.632600
vt 0.710300 0.586300
vt 0.624200 0.681100
vt 0.538000 0.681100
vt 0.538000 0.634800
vt 0.624200 0.634800
vt 0.882600 0.681100
vt 0.796500 0.681100
vt 0.796500 0.634800
vt 0.882600 0.634800
vt 0.710300 0.681100
vt 0.710300 0.634800
vt 0.624200 0.535800
vt 0.538000 0.535800
vt 0.538000 0.489500
vt 0.624200 0.489500
vt 0.882600 0.535800
vt 0.796500 0.535800
vt 0.796500 0.489500
vt 0.882600 0.489500
vt 0.710300 0.535800
vt 0.710300 0.489500
vt 0.792900 0.849800
vt 0.706800 0.849800
vt 0.706800 0.798000
vt 0.792900 0.798000
vt 0.651700 0.849800
vt 0.651700 0.798000
vt 0.637900 0.849800
vt 0.538000 0.849800
vt 0.538000 0.798000
vt 0.637900 0.798000
vt 0.861800 0.849800
vt 0.861800 0.798000
vt 0.624200 0.584400
vt 0.538000 0.584400
vt 0.538000 0.538100
vt 0.624200 0.538100
vt 0.882600 0.584400
vt 0.796500 0.584400
vt 0.796500 0.538100
vt 0.882600 0.538100
vt 0.710300 0.584400
vt 0.710300 0.538100
vt 0.792900 0.795700
vt 0.706800 0.795700
vt 0.706800 0.743900
vt 0.792900 0.743900
vt 0.651700 0.795700
vt 0.651700 0.743900
vt 0.637900 0.795700
vt 0.538000 0.795700
vt 0.538000 0.743900
vt 0.637900 0.743900
vt 0.861800 0.795700
vt 0.861800 0.743900
vt 0.014100 0.632600
vt 0.005300 0.632600
vt 0.876200 0.283100
vt 0.876200 0.274000
vt 0.014100 0.389700
vt 0.005300 0.389700
vt 0.005300 0.770100
vt 0.014100 0.770100
vt 0.547100 0.274000
vt 0.547100 0.283100
vt 0.014100 0.407100
vt 0.005300 0.407100
vt 0.502600 0.770100
vt 0.493800 0.770100
vt 0.875300 0.003700
vt 0.875300 0.012800
vt 0.492100 0.407100
vt 0.500900 0.407100
vt 0.502600 0.632600
vt 0.493800 0.632600
vt 0.547100 0.003700
vt 0.547100 0.012800
vt 0.500900 0.389700
vt 0.492100 0.389700
s 1
usemtl 07___Default.014
f 305/601/21 306/602/21 307/603/21 308/604/21
f 307/603/21 309/605/21 308/604/21
f 305/601/21 308/604/21 310/606/21
f 311/607/22 312/608/22 313/609/22 314/610/22
f 311/607/22 314/610/22 315/611/22 316/612/22
f 309/605/23 307/603/23 312/613/23 311/614/23
f 306/615/24 305/616/24 314/610/24 313/609/24
f 305/601/25 310/606/25 315/611/25 314/610/25
f 310/617/26 308/618/26 316/612/26 315/611/26
f 317/619/21 318/620/21 319/621/21 320/622/21
f 321/623/22 322/624/22 323/625/22 324/626/22
f 317/627/23 320/628/23 322/624/23 321/623/23
f 320/629/24 319/630/24 323/625/24 322/624/24
f 319/621/25 318/620/25 324/626/25 323/625/25
f 318/631/26 317/632/26 321/623/26 324/626/26
f 325/633/21 326/634/21 327/635/21 328/636/21
f 329/637/22 330/638/22 331/639/22 332/640/22
f 325/641/23 328/642/23 330/638/23 329/637/23
f 328/643/24 327/644/24 331/639/24 330/638/24
f 327/635/25 326/634/25 332/640/25 331/639/25
f 326/645/26 325/646/26 329/637/26 332/640/26
f 333/647/21 334/648/21 335/649/21 336/650/21
f 337/651/22 338/652/22 339/653/22 340/654/22
f 333/655/23 336/656/23 338/652/23 337/651/23
f 336/657/24 335/658/24 339/653/24 338/652/24
f 335/649/25 334/648/25 340/654/25 339/653/25
f 334/659/26 333/660/26 337/651/26 340/654/26
f 341/661/21 342/662/21 343/663/21 344/664/21
f 343/663/21 345/665/21 344/664/21
f 341/661/21 344/664/21 346/666/21
f 347/667/22 348/668/22 349/669/22 350/670/22
f 347/667/22 350/670/22 351/671/22 352/672/22
f 344/664/23 345/665/23 351/671/23 350/670/23
f 345/665/24 343/663/24 352/673/24 351/674/24
f 342/675/25 341/676/25 348/668/25 347/667/25
f 346/666/26 344/664/26 350/677/26 349/678/26
f 353/679/21 354/680/21 355/681/21 356/682/21
f 355/681/21 357/683/21 356/682/21
f 353/679/21 356/682/21 358/684/21
f 306/685/22 343/686/22 342/687/22 359/688/22
f 306/685/22 359/688/22 360/689/22 307/690/22
f 357/691/24 355/692/24 343/686/24 306/685/24
f 354/693/25 353/694/25 359/688/25 342/687/25
f 353/679/26 358/684/26 360/689/26 359/688/26
f 358/695/23 356/696/23 307/690/23 360/689/23
f 361/697/23 362/698/23 363/699/23 364/700/23
f 362/698/24 365/701/24 355/702/24 363/699/24
f 366/703/25 367/704/25 353/705/25 354/706/25
f 367/707/26 361/697/26 364/700/26 353/708/26
f 368/709/21 369/710/21 370/711/21 371/712/21
f 370/711/21 372/713/21 371/712/21
f 368/709/21 371/712/21 373/714/21
f 366/715/22 374/716/22 375/717/22 376/718/22
f 366/715/22 376/718/22 362/719/22 365/720/22
f 371/712/23 372/713/23 362/719/23 376/718/23
f 372/721/24 370/722/24 365/720/24 362/719/24
f 369/723/25 368/724/25 374/716/25 366/715/25
f 373/725/26 371/726/26 376/718/26 375/717/26
f 377/727/23 378/728/23 379/729/23 380/730/23
f 378/731/24 381/732/24 382/733/24 379/734/24
f 381/732/25 383/735/25 384/736/25 382/733/25
f 383/735/26 377/727/26 380/730/26 384/736/26
f 385/737/21 386/738/21 387/739/21 388/740/21
f 389/741/22 378/742/22 381/743/22 390/744/22
f 385/745/23 388/746/23 378/742/23 389/741/23
f 388/747/24 387/748/24 381/743/24 378/742/24
f 387/739/25 386/738/25 390/744/25 381/743/25
f 386/749/26 385/750/26 389/741/26 390/744/26
f 391/751/21 392/752/21 393/753/21 394/754/21
f 393/753/21 395/755/21 394/754/21
f 391/751/21 394/754/21 396/756/21
f 397/757/22 398/758/22 399/759/22 400/760/22
f 397/757/22 400/760/22 401/761/22 402/762/22
f 395/755/23 393/753/23 398/763/23 397/764/23
f 392/765/24 391/766/24 400/760/24 399/759/24
f 391/751/25 396/756/25 401/761/25 400/760/25
f 396/767/26 394/768/26 402/762/26 401/761/26
f 403/769/23 398/770/23 356/771/23 358/772/23
f 399/770/24 400/773/24 404/774/24 357/771/24
f 400/775/25 405/776/25 406/777/25 404/778/25
f 405/779/26 403/769/26 358/772/26 406/780/26
f 407/781/21 408/782/21 409/783/21 410/784/21
f 411/785/22 412/786/22 413/787/22 414/788/22
f 407/781/24 410/784/24 412/789/24 411/790/24
f 410/784/25 409/783/25 413/791/25 412/792/25
f 409/783/26 408/782/26 414/788/26 413/787/26
f 408/782/23 407/781/23 411/793/23 414/794/23
f 415/795/21 416/796/21 417/797/21 418/798/21
f 417/797/21 419/799/21 418/798/21
f 415/795/21 418/798/21 420/800/21
f 346/801/22 308/802/22 309/803/22 421/804/22
f 346/801/22 421/804/22 422/805/22 341/806/22
f 418/798/24 419/799/24 422/805/24 421/804/24
f 419/799/25 417/797/25 341/807/25 422/808/25
f 416/796/26 415/795/26 308/809/26 346/810/26
f 420/800/23 418/798/23 421/811/23 309/812/23
f 423/813/23 424/814/23 407/815/23 408/816/23
f 424/817/24 425/818/24 426/819/24 407/820/24
f 425/818/25 427/821/25 428/822/25 426/819/25
f 427/821/26 423/813/26 408/816/26 428/822/26
f 429/823/23 430/824/23 431/825/23 432/826/23
f 430/827/24 433/828/24 434/829/24 431/830/24
f 433/828/25 435/831/25 436/832/25 434/829/25
f 435/831/26 429/823/26 432/826/26 436/832/26
f 437/833/23 438/834/23 439/835/23 440/836/23
f 438/837/24 441/838/24 410/839/24 439/840/24
f 441/838/25 442/841/25 409/842/25 410/839/25
f 442/841/26 437/833/26 440/836/26 409/842/26
f 376/843/23 443/844/23 444/845/23 445/846/23
f 443/844/24 446/847/24 419/848/24 444/845/24
f 446/849/25 374/850/25 417/851/25 419/852/25
f 375/853/26 376/843/26 445/846/26 416/854/26
f 389/855/23 447/856/23 448/857/23 449/858/23
f 447/859/24 450/860/24 451/861/24 448/862/24
f 450/860/25 390/863/25 452/864/25 451/861/25
f 390/863/26 389/855/26 449/858/26 452/864/26
f 397/865/23 453/866/23 418/867/23 420/868/23
f 453/866/24 454/869/24 455/870/24 418/867/24
f 454/871/25 401/872/25 456/873/25 455/874/25
f 401/875/26 402/865/26 415/868/26 456/876/26
f 313/609/27 312/877/27 307/878/27 306/615/27
f 356/879/27 357/691/27 306/685/27 307/880/27
f 357/778/27 356/774/27 398/773/27 399/775/27
f 399/759/27 398/881/27 393/882/27 392/765/27
f 347/883/28 352/673/28 343/663/28 342/884/28
f 354/706/28 355/702/28 365/701/28 366/703/28
f 342/885/28 343/686/28 355/692/28 354/886/28
f 366/887/28 365/720/28 370/722/28 369/888/28
f 349/678/29 348/889/29 341/890/29 346/666/29
f 346/810/29 341/891/29 417/892/29 416/796/29
f 416/852/29 417/848/29 374/847/29 375/849/29
f 375/717/29 374/893/29 368/894/29 373/725/29
f 308/618/30 309/895/30 311/896/30 316/612/30
f 309/897/30 308/809/30 415/795/30 420/898/30
f 402/874/30 397/870/30 420/869/30 415/871/30
f 394/768/30 395/899/30 397/900/30 402/762/30
o Europalette.003
v -0.435044 1.357054 0.152072
v -0.591538 1.357054 0.152072
v -0.616576 1.382093 0.152072
v -0.591538 2.859379 0.152072
v -0.616576 2.834340 0.152072
v -0.435044 2.859379 0.152072
v -0.616576 2.834340 0.179614
v -0.616576 1.382093 0.179614
v -0.591538 1.357054 0.179614
v -0.435044 1.357054 0.179614
v -0.435044 2.859379 0.179614
v -0.591538 2.859379 0.179614
v -0.384967 2.859379 0.152072
v -0.259773 2.859379 0.152072
v -0.259773 1.357054 0.152072
v -0.384967 1.357054 0.152072
v -0.384967 2.859379 0.179614
v -0.384967 1.357054 0.179614
v -0.259773 1.357054 0.179614
v -0.259773 2.859379 0.179614
v -0.209696 2.859379 0.152072
v -0.028164 2.859379 0.152072
v -0.028164 1.357054 0.152072
v -0.209696 1.357054 0.152072
v -0.209696 2.859379 0.179614
v -0.209696 1.357054 0.179614
v -0.028164 1.357054 0.179614
v -0.028164 2.859379 0.179614
v 0.021914 2.859379 0.152072
v 0.147107 2.859379 0.152072
v 0.147107 1.357054 0.152072
v 0.021914 1.357054 0.152072
v 0.021914 2.859379 0.179614
v 0.021914 1.357054 0.179614
v 0.147107 1.357054 0.179614
v 0.147107 2.859379 0.179614
v 0.378713 2.834340 0.152072
v 0.378713 1.382093 0.152072
v 0.353675 1.357054 0.152072
v 0.197184 2.859379 0.152072
v 0.197184 1.357054 0.152072
v 0.353675 2.859379 0.152072
v 0.378713 1.382093 0.179614
v 0.378713 2.834340 0.179614
v 0.353675 2.859379 0.179614
v 0.197184 2.859379 0.179614
v 0.197184 1.357054 0.179614
v 0.353675 1.357054 0.179614
v 0.378713 1.538587 0.124528
v 0.378713 1.382093 0.124528
v 0.353675 1.357054 0.124528
v -0.616576 1.382093 0.124528
v -0.591538 1.357054 0.124528
v -0.616576 1.538587 0.124528
v 0.378713 1.538587 0.152072
v -0.616576 1.538587 0.152072
v 0.253520 1.538587 0.026879
v 0.253520 1.357054 0.026879
v 0.253520 1.357054 0.124528
v 0.253520 1.538587 0.124528
v 0.353675 1.357054 0.026879
v 0.378713 1.382093 0.026879
v 0.378713 1.538587 0.026879
v 0.378713 2.834340 -0.000666
v 0.378713 1.382093 -0.000666
v 0.353675 1.357054 -0.000666
v 0.253520 2.859379 -0.000666
v 0.253520 1.357054 -0.000666
v 0.353675 2.859379 -0.000666
v 0.378713 2.834340 0.026879
v 0.353675 2.859379 0.026879
v 0.253520 2.859379 0.026879
v -0.209696 1.538587 0.026879
v -0.209696 1.357054 0.026879
v -0.209696 1.357054 0.124528
v -0.209696 1.538587 0.124528
v -0.028164 1.357054 0.026879
v -0.028164 1.357054 0.124528
v -0.028164 1.538587 0.026879
v -0.028164 1.538587 0.124528
v -0.209696 2.859379 -0.000666
v -0.028164 2.859379 -0.000666
v -0.028164 1.357054 -0.000666
v -0.209696 1.357054 -0.000666
v -0.209696 2.859379 0.026879
v -0.028164 2.859379 0.026879
v -0.491383 1.357054 -0.000666
v -0.591538 1.357054 -0.000666
v -0.616576 1.382093 -0.000666
v -0.591538 2.859379 -0.000666
v -0.616576 2.834340 -0.000666
v -0.491383 2.859379 -0.000666
v -0.616576 2.834340 0.026879
v -0.616576 1.382093 0.026879
v -0.591538 1.357054 0.026879
v -0.491383 1.357054 0.026879
v -0.491383 2.859379 0.026879
v -0.591538 2.859379 0.026879
v -0.616576 1.538587 0.026879
v -0.491383 1.357054 0.124528
v -0.491383 1.538587 0.026879
v -0.491383 1.538587 0.124528
v -0.616576 2.017451 0.124528
v -0.616576 2.198983 0.124528
v 0.378713 2.198983 0.124528
v 0.378713 2.017451 0.124528
v -0.616576 2.017451 0.152072
v 0.378713 2.017451 0.152072
v 0.378713 2.198983 0.152072
v -0.616576 2.198983 0.152072
v -0.591538 2.859379 0.124528
v 0.353675 2.859379 0.124528
v 0.378713 2.834340 0.124528
v -0.616576 2.677850 0.124528
v 0.378713 2.677850 0.124528
v -0.616576 2.834340 0.124528
v -0.616576 2.677850 0.152072
v 0.378713 2.677850 0.152072
v -0.616576 2.198983 0.026879
v -0.616576 2.017451 0.026879
v -0.491383 2.017451 0.026879
v -0.491383 2.017451 0.124528
v -0.491383 2.198983 0.026879
v -0.491383 2.198983 0.124528
v -0.209696 2.198983 0.026879
v -0.209696 2.017451 0.026879
v -0.209696 2.017451 0.124528
v -0.209696 2.198983 0.124528
v -0.028164 2.017451 0.026879
v -0.028164 2.017451 0.124528
v -0.028164 2.198983 0.026879
v -0.028164 2.198983 0.124528
v 0.253520 2.198983 0.026879
v 0.253520 2.017451 0.026879
v 0.253520 2.017451 0.124528
v 0.253520 2.198983 0.124528
v 0.378713 2.017451 0.026879
v 0.378713 2.198983 0.026879
v 0.253520 2.677850 0.026879
v 0.253520 2.677850 0.124528
v 0.253520 2.859379 0.124528
v 0.378713 2.677850 0.026879
v -0.209696 2.677850 0.026879
v -0.209696 2.677850 0.124528
v -0.209696 2.859379 0.124528
v -0.028164 2.677850 0.026879
v -0.028164 2.677850 0.124528
v -0.028164 2.859379 0.124528
v -0.616576 2.677850 0.026879
v -0.491383 2.677850 0.026879
v -0.491383 2.677850 0.124528
v -0.491383 2.859379 0.124528
vn -0.0000 -0.0000 -1.0000
vn -0.0000 -0.0000 1.0000
vn -1.0000 -0.0000 -0.0000
vn -0.0000 -1.0000 -0.0000
vn 1.0000 -0.0000 -0.0000
vn -0.0000 1.0000 -0.0000
vn -0.7071 -0.7071 -0.0000
vn 0.7071 -0.7071 -0.0000
vn 0.7071 0.7071 -0.0000
vn -0.7071 0.7071 -0.0000
vt 0.014100 0.567600
vt 0.014100 0.518900
vt 0.022100 0.511200
vt 0.493800 0.518900
vt 0.485800 0.511200
vt 0.493800 0.567600
vt 0.485800 0.632600
vt 0.022100 0.632600
vt 0.014100 0.624800
vt 0.014100 0.576200
vt 0.493800 0.576200
vt 0.493800 0.624800
vt 0.022100 0.502600
vt 0.485800 0.502600
vt 0.005300 0.624800
vt 0.005300 0.576200
vt 0.502600 0.576200
vt 0.502600 0.624800
vt 0.475700 0.775500
vt 0.475700 0.814000
vt 0.013800 0.814000
vt 0.013800 0.775500
vt 0.475700 0.861000
vt 0.013800 0.861000
vt 0.013800 0.822500
vt 0.475700 0.822500
vt 0.475700 0.869500
vt 0.013800 0.869500
vt 0.005300 0.861000
vt 0.005300 0.822500
vt 0.484200 0.822500
vt 0.484200 0.861000
vt 0.507400 0.151900
vt 0.507400 0.211500
vt 0.014400 0.211500
vt 0.014400 0.151900
vt 0.507400 0.280100
vt 0.014400 0.280100
vt 0.014400 0.220500
vt 0.507400 0.220500
vt 0.507400 0.289100
vt 0.014400 0.289100
vt 0.005300 0.280100
vt 0.005300 0.220500
vt 0.516500 0.220500
vt 0.516500 0.280100
vt 0.475700 0.875600
vt 0.475700 0.914100
vt 0.013800 0.914100
vt 0.013800 0.875600
vt 0.475700 0.961000
vt 0.013800 0.961000
vt 0.013800 0.922500
vt 0.475700 0.922500
vt 0.475700 0.969500
vt 0.013800 0.969500
vt 0.005300 0.961000
vt 0.005300 0.922500
vt 0.484200 0.922500
vt 0.484200 0.961000
vt 0.485800 0.770100
vt 0.022100 0.770100
vt 0.014100 0.762300
vt 0.493800 0.713700
vt 0.014100 0.713700
vt 0.493800 0.762300
vt 0.022100 0.648700
vt 0.485800 0.648700
vt 0.493800 0.656400
vt 0.493800 0.705100
vt 0.014100 0.705100
vt 0.014100 0.656400
vt 0.005300 0.762300
vt 0.005300 0.713700
vt 0.022100 0.640100
vt 0.485800 0.640100
vt 0.502600 0.713700
vt 0.502600 0.762300
vt 0.547100 0.204900
vt 0.547100 0.153100
vt 0.555400 0.144800
vt 0.876200 0.153100
vt 0.867900 0.144800
vt 0.876200 0.204900
vt 0.867900 0.274000
vt 0.555400 0.274000
vt 0.547100 0.265700
vt 0.547100 0.214000
vt 0.876200 0.214000
vt 0.876200 0.265700
vt 0.867900 0.283100
vt 0.555400 0.283100
vt 0.538000 0.265700
vt 0.538000 0.214000
vt 0.885300 0.214000
vt 0.885300 0.265700
vt 0.792900 0.904200
vt 0.706800 0.904200
vt 0.706800 0.852300
vt 0.792900 0.852300
vt 0.651700 0.904200
vt 0.651700 0.852300
vt 0.637900 0.904200
vt 0.538000 0.904200
vt 0.538000 0.852300
vt 0.637900 0.852300
vt 0.861800 0.904200
vt 0.861800 0.852300
vt 0.484200 0.495500
vt 0.022100 0.495500
vt 0.014100 0.487500
vt 0.492100 0.455700
vt 0.014100 0.455700
vt 0.492100 0.487500
vt 0.022100 0.407100
vt 0.484200 0.407100
vt 0.492100 0.415000
vt 0.492100 0.446900
vt 0.014100 0.446900
vt 0.014100 0.415000
vt 0.005300 0.446900
vt 0.005300 0.415000
vt 0.022100 0.398300
vt 0.484200 0.398300
vt 0.500900 0.415000
vt 0.500900 0.446900
vt 0.624200 0.486400
vt 0.538000 0.486400
vt 0.538000 0.440100
vt 0.624200 0.440100
vt 0.882600 0.486400
vt 0.796500 0.486400
vt 0.796500 0.440100
vt 0.882600 0.440100
vt 0.710300 0.486400
vt 0.710300 0.440100
vt 0.515900 0.003700
vt 0.515900 0.064300
vt 0.014500 0.064300
vt 0.014500 0.003700
vt 0.515900 0.134000
vt 0.014500 0.134000
vt 0.014500 0.073500
vt 0.515900 0.073500
vt 0.515900 0.143200
vt 0.014500 0.143200
vt 0.005300 0.134000
vt 0.005300 0.073500
vt 0.525100 0.073500
vt 0.525100 0.134000
vt 0.014100 0.341100
vt 0.014100 0.309200
vt 0.022100 0.301300
vt 0.492100 0.309200
vt 0.484200 0.301300
vt 0.492100 0.341100
vt 0.484200 0.389700
vt 0.022100 0.389700
vt 0.014100 0.381700
vt 0.014100 0.349900
vt 0.492100 0.349900
vt 0.492100 0.381700
vt 0.022100 0.292500
vt 0.484200 0.292500
vt 0.005300 0.381700
vt 0.005300 0.349900
vt 0.500900 0.349900
vt 0.500900 0.381700
vt 0.792900 0.742200
vt 0.706800 0.742200
vt 0.706800 0.690300
vt 0.792900 0.690300
vt 0.651700 0.742200
vt 0.651700 0.690300
vt 0.637900 0.742200
vt 0.538000 0.742200
vt 0.538000 0.690300
vt 0.637900 0.690300
vt 0.861800 0.742200
vt 0.861800 0.690300
vt 0.878600 0.298400
vt 0.878600 0.358900
vt 0.547200 0.358900
vt 0.547200 0.298400
vt 0.878600 0.428500
vt 0.547200 0.428500
vt 0.547200 0.368000
vt 0.878600 0.368000
vt 0.547200 0.289200
vt 0.878600 0.289200
vt 0.538000 0.358900
vt 0.538000 0.298400
vt 0.887800 0.298400
vt 0.887800 0.358900
vt 0.555400 0.012800
vt 0.867100 0.012800
vt 0.875300 0.021000
vt 0.547100 0.072600
vt 0.875300 0.072600
vt 0.547100 0.021000
vt 0.867100 0.141600
vt 0.555400 0.141600
vt 0.547100 0.133300
vt 0.547100 0.081700
vt 0.875300 0.081700
vt 0.875300 0.133300
vt 0.884400 0.021000
vt 0.884400 0.072600
vt 0.555400 0.003700
vt 0.867100 0.003700
vt 0.538000 0.072600
vt 0.538000 0.021000
vt 0.624200 0.632600
vt 0.538000 0.632600
vt 0.538000 0.586300
vt 0.624200 0.586300
vt 0.882600 0.632600
vt 0.796500 0.632600
vt 0.796500 0.586300
vt 0.882600 0.586300
vt 0.710300 0.632600
vt 0.710300 0.586300
vt 0.624200 0.681100
vt 0.538000 0.681100
vt 0.538000 0.634800
vt 0.624200 0.634800
vt 0.882600 0.681100
vt 0.796500 0.681100
vt 0.796500 0.634800
vt 0.882600 0.634800
vt 0.710300 0.681100
vt 0.710300 0.634800
vt 0.624200 0.535800
vt 0.538000 0.535800
vt 0.538000 0.489500
vt 0.624200 0.489500
vt 0.882600 0.535800
vt 0.796500 0.535800
vt 0.796500 0.489500
vt 0.882600 0.489500
vt 0.710300 0.535800
vt 0.710300 0.489500
vt 0.792900 0.849800
vt 0.706800 0.849800
vt 0.706800 0.798000
vt 0.792900 0.798000
vt 0.651700 0.849800
vt 0.651700 0.798000
vt 0.637900 0.849800
vt 0.538000 0.849800
vt 0.538000 0.798000
vt 0.637900 0.798000
vt 0.861800 0.849800
vt 0.861800 0.798000
vt 0.624200 0.584400
vt 0.538000 0.584400
vt 0.538000 0.538100
vt 0.624200 0.538100
vt 0.882600 0.584400
vt 0.796500 0.584400
vt 0.796500 0.538100
vt 0.882600 0.538100
vt 0.710300 0.584400
vt 0.710300 0.538100
vt 0.792900 0.795700
vt 0.706800 0.795700
vt 0.706800 0.743900
vt 0.792900 0.743900
vt 0.651700 0.795700
vt 0.651700 0.743900
vt 0.637900 0.795700
vt 0.538000 0.795700
vt 0.538000 0.743900
vt 0.637900 0.743900
vt 0.861800 0.795700
vt 0.861800 0.743900
vt 0.014100 0.632600
vt 0.005300 0.632600
vt 0.876200 0.283100
vt 0.876200 0.274000
vt 0.014100 0.389700
vt 0.005300 0.389700
vt 0.005300 0.770100
vt 0.014100 0.770100
vt 0.547100 0.274000
vt 0.547100 0.283100
vt 0.014100 0.407100
vt 0.005300 0.407100
vt 0.502600 0.770100
vt 0.493800 0.770100
vt 0.875300 0.003700
vt 0.875300 0.012800
vt 0.492100 0.407100
vt 0.500900 0.407100
vt 0.502600 0.632600
vt 0.493800 0.632600
vt 0.547100 0.003700
vt 0.547100 0.012800
vt 0.500900 0.389700
vt 0.492100 0.389700
s 1
usemtl 07___Default.015
f 457/901/31 458/902/31 459/903/31 460/904/31
f 459/903/31 461/905/31 460/904/31
f 457/901/31 460/904/31 462/906/31
f 463/907/32 464/908/32 465/909/32 466/910/32
f 463/907/32 466/910/32 467/911/32 468/912/32
f 461/905/33 459/903/33 464/913/33 463/914/33
f 458/915/34 457/916/34 466/910/34 465/909/34
f 457/901/35 462/906/35 467/911/35 466/910/35
f 462/917/36 460/918/36 468/912/36 467/911/36
f 469/919/31 470/920/31 471/921/31 472/922/31
f 473/923/32 474/924/32 475/925/32 476/926/32
f 469/927/33 472/928/33 474/924/33 473/923/33
f 472/929/34 471/930/34 475/925/34 474/924/34
f 471/921/35 470/920/35 476/926/35 475/925/35
f 470/931/36 469/932/36 473/923/36 476/926/36
f 477/933/31 478/934/31 479/935/31 480/936/31
f 481/937/32 482/938/32 483/939/32 484/940/32
f 477/941/33 480/942/33 482/938/33 481/937/33
f 480/943/34 479/944/34 483/939/34 482/938/34
f 479/935/35 478/934/35 484/940/35 483/939/35
f 478/945/36 477/946/36 481/937/36 484/940/36
f 485/947/31 486/948/31 487/949/31 488/950/31
f 489/951/32 490/952/32 491/953/32 492/954/32
f 485/955/33 488/956/33 490/952/33 489/951/33
f 488/957/34 487/958/34 491/953/34 490/952/34
f 487/949/35 486/948/35 492/954/35 491/953/35
f 486/959/36 485/960/36 489/951/36 492/954/36
f 493/961/31 494/962/31 495/963/31 496/964/31
f 495/963/31 497/965/31 496/964/31
f 493/961/31 496/964/31 498/966/31
f 499/967/32 500/968/32 501/969/32 502/970/32
f 499/967/32 502/970/32 503/971/32 504/972/32
f 496/964/33 497/965/33 503/971/33 502/970/33
f 497/965/34 495/963/34 504/973/34 503/974/34
f 494/975/35 493/976/35 500/968/35 499/967/35
f 498/966/36 496/964/36 502/977/36 501/978/36
f 505/979/31 506/980/31 507/981/31 508/982/31
f 507/981/31 509/983/31 508/982/31
f 505/979/31 508/982/31 510/984/31
f 458/985/32 495/986/32 494/987/32 511/988/32
f 458/985/32 511/988/32 512/989/32 459/990/32
f 509/991/34 507/992/34 495/986/34 458/985/34
f 506/993/35 505/994/35 511/988/35 494/987/35
f 505/979/36 510/984/36 512/989/36 511/988/36
f 510/995/33 508/996/33 459/990/33 512/989/33
f 513/997/33 514/998/33 515/999/33 516/1000/33
f 514/998/34 517/1001/34 507/1002/34 515/999/34
f 518/1003/35 519/1004/35 505/1005/35 506/1006/35
f 519/1007/36 513/997/36 516/1000/36 505/1008/36
f 520/1009/31 521/1010/31 522/1011/31 523/1012/31
f 522/1011/31 524/1013/31 523/1012/31
f 520/1009/31 523/1012/31 525/1014/31
f 518/1015/32 526/1016/32 527/1017/32 528/1018/32
f 518/1015/32 528/1018/32 514/1019/32 517/1020/32
f 523/1012/33 524/1013/33 514/1019/33 528/1018/33
f 524/1021/34 522/1022/34 517/1020/34 514/1019/34
f 521/1023/35 520/1024/35 526/1016/35 518/1015/35
f 525/1025/36 523/1026/36 528/1018/36 527/1017/36
f 529/1027/33 530/1028/33 531/1029/33 532/1030/33
f 530/1031/34 533/1032/34 534/1033/34 531/1034/34
f 533/1032/35 535/1035/35 536/1036/35 534/1033/35
f 535/1035/36 529/1027/36 532/1030/36 536/1036/36
f 537/1037/31 538/1038/31 539/1039/31 540/1040/31
f 541/1041/32 530/1042/32 533/1043/32 542/1044/32
f 537/1045/33 540/1046/33 530/1042/33 541/1041/33
f 540/1047/34 539/1048/34 533/1043/34 530/1042/34
f 539/1039/35 538/1038/35 542/1044/35 533/1043/35
f 538/1049/36 537/1050/36 541/1041/36 542/1044/36
f 543/1051/31 544/1052/31 545/1053/31 546/1054/31
f 545/1053/31 547/1055/31 546/1054/31
f 543/1051/31 546/1054/31 548/1056/31
f 549/1057/32 550/1058/32 551/1059/32 552/1060/32
f 549/1057/32 552/1060/32 553/1061/32 554/1062/32
f 547/1055/33 545/1053/33 550/1063/33 549/1064/33
f 544/1065/34 543/1066/34 552/1060/34 551/1059/34
f 543/1051/35 548/1056/35 553/1061/35 552/1060/35
f 548/1067/36 546/1068/36 554/1062/36 553/1061/36
f 555/1069/33 550/1070/33 508/1071/33 510/1072/33
f 551/1070/34 552/1073/34 556/1074/34 509/1071/34
f 552/1075/35 557/1076/35 558/1077/35 556/1078/35
f 557/1079/36 555/1069/36 510/1072/36 558/1080/36
f 559/1081/31 560/1082/31 561/1083/31 562/1084/31
f 563/1085/32 564/1086/32 565/1087/32 566/1088/32
f 559/1081/34 562/1084/34 564/1089/34 563/1090/34
f 562/1084/35 561/1083/35 565/1091/35 564/1092/35
f 561/1083/36 560/1082/36 566/1088/36 565/1087/36
f 560/1082/33 559/1081/33 563/1093/33 566/1094/33
f 567/1095/31 568/1096/31 569/1097/31 570/1098/31
f 569/1097/31 571/1099/31 570/1098/31
f 567/1095/31 570/1098/31 572/1100/31
f 498/1101/32 460/1102/32 461/1103/32 573/1104/32
f 498/1101/32 573/1104/32 574/1105/32 493/1106/32
f 570/1098/34 571/1099/34 574/1105/34 573/1104/34
f 571/1099/35 569/1097/35 493/1107/35 574/1108/35
f 568/1096/36 567/1095/36 460/1109/36 498/1110/36
f 572/1100/33 570/1098/33 573/1111/33 461/1112/33
f 575/1113/33 576/1114/33 559/1115/33 560/1116/33
f 576/1117/34 577/1118/34 578/1119/34 559/1120/34
f 577/1118/35 579/1121/35 580/1122/35 578/1119/35
f 579/1121/36 575/1113/36 560/1116/36 580/1122/36
f 581/1123/33 582/1124/33 583/1125/33 584/1126/33
f 582/1127/34 585/1128/34 586/1129/34 583/1130/34
f 585/1128/35 587/1131/35 588/1132/35 586/1129/35
f 587/1131/36 581/1123/36 584/1126/36 588/1132/36
f 589/1133/33 590/1134/33 591/1135/33 592/1136/33
f 590/1137/34 593/1138/34 562/1139/34 591/1140/34
f 593/1138/35 594/1141/35 561/1142/35 562/1139/35
f 594/1141/36 589/1133/36 592/1136/36 561/1142/36
f 528/1143/33 595/1144/33 596/1145/33 597/1146/33
f 595/1144/34 598/1147/34 571/1148/34 596/1145/34
f 598/1149/35 526/1150/35 569/1151/35 571/1152/35
f 527/1153/36 528/1143/36 597/1146/36 568/1154/36
f 541/1155/33 599/1156/33 600/1157/33 601/1158/33
f 599/1159/34 602/1160/34 603/1161/34 600/1162/34
f 602/1160/35 542/1163/35 604/1164/35 603/1161/35
f 542/1163/36 541/1155/36 601/1158/36 604/1164/36
f 549/1165/33 605/1166/33 570/1167/33 572/1168/33
f 605/1166/34 606/1169/34 607/1170/34 570/1167/34
f 606/1171/35 553/1172/35 608/1173/35 607/1174/35
f 553/1175/36 554/1165/36 567/1168/36 608/1176/36
f 465/909/37 464/1177/37 459/1178/37 458/915/37
f 508/1179/37 509/991/37 458/985/37 459/1180/37
f 509/1078/37 508/1074/37 550/1073/37 551/1075/37
f 551/1059/37 550/1181/37 545/1182/37 544/1065/37
f 499/1183/38 504/973/38 495/963/38 494/1184/38
f 506/1006/38 507/1002/38 517/1001/38 518/1003/38
f 494/1185/38 495/986/38 507/992/38 506/1186/38
f 518/1187/38 517/1020/38 522/1022/38 521/1188/38
f 501/978/39 500/1189/39 493/1190/39 498/966/39
f 498/1110/39 493/1191/39 569/1192/39 568/1096/39
f 568/1152/39 569/1148/39 526/1147/39 527/1149/39
f 527/1017/39 526/1193/39 520/1194/39 525/1025/39
f 460/918/40 461/1195/40 463/1196/40 468/912/40
f 461/1197/40 460/1109/40 567/1095/40 572/1198/40
f 554/1174/40 549/1170/40 572/1169/40 567/1171/40
f 546/1068/40 547/1199/40 549/1200/40 554/1062/40
o Europalette.004
v -0.435044 1.357054 -0.013293
v -0.591538 1.357054 -0.013293
v -0.616576 1.382093 -0.013293
v -0.591538 2.859379 -0.013293
v -0.616576 2.834340 -0.013293
v -0.435044 2.859379 -0.013293
v -0.616576 2.834340 0.014249
v -0.616576 1.382093 0.014249
v -0.591538 1.357054 0.014249
v -0.435044 1.357054 0.014249
v -0.435044 2.859379 0.014249
v -0.591538 2.859379 0.014249
v -0.384967 2.859379 -0.013293
v -0.259773 2.859379 -0.013293
v -0.259773 1.357054 -0.013293
v -0.384967 1.357054 -0.013293
v -0.384967 2.859379 0.014249
v -0.384967 1.357054 0.014249
v -0.259773 1.357054 0.014249
v -0.259773 2.859379 0.014249
v -0.209696 2.859379 -0.013293
v -0.028164 2.859379 -0.013293
v -0.028164 1.357054 -0.013293
v -0.209696 1.357054 -0.013293
v -0.209696 2.859379 0.014249
v -0.209696 1.357054 0.014249
v -0.028164 1.357054 0.014249
v -0.028164 2.859379 0.014249
v 0.021914 2.859379 -0.013293
v 0.147107 2.859379 -0.013293
v 0.147107 1.357054 -0.013293
v 0.021914 1.357054 -0.013293
v 0.021914 2.859379 0.014249
v 0.021914 1.357054 0.014249
v 0.147107 1.357054 0.014249
v 0.147107 2.859379 0.014249
v 0.378713 2.834340 -0.013293
v 0.378713 1.382093 -0.013293
v 0.353675 1.357054 -0.013293
v 0.197184 2.859379 -0.013293
v 0.197184 1.357054 -0.013293
v 0.353675 2.859379 -0.013293
v 0.378713 1.382093 0.014249
v 0.378713 2.834340 0.014249
v 0.353675 2.859379 0.014249
v 0.197184 2.859379 0.014249
v 0.197184 1.357054 0.014249
v 0.353675 1.357054 0.014249
v 0.378713 1.538587 -0.040837
v 0.378713 1.382093 -0.040837
v 0.353675 1.357054 -0.040837
v -0.616576 1.382093 -0.040837
v -0.591538 1.357054 -0.040837
v -0.616576 1.538587 -0.040837
v 0.378713 1.538587 -0.013293
v -0.616576 1.538587 -0.013293
v 0.253520 1.538587 -0.138486
v 0.253520 1.357054 -0.138486
v 0.253520 1.357054 -0.040837
v 0.253520 1.538587 -0.040837
v 0.353675 1.357054 -0.138486
v 0.378713 1.382093 -0.138486
v 0.378713 1.538587 -0.138486
v 0.378713 2.834340 -0.166031
v 0.378713 1.382093 -0.166031
v 0.353675 1.357054 -0.166031
v 0.253520 2.859379 -0.166031
v 0.253520 1.357054 -0.166031
v 0.353675 2.859379 -0.166031
v 0.378713 2.834340 -0.138486
v 0.353675 2.859379 -0.138486
v 0.253520 2.859379 -0.138486
v -0.209696 1.538587 -0.138486
v -0.209696 1.357054 -0.138486
v -0.209696 1.357054 -0.040837
v -0.209696 1.538587 -0.040837
v -0.028164 1.357054 -0.138486
v -0.028164 1.357054 -0.040837
v -0.028164 1.538587 -0.138486
v -0.028164 1.538587 -0.040837
v -0.209696 2.859379 -0.166031
v -0.028164 2.859379 -0.166031
v -0.028164 1.357054 -0.166031
v -0.209696 1.357054 -0.166031
v -0.209696 2.859379 -0.138486
v -0.028164 2.859379 -0.138486
v -0.491383 1.357054 -0.166030
v -0.591538 1.357054 -0.166030
v -0.616576 1.382093 -0.166030
v -0.591538 2.859379 -0.166030
v -0.616576 2.834340 -0.166030
v -0.491383 2.859379 -0.166030
v -0.616576 2.834340 -0.138486
v -0.616576 1.382093 -0.138486
v -0.591538 1.357054 -0.138486
v -0.491383 1.357054 -0.138486
v -0.491383 2.859379 -0.138486
v -0.591538 2.859379 -0.138486
v -0.616576 1.538587 -0.138486
v -0.491383 1.357054 -0.040837
v -0.491383 1.538587 -0.138486
v -0.491383 1.538587 -0.040837
v -0.616576 2.017451 -0.040837
v -0.616576 2.198983 -0.040837
v 0.378713 2.198983 -0.040837
v 0.378713 2.017451 -0.040837
v -0.616576 2.017451 -0.013293
v 0.378713 2.017451 -0.013293
v 0.378713 2.198983 -0.013293
v -0.616576 2.198983 -0.013293
v -0.591538 2.859379 -0.040837
v 0.353675 2.859379 -0.040837
v 0.378713 2.834340 -0.040837
v -0.616576 2.677850 -0.040837
v 0.378713 2.677850 -0.040837
v -0.616576 2.834340 -0.040837
v -0.616576 2.677850 -0.013293
v 0.378713 2.677850 -0.013293
v -0.616576 2.198983 -0.138486
v -0.616576 2.017451 -0.138486
v -0.491383 2.017451 -0.138486
v -0.491383 2.017451 -0.040837
v -0.491383 2.198983 -0.138486
v -0.491383 2.198983 -0.040837
v -0.209696 2.198983 -0.138486
v -0.209696 2.017451 -0.138486
v -0.209696 2.017451 -0.040837
v -0.209696 2.198983 -0.040837
v -0.028164 2.017451 -0.138486
v -0.028164 2.017451 -0.040837
v -0.028164 2.198983 -0.138486
v -0.028164 2.198983 -0.040837
v 0.253520 2.198983 -0.138486
v 0.253520 2.017451 -0.138486
v 0.253520 2.017451 -0.040837
v 0.253520 2.198983 -0.040837
v 0.378713 2.017451 -0.138486
v 0.378713 2.198983 -0.138486
v 0.253520 2.677850 -0.138486
v 0.253520 2.677850 -0.040837
v 0.253520 2.859379 -0.040837
v 0.378713 2.677850 -0.138486
v -0.209696 2.677850 -0.138486
v -0.209696 2.677850 -0.040837
v -0.209696 2.859379 -0.040837
v -0.028164 2.677850 -0.138486
v -0.028164 2.677850 -0.040837
v -0.028164 2.859379 -0.040837
v -0.616576 2.677850 -0.138486
v -0.491383 2.677850 -0.138486
v -0.491383 2.677850 -0.040837
v -0.491383 2.859379 -0.040837
vn -0.0000 -0.0000 -1.0000
vn -0.0000 -0.0000 1.0000
vn -1.0000 -0.0000 -0.0000
vn -0.0000 -1.0000 -0.0000
vn 1.0000 -0.0000 -0.0000
vn -0.0000 1.0000 -0.0000
vn -0.7071 -0.7071 -0.0000
vn 0.7071 -0.7071 -0.0000
vn 0.7071 0.7071 -0.0000
vn -0.7071 0.7071 -0.0000
vt 0.014100 0.567600
vt 0.014100 0.518900
vt 0.022100 0.511200
vt 0.493800 0.518900
vt 0.485800 0.511200
vt 0.493800 0.567600
vt 0.485800 0.632600
vt 0.022100 0.632600
vt 0.014100 0.624800
vt 0.014100 0.576200
vt 0.493800 0.576200
vt 0.493800 0.624800
vt 0.022100 0.502600
vt 0.485800 0.502600
vt 0.005300 0.624800
vt 0.005300 0.576200
vt 0.502600 0.576200
vt 0.502600 0.624800
vt 0.475700 0.775500
vt 0.475700 0.814000
vt 0.013800 0.814000
vt 0.013800 0.775500
vt 0.475700 0.861000
vt 0.013800 0.861000
vt 0.013800 0.822500
vt 0.475700 0.822500
vt 0.475700 0.869500
vt 0.013800 0.869500
vt 0.005300 0.861000
vt 0.005300 0.822500
vt 0.484200 0.822500
vt 0.484200 0.861000
vt 0.507400 0.151900
vt 0.507400 0.211500
vt 0.014400 0.211500
vt 0.014400 0.151900
vt 0.507400 0.280100
vt 0.014400 0.280100
vt 0.014400 0.220500
vt 0.507400 0.220500
vt 0.507400 0.289100
vt 0.014400 0.289100
vt 0.005300 0.280100
vt 0.005300 0.220500
vt 0.516500 0.220500
vt 0.516500 0.280100
vt 0.475700 0.875600
vt 0.475700 0.914100
vt 0.013800 0.914100
vt 0.013800 0.875600
vt 0.475700 0.961000
vt 0.013800 0.961000
vt 0.013800 0.922500
vt 0.475700 0.922500
vt 0.475700 0.969500
vt 0.013800 0.969500
vt 0.005300 0.961000
vt 0.005300 0.922500
vt 0.484200 0.922500
vt 0.484200 0.961000
vt 0.485800 0.770100
vt 0.022100 0.770100
vt 0.014100 0.762300
vt 0.493800 0.713700
vt 0.014100 0.713700
vt 0.493800 0.762300
vt 0.022100 0.648700
vt 0.485800 0.648700
vt 0.493800 0.656400
vt 0.493800 0.705100
vt 0.014100 0.705100
vt 0.014100 0.656400
vt 0.005300 0.762300
vt 0.005300 0.713700
vt 0.022100 0.640100
vt 0.485800 0.640100
vt 0.502600 0.713700
vt 0.502600 0.762300
vt 0.547100 0.204900
vt 0.547100 0.153100
vt 0.555400 0.144800
vt 0.876200 0.153100
vt 0.867900 0.144800
vt 0.876200 0.204900
vt 0.867900 0.274000
vt 0.555400 0.274000
vt 0.547100 0.265700
vt 0.547100 0.214000
vt 0.876200 0.214000
vt 0.876200 0.265700
vt 0.867900 0.283100
vt 0.555400 0.283100
vt 0.538000 0.265700
vt 0.538000 0.214000
vt 0.885300 0.214000
vt 0.885300 0.265700
vt 0.792900 0.904200
vt 0.706800 0.904200
vt 0.706800 0.852300
vt 0.792900 0.852300
vt 0.651700 0.904200
vt 0.651700 0.852300
vt 0.637900 0.904200
vt 0.538000 0.904200
vt 0.538000 0.852300
vt 0.637900 0.852300
vt 0.861800 0.904200
vt 0.861800 0.852300
vt 0.484200 0.495500
vt 0.022100 0.495500
vt 0.014100 0.487500
vt 0.492100 0.455700
vt 0.014100 0.455700
vt 0.492100 0.487500
vt 0.022100 0.407100
vt 0.484200 0.407100
vt 0.492100 0.415000
vt 0.492100 0.446900
vt 0.014100 0.446900
vt 0.014100 0.415000
vt 0.005300 0.446900
vt 0.005300 0.415000
vt 0.022100 0.398300
vt 0.484200 0.398300
vt 0.500900 0.415000
vt 0.500900 0.446900
vt 0.624200 0.486400
vt 0.538000 0.486400
vt 0.538000 0.440100
vt 0.624200 0.440100
vt 0.882600 0.486400
vt 0.796500 0.486400
vt 0.796500 0.440100
vt 0.882600 0.440100
vt 0.710300 0.486400
vt 0.710300 0.440100
vt 0.515900 0.003700
vt 0.515900 0.064300
vt 0.014500 0.064300
vt 0.014500 0.003700
vt 0.515900 0.134000
vt 0.014500 0.134000
vt 0.014500 0.073500
vt 0.515900 0.073500
vt 0.515900 0.143200
vt 0.014500 0.143200
vt 0.005300 0.134000
vt 0.005300 0.073500
vt 0.525100 0.073500
vt 0.525100 0.134000
vt 0.014100 0.341100
vt 0.014100 0.309200
vt 0.022100 0.301300
vt 0.492100 0.309200
vt 0.484200 0.301300
vt 0.492100 0.341100
vt 0.484200 0.389700
vt 0.022100 0.389700
vt 0.014100 0.381700
vt 0.014100 0.349900
vt 0.492100 0.349900
vt 0.492100 0.381700
vt 0.022100 0.292500
vt 0.484200 0.292500
vt 0.005300 0.381700
vt 0.005300 0.349900
vt 0.500900 0.349900
vt 0.500900 0.381700
vt 0.792900 0.742200
vt 0.706800 0.742200
vt 0.706800 0.690300
vt 0.792900 0.690300
vt 0.651700 0.742200
vt 0.651700 0.690300
vt 0.637900 0.742200
vt 0.538000 0.742200
vt 0.538000 0.690300
vt 0.637900 0.690300
vt 0.861800 0.742200
vt 0.861800 0.690300
vt 0.878600 0.298400
vt 0.878600 0.358900
vt 0.547200 0.358900
vt 0.547200 0.298400
vt 0.878600 0.428500
vt 0.547200 0.428500
vt 0.547200 0.368000
vt 0.878600 0.368000
vt 0.547200 0.289200
vt 0.878600 0.289200
vt 0.538000 0.358900
vt 0.538000 0.298400
vt 0.887800 0.298400
vt 0.887800 0.358900
vt 0.555400 0.012800
vt 0.867100 0.012800
vt 0.875300 0.021000
vt 0.547100 0.072600
vt 0.875300 0.072600
vt 0.547100 0.021000
vt 0.867100 0.141600
vt 0.555400 0.141600
vt 0.547100 0.133300
vt 0.547100 0.081700
vt 0.875300 0.081700
vt 0.875300 0.133300
vt 0.884400 0.021000
vt 0.884400 0.072600
vt 0.555400 0.003700
vt 0.867100 0.003700
vt 0.538000 0.072600
vt 0.538000 0.021000
vt 0.624200 0.632600
vt 0.538000 0.632600
vt 0.538000 0.586300
vt 0.624200 0.586300
vt 0.882600 0.632600
vt 0.796500 0.632600
vt 0.796500 0.586300
vt 0.882600 0.586300
vt 0.710300 0.632600
vt 0.710300 0.586300
vt 0.624200 0.681100
vt 0.538000 0.681100
vt 0.538000 0.634800
vt 0.624200 0.634800
vt 0.882600 0.681100
vt 0.796500 0.681100
vt 0.796500 0.634800
vt 0.882600 0.634800
vt 0.710300 0.681100
vt 0.710300 0.634800
vt 0.624200 0.535800
vt 0.538000 0.535800
vt 0.538000 0.489500
vt 0.624200 0.489500
vt 0.882600 0.535800
vt 0.796500 0.535800
vt 0.796500 0.489500
vt 0.882600 0.489500
vt 0.710300 0.535800
vt 0.710300 0.489500
vt 0.792900 0.849800
vt 0.706800 0.849800
vt 0.706800 0.798000
vt 0.792900 0.798000
vt 0.651700 0.849800
vt 0.651700 0.798000
vt 0.637900 0.849800
vt 0.538000 0.849800
vt 0.538000 0.798000
vt 0.637900 0.798000
vt 0.861800 0.849800
vt 0.861800 0.798000
vt 0.624200 0.584400
vt 0.538000 0.584400
vt 0.538000 0.538100
vt 0.624200 0.538100
vt 0.882600 0.584400
vt 0.796500 0.584400
vt 0.796500 0.538100
vt 0.882600 0.538100
vt 0.710300 0.584400
vt 0.710300 0.538100
vt 0.792900 0.795700
vt 0.706800 0.795700
vt 0.706800 0.743900
vt 0.792900 0.743900
vt 0.651700 0.795700
vt 0.651700 0.743900
vt 0.637900 0.795700
vt 0.538000 0.795700
vt 0.538000 0.743900
vt 0.637900 0.743900
vt 0.861800 0.795700
vt 0.861800 0.743900
vt 0.014100 0.632600
vt 0.005300 0.632600
vt 0.876200 0.283100
vt 0.876200 0.274000
vt 0.014100 0.389700
vt 0.005300 0.389700
vt 0.005300 0.770100
vt 0.014100 0.770100
vt 0.547100 0.274000
vt 0.547100 0.283100
vt 0.014100 0.407100
vt 0.005300 0.407100
vt 0.502600 0.770100
vt 0.493800 0.770100
vt 0.875300 0.003700
vt 0.875300 0.012800
vt 0.492100 0.407100
vt 0.500900 0.407100
vt 0.502600 0.632600
vt 0.493800 0.632600
vt 0.547100 0.003700
vt 0.547100 0.012800
vt 0.500900 0.389700
vt 0.492100 0.389700
s 1
usemtl 07___Default.016
f 609/1201/41 610/1202/41 611/1203/41 612/1204/41
f 611/1203/41 613/1205/41 612/1204/41
f 609/1201/41 612/1204/41 614/1206/41
f 615/1207/42 616/1208/42 617/1209/42 618/1210/42
f 615/1207/42 618/1210/42 619/1211/42 620/1212/42
f 613/1205/43 611/1203/43 616/1213/43 615/1214/43
f 610/1215/44 609/1216/44 618/1210/44 617/1209/44
f 609/1201/45 614/1206/45 619/1211/45 618/1210/45
f 614/1217/46 612/1218/46 620/1212/46 619/1211/46
f 621/1219/41 622/1220/41 623/1221/41 624/1222/41
f 625/1223/42 626/1224/42 627/1225/42 628/1226/42
f 621/1227/43 624/1228/43 626/1224/43 625/1223/43
f 624/1229/44 623/1230/44 627/1225/44 626/1224/44
f 623/1221/45 622/1220/45 628/1226/45 627/1225/45
f 622/1231/46 621/1232/46 625/1223/46 628/1226/46
f 629/1233/41 630/1234/41 631/1235/41 632/1236/41
f 633/1237/42 634/1238/42 635/1239/42 636/1240/42
f 629/1241/43 632/1242/43 634/1238/43 633/1237/43
f 632/1243/44 631/1244/44 635/1239/44 634/1238/44
f 631/1235/45 630/1234/45 636/1240/45 635/1239/45
f 630/1245/46 629/1246/46 633/1237/46 636/1240/46
f 637/1247/41 638/1248/41 639/1249/41 640/1250/41
f 641/1251/42 642/1252/42 643/1253/42 644/1254/42
f 637/1255/43 640/1256/43 642/1252/43 641/1251/43
f 640/1257/44 639/1258/44 643/1253/44 642/1252/44
f 639/1249/45 638/1248/45 644/1254/45 643/1253/45
f 638/1259/46 637/1260/46 641/1251/46 644/1254/46
f 645/1261/41 646/1262/41 647/1263/41 648/1264/41
f 647/1263/41 649/1265/41 648/1264/41
f 645/1261/41 648/1264/41 650/1266/41
f 651/1267/42 652/1268/42 653/1269/42 654/1270/42
f 651/1267/42 654/1270/42 655/1271/42 656/1272/42
f 648/1264/43 649/1265/43 655/1271/43 654/1270/43
f 649/1265/44 647/1263/44 656/1273/44 655/1274/44
f 646/1275/45 645/1276/45 652/1268/45 651/1267/45
f 650/1266/46 648/1264/46 654/1277/46 653/1278/46
f 657/1279/41 658/1280/41 659/1281/41 660/1282/41
f 659/1281/41 661/1283/41 660/1282/41
f 657/1279/41 660/1282/41 662/1284/41
f 610/1285/42 647/1286/42 646/1287/42 663/1288/42
f 610/1285/42 663/1288/42 664/1289/42 611/1290/42
f 661/1291/44 659/1292/44 647/1286/44 610/1285/44
f 658/1293/45 657/1294/45 663/1288/45 646/1287/45
f 657/1279/46 662/1284/46 664/1289/46 663/1288/46
f 662/1295/43 660/1296/43 611/1290/43 664/1289/43
f 665/1297/43 666/1298/43 667/1299/43 668/1300/43
f 666/1298/44 669/1301/44 659/1302/44 667/1299/44
f 670/1303/45 671/1304/45 657/1305/45 658/1306/45
f 671/1307/46 665/1297/46 668/1300/46 657/1308/46
f 672/1309/41 673/1310/41 674/1311/41 675/1312/41
f 674/1311/41 676/1313/41 675/1312/41
f 672/1309/41 675/1312/41 677/1314/41
f 670/1315/42 678/1316/42 679/1317/42 680/1318/42
f 670/1315/42 680/1318/42 666/1319/42 669/1320/42
f 675/1312/43 676/1313/43 666/1319/43 680/1318/43
f 676/1321/44 674/1322/44 669/1320/44 666/1319/44
f 673/1323/45 672/1324/45 678/1316/45 670/1315/45
f 677/1325/46 675/1326/46 680/1318/46 679/1317/46
f 681/1327/43 682/1328/43 683/1329/43 684/1330/43
f 682/1331/44 685/1332/44 686/1333/44 683/1334/44
f 685/1332/45 687/1335/45 688/1336/45 686/1333/45
f 687/1335/46 681/1327/46 684/1330/46 688/1336/46
f 689/1337/41 690/1338/41 691/1339/41 692/1340/41
f 693/1341/42 682/1342/42 685/1343/42 694/1344/42
f 689/1345/43 692/1346/43 682/1342/43 693/1341/43
f 692/1347/44 691/1348/44 685/1343/44 682/1342/44
f 691/1339/45 690/1338/45 694/1344/45 685/1343/45
f 690/1349/46 689/1350/46 693/1341/46 694/1344/46
f 695/1351/41 696/1352/41 697/1353/41 698/1354/41
f 697/1353/41 699/1355/41 698/1354/41
f 695/1351/41 698/1354/41 700/1356/41
f 701/1357/42 702/1358/42 703/1359/42 704/1360/42
f 701/1357/42 704/1360/42 705/1361/42 706/1362/42
f 699/1355/43 697/1353/43 702/1363/43 701/1364/43
f 696/1365/44 695/1366/44 704/1360/44 703/1359/44
f 695/1351/45 700/1356/45 705/1361/45 704/1360/45
f 700/1367/46 698/1368/46 706/1362/46 705/1361/46
f 707/1369/43 702/1370/43 660/1371/43 662/1372/43
f 703/1370/44 704/1373/44 708/1374/44 661/1371/44
f 704/1375/45 709/1376/45 710/1377/45 708/1378/45
f 709/1379/46 707/1369/46 662/1372/46 710/1380/46
f 711/1381/41 712/1382/41 713/1383/41 714/1384/41
f 715/1385/42 716/1386/42 717/1387/42 718/1388/42
f 711/1381/44 714/1384/44 716/1389/44 715/1390/44
f 714/1384/45 713/1383/45 717/1391/45 716/1392/45
f 713/1383/46 712/1382/46 718/1388/46 717/1387/46
f 712/1382/43 711/1381/43 715/1393/43 718/1394/43
f 719/1395/41 720/1396/41 721/1397/41 722/1398/41
f 721/1397/41 723/1399/41 722/1398/41
f 719/1395/41 722/1398/41 724/1400/41
f 650/1401/42 612/1402/42 613/1403/42 725/1404/42
f 650/1401/42 725/1404/42 726/1405/42 645/1406/42
f 722/1398/44 723/1399/44 726/1405/44 725/1404/44
f 723/1399/45 721/1397/45 645/1407/45 726/1408/45
f 720/1396/46 719/1395/46 612/1409/46 650/1410/46
f 724/1400/43 722/1398/43 725/1411/43 613/1412/43
f 727/1413/43 728/1414/43 711/1415/43 712/1416/43
f 728/1417/44 729/1418/44 730/1419/44 711/1420/44
f 729/1418/45 731/1421/45 732/1422/45 730/1419/45
f 731/1421/46 727/1413/46 712/1416/46 732/1422/46
f 733/1423/43 734/1424/43 735/1425/43 736/1426/43
f 734/1427/44 737/1428/44 738/1429/44 735/1430/44
f 737/1428/45 739/1431/45 740/1432/45 738/1429/45
f 739/1431/46 733/1423/46 736/1426/46 740/1432/46
f 741/1433/43 742/1434/43 743/1435/43 744/1436/43
f 742/1437/44 745/1438/44 714/1439/44 743/1440/44
f 745/1438/45 746/1441/45 713/1442/45 714/1439/45
f 746/1441/46 741/1433/46 744/1436/46 713/1442/46
f 680/1443/43 747/1444/43 748/1445/43 749/1446/43
f 747/1444/44 750/1447/44 723/1448/44 748/1445/44
f 750/1449/45 678/1450/45 721/1451/45 723/1452/45
f 679/1453/46 680/1443/46 749/1446/46 720/1454/46
f 693/1455/43 751/1456/43 752/1457/43 753/1458/43
f 751/1459/44 754/1460/44 755/1461/44 752/1462/44
f 754/1460/45 694/1463/45 756/1464/45 755/1461/45
f 694/1463/46 693/1455/46 753/1458/46 756/1464/46
f 701/1465/43 757/1466/43 722/1467/43 724/1468/43
f 757/1466/44 758/1469/44 759/1470/44 722/1467/44
f 758/1471/45 705/1472/45 760/1473/45 759/1474/45
f 705/1475/46 706/1465/46 719/1468/46 760/1476/46
f 617/1209/47 616/1477/47 611/1478/47 610/1215/47
f 660/1479/47 661/1291/47 610/1285/47 611/1480/47
f 661/1378/47 660/1374/47 702/1373/47 703/1375/47
f 703/1359/47 702/1481/47 697/1482/47 696/1365/47
f 651/1483/48 656/1273/48 647/1263/48 646/1484/48
f 658/1306/48 659/1302/48 669/1301/48 670/1303/48
f 646/1485/48 647/1286/48 659/1292/48 658/1486/48
f 670/1487/48 669/1320/48 674/1322/48 673/1488/48
f 653/1278/49 652/1489/49 645/1490/49 650/1266/49
f 650/1410/49 645/1491/49 721/1492/49 720/1396/49
f 720/1452/49 721/1448/49 678/1447/49 679/1449/49
f 679/1317/49 678/1493/49 672/1494/49 677/1325/49
f 612/1218/50 613/1495/50 615/1496/50 620/1212/50
f 613/1497/50 612/1409/50 719/1395/50 724/1498/50
f 706/1474/50 701/1470/50 724/1469/50 719/1471/50
f 698/1368/50 699/1499/50 701/1500/50 706/1362/50
o Europalette.005
v 1.868008 0.456407 -0.013293
v 1.868008 0.299914 -0.013293
v 1.842970 0.274875 -0.013293
v 0.365684 0.299914 -0.013293
v 0.390722 0.274875 -0.013293
v 0.365684 0.456407 -0.013293
v 0.390722 0.274875 0.014249
v 1.842970 0.274875 0.014249
v 1.868008 0.299914 0.014249
v 1.868008 0.456407 0.014249
v 0.365684 0.456407 0.014249
v 0.365684 0.299914 0.014249
v 0.365684 0.506485 -0.013293
v 0.365684 0.631678 -0.013293
v 1.868008 0.631678 -0.013293
v 1.868008 0.506485 -0.013293
v 0.365684 0.506485 0.014249
v 1.868008 0.506485 0.014249
v 1.868008 0.631678 0.014249
v 0.365684 0.631678 0.014249
v 0.365684 0.681755 -0.013293
v 0.365684 0.863287 -0.013293
v 1.868008 0.863287 -0.013293
v 1.868008 0.681755 -0.013293
v 0.365684 0.681755 0.014249
v 1.868008 0.681755 0.014249
v 1.868008 0.863287 0.014249
v 0.365684 0.863287 0.014249
v 0.365684 0.913365 -0.013293
v 0.365684 1.038558 -0.013293
v 1.868008 1.038558 -0.013293
v 1.868008 0.913365 -0.013293
v 0.365684 0.913365 0.014249
v 1.868008 0.913365 0.014249
v 1.868008 1.038558 0.014249
v 0.365684 1.038558 0.014249
v 0.390722 1.270164 -0.013293
v 1.842970 1.270164 -0.013293
v 1.868008 1.245126 -0.013293
v 0.365684 1.088636 -0.013293
v 1.868008 1.088636 -0.013293
v 0.365684 1.245126 -0.013293
v 1.842970 1.270164 0.014249
v 0.390722 1.270164 0.014249
v 0.365684 1.245126 0.014249
v 0.365684 1.088636 0.014249
v 1.868008 1.088636 0.014249
v 1.868008 1.245126 0.014249
v 1.686476 1.270164 -0.040837
v 1.842970 1.270164 -0.040837
v 1.868008 1.245126 -0.040837
v 1.842970 0.274875 -0.040837
v 1.868008 0.299914 -0.040837
v 1.686476 0.274875 -0.040837
v 1.686476 1.270164 -0.013293
v 1.686476 0.274875 -0.013293
v 1.686476 1.144971 -0.138486
v 1.868008 1.144971 -0.138486
v 1.868008 1.144971 -0.040837
v 1.686476 1.144971 -0.040837
v 1.868008 1.245126 -0.138486
v 1.842970 1.270164 -0.138486
v 1.686476 1.270164 -0.138486
v 0.390722 1.270164 -0.166031
v 1.842970 1.270164 -0.166031
v 1.868008 1.245126 -0.166031
v 0.365684 1.144971 -0.166031
v 1.868008 1.144971 -0.166031
v 0.365684 1.245126 -0.166031
v 0.390722 1.270164 -0.138486
v 0.365684 1.245126 -0.138486
v 0.365684 1.144971 -0.138486
v 1.686476 0.681755 -0.138486
v 1.868008 0.681755 -0.138486
v 1.868008 0.681755 -0.040837
v 1.686476 0.681755 -0.040837
v 1.868008 0.863287 -0.138486
v 1.868008 0.863287 -0.040837
v 1.686476 0.863287 -0.138486
v 1.686476 0.863287 -0.040837
v 0.365684 0.681755 -0.166031
v 0.365684 0.863287 -0.166031
v 1.868008 0.863287 -0.166031
v 1.868008 0.681755 -0.166031
v 0.365684 0.681755 -0.138486
v 0.365684 0.863287 -0.138486
v 1.868008 0.400069 -0.166030
v 1.868008 0.299914 -0.166030
v 1.842970 0.274875 -0.166030
v 0.365684 0.299914 -0.166030
v 0.390722 0.274875 -0.166030
v 0.365684 0.400069 -0.166030
v 0.390722 0.274875 -0.138486
v 1.842970 0.274875 -0.138486
v 1.868008 0.299914 -0.138486
v 1.868008 0.400069 -0.138486
v 0.365684 0.400069 -0.138486
v 0.365684 0.299914 -0.138486
v 1.686476 0.274875 -0.138486
v 1.868008 0.400069 -0.040837
v 1.686476 0.400069 -0.138486
v 1.686476 0.400069 -0.040837
v 1.207612 0.274875 -0.040837
v 1.026080 0.274875 -0.040837
v 1.026080 1.270164 -0.040837
v 1.207612 1.270164 -0.040837
v 1.207612 0.274875 -0.013293
v 1.207612 1.270164 -0.013293
v 1.026080 1.270164 -0.013293
v 1.026080 0.274875 -0.013293
v 0.365684 0.299914 -0.040837
v 0.365684 1.245126 -0.040837
v 0.390722 1.270164 -0.040837
v 0.547213 0.274875 -0.040837
v 0.547213 1.270164 -0.040837
v 0.390722 0.274875 -0.040837
v 0.547213 0.274875 -0.013293
v 0.547213 1.270164 -0.013293
v 1.026080 0.274875 -0.138486
v 1.207612 0.274875 -0.138486
v 1.207612 0.400069 -0.138486
v 1.207612 0.400069 -0.040837
v 1.026080 0.400069 -0.138486
v 1.026080 0.400069 -0.040837
v 1.026080 0.681755 -0.138486
v 1.207612 0.681755 -0.138486
v 1.207612 0.681755 -0.040837
v 1.026080 0.681755 -0.040837
v 1.207612 0.863287 -0.138486
v 1.207612 0.863287 -0.040837
v 1.026080 0.863287 -0.138486
v 1.026080 0.863287 -0.040837
v 1.026080 1.144971 -0.138486
v 1.207612 1.144971 -0.138486
v 1.207612 1.144971 -0.040837
v 1.026080 1.144971 -0.040837
v 1.207612 1.270164 -0.138486
v 1.026080 1.270164 -0.138486
v 0.547213 1.144971 -0.138486
v 0.547213 1.144971 -0.040837
v 0.365684 1.144971 -0.040837
v 0.547213 1.270164 -0.138486
v 0.547213 0.681755 -0.138486
v 0.547213 0.681755 -0.040837
v 0.365684 0.681755 -0.040837
v 0.547213 0.863287 -0.138486
v 0.547213 0.863287 -0.040837
v 0.365684 0.863287 -0.040837
v 0.547213 0.274875 -0.138486
v 0.547213 0.400069 -0.138486
v 0.547213 0.400069 -0.040837
v 0.365684 0.400069 -0.040837
vn -0.0000 -0.0000 -1.0000
vn -0.0000 -0.0000 1.0000
vn -0.0000 -1.0000 -0.0000
vn 1.0000 -0.0000 -0.0000
vn -0.0000 1.0000 -0.0000
vn -1.0000 -0.0000 -0.0000
vn 0.7071 -0.7071 -0.0000
vn 0.7071 0.7071 -0.0000
vn -0.7071 0.7071 -0.0000
vn -0.7071 -0.7071 -0.0000
vt 0.014100 0.567600
vt 0.014100 0.518900
vt 0.022100 0.511200
vt 0.493800 0.518900
vt 0.485800 0.511200
vt 0.493800 0.567600
vt 0.485800 0.632600
vt 0.022100 0.632600
vt 0.014100 0.624800
vt 0.014100 0.576200
vt 0.493800 0.576200
vt 0.493800 0.624800
vt 0.022100 0.502600
vt 0.485800 0.502600
vt 0.005300 0.624800
vt 0.005300 0.576200
vt 0.502600 0.576200
vt 0.502600 0.624800
vt 0.475700 0.775500
vt 0.475700 0.814000
vt 0.013800 0.814000
vt 0.013800 0.775500
vt 0.475700 0.861000
vt 0.013800 0.861000
vt 0.013800 0.822500
vt 0.475700 0.822500
vt 0.475700 0.869500
vt 0.013800 0.869500
vt 0.005300 0.861000
vt 0.005300 0.822500
vt 0.484200 0.822500
vt 0.484200 0.861000
vt 0.507400 0.151900
vt 0.507400 0.211500
vt 0.014400 0.211500
vt 0.014400 0.151900
vt 0.507400 0.280100
vt 0.014400 0.280100
vt 0.014400 0.220500
vt 0.507400 0.220500
vt 0.507400 0.289100
vt 0.014400 0.289100
vt 0.005300 0.280100
vt 0.005300 0.220500
vt 0.516500 0.220500
vt 0.516500 0.280100
vt 0.475700 0.875600
vt 0.475700 0.914100
vt 0.013800 0.914100
vt 0.013800 0.875600
vt 0.475700 0.961000
vt 0.013800 0.961000
vt 0.013800 0.922500
vt 0.475700 0.922500
vt 0.475700 0.969500
vt 0.013800 0.969500
vt 0.005300 0.961000
vt 0.005300 0.922500
vt 0.484200 0.922500
vt 0.484200 0.961000
vt 0.485800 0.770100
vt 0.022100 0.770100
vt 0.014100 0.762300
vt 0.493800 0.713700
vt 0.014100 0.713700
vt 0.493800 0.762300
vt 0.022100 0.648700
vt 0.485800 0.648700
vt 0.493800 0.656400
vt 0.493800 0.705100
vt 0.014100 0.705100
vt 0.014100 0.656400
vt 0.005300 0.762300
vt 0.005300 0.713700
vt 0.022100 0.640100
vt 0.485800 0.640100
vt 0.502600 0.713700
vt 0.502600 0.762300
vt 0.547100 0.204900
vt 0.547100 0.153100
vt 0.555400 0.144800
vt 0.876200 0.153100
vt 0.867900 0.144800
vt 0.876200 0.204900
vt 0.867900 0.274000
vt 0.555400 0.274000
vt 0.547100 0.265700
vt 0.547100 0.214000
vt 0.876200 0.214000
vt 0.876200 0.265700
vt 0.867900 0.283100
vt 0.555400 0.283100
vt 0.538000 0.265700
vt 0.538000 0.214000
vt 0.885300 0.214000
vt 0.885300 0.265700
vt 0.792900 0.904200
vt 0.706800 0.904200
vt 0.706800 0.852300
vt 0.792900 0.852300
vt 0.651700 0.904200
vt 0.651700 0.852300
vt 0.637900 0.904200
vt 0.538000 0.904200
vt 0.538000 0.852300
vt 0.637900 0.852300
vt 0.861800 0.904200
vt 0.861800 0.852300
vt 0.484200 0.495500
vt 0.022100 0.495500
vt 0.014100 0.487500
vt 0.492100 0.455700
vt 0.014100 0.455700
vt 0.492100 0.487500
vt 0.022100 0.407100
vt 0.484200 0.407100
vt 0.492100 0.415000
vt 0.492100 0.446900
vt 0.014100 0.446900
vt 0.014100 0.415000
vt 0.005300 0.446900
vt 0.005300 0.415000
vt 0.022100 0.398300
vt 0.484200 0.398300
vt 0.500900 0.415000
vt 0.500900 0.446900
vt 0.624200 0.486400
vt 0.538000 0.486400
vt 0.538000 0.440100
vt 0.624200 0.440100
vt 0.882600 0.486400
vt 0.796500 0.486400
vt 0.796500 0.440100
vt 0.882600 0.440100
vt 0.710300 0.486400
vt 0.710300 0.440100
vt 0.515900 0.003700
vt 0.515900 0.064300
vt 0.014500 0.064300
vt 0.014500 0.003700
vt 0.515900 0.134000
vt 0.014500 0.134000
vt 0.014500 0.073500
vt 0.515900 0.073500
vt 0.515900 0.143200
vt 0.014500 0.143200
vt 0.005300 0.134000
vt 0.005300 0.073500
vt 0.525100 0.073500
vt 0.525100 0.134000
vt 0.014100 0.341100
vt 0.014100 0.309200
vt 0.022100 0.301300
vt 0.492100 0.309200
vt 0.484200 0.301300
vt 0.492100 0.341100
vt 0.484200 0.389700
vt 0.022100 0.389700
vt 0.014100 0.381700
vt 0.014100 0.349900
vt 0.492100 0.349900
vt 0.492100 0.381700
vt 0.022100 0.292500
vt 0.484200 0.292500
vt 0.005300 0.381700
vt 0.005300 0.349900
vt 0.500900 0.349900
vt 0.500900 0.381700
vt 0.792900 0.742200
vt 0.706800 0.742200
vt 0.706800 0.690300
vt 0.792900 0.690300
vt 0.651700 0.742200
vt 0.651700 0.690300
vt 0.637900 0.742200
vt 0.538000 0.742200
vt 0.538000 0.690300
vt 0.637900 0.690300
vt 0.861800 0.742200
vt 0.861800 0.690300
vt 0.878600 0.298400
vt 0.878600 0.358900
vt 0.547200 0.358900
vt 0.547200 0.298400
vt 0.878600 0.428500
vt 0.547200 0.428500
vt 0.547200 0.368000
vt 0.878600 0.368000
vt 0.547200 0.289200
vt 0.878600 0.289200
vt 0.538000 0.358900
vt 0.538000 0.298400
vt 0.887800 0.298400
vt 0.887800 0.358900
vt 0.555400 0.012800
vt 0.867100 0.012800
vt 0.875300 0.021000
vt 0.547100 0.072600
vt 0.875300 0.072600
vt 0.547100 0.021000
vt 0.867100 0.141600
vt 0.555400 0.141600
vt 0.547100 0.133300
vt 0.547100 0.081700
vt 0.875300 0.081700
vt 0.875300 0.133300
vt 0.884400 0.021000
vt 0.884400 0.072600
vt 0.555400 0.003700
vt 0.867100 0.003700
vt 0.538000 0.072600
vt 0.538000 0.021000
vt 0.624200 0.632600
vt 0.538000 0.632600
vt 0.538000 0.586300
vt 0.624200 0.586300
vt 0.882600 0.632600
vt 0.796500 0.632600
vt 0.796500 0.586300
vt 0.882600 0.586300
vt 0.710300 0.632600
vt 0.710300 0.586300
vt 0.624200 0.681100
vt 0.538000 0.681100
vt 0.538000 0.634800
vt 0.624200 0.634800
vt 0.882600 0.681100
vt 0.796500 0.681100
vt 0.796500 0.634800
vt 0.882600 0.634800
vt 0.710300 0.681100
vt 0.710300 0.634800
vt 0.624200 0.535800
vt 0.538000 0.535800
vt 0.538000 0.489500
vt 0.624200 0.489500
vt 0.882600 0.535800
vt 0.796500 0.535800
vt 0.796500 0.489500
vt 0.882600 0.489500
vt 0.710300 0.535800
vt 0.710300 0.489500
vt 0.792900 0.849800
vt 0.706800 0.849800
vt 0.706800 0.798000
vt 0.792900 0.798000
vt 0.651700 0.849800
vt 0.651700 0.798000
vt 0.637900 0.849800
vt 0.538000 0.849800
vt 0.538000 0.798000
vt 0.637900 0.798000
vt 0.861800 0.849800
vt 0.861800 0.798000
vt 0.624200 0.584400
vt 0.538000 0.584400
vt 0.538000 0.538100
vt 0.624200 0.538100
vt 0.882600 0.584400
vt 0.796500 0.584400
vt 0.796500 0.538100
vt 0.882600 0.538100
vt 0.710300 0.584400
vt 0.710300 0.538100
vt 0.792900 0.795700
vt 0.706800 0.795700
vt 0.706800 0.743900
vt 0.792900 0.743900
vt 0.651700 0.795700
vt 0.651700 0.743900
vt 0.637900 0.795700
vt 0.538000 0.795700
vt 0.538000 0.743900
vt 0.637900 0.743900
vt 0.861800 0.795700
vt 0.861800 0.743900
vt 0.014100 0.632600
vt 0.005300 0.632600
vt 0.876200 0.283100
vt 0.876200 0.274000
vt 0.014100 0.389700
vt 0.005300 0.389700
vt 0.005300 0.770100
vt 0.014100 0.770100
vt 0.547100 0.274000
vt 0.547100 0.283100
vt 0.014100 0.407100
vt 0.005300 0.407100
vt 0.502600 0.770100
vt 0.493800 0.770100
vt 0.875300 0.003700
vt 0.875300 0.012800
vt 0.492100 0.407100
vt 0.500900 0.407100
vt 0.502600 0.632600
vt 0.493800 0.632600
vt 0.547100 0.003700
vt 0.547100 0.012800
vt 0.500900 0.389700
vt 0.492100 0.389700
s 1
usemtl 07___Default.017
f 761/1501/51 762/1502/51 763/1503/51 764/1504/51
f 763/1503/51 765/1505/51 764/1504/51
f 761/1501/51 764/1504/51 766/1506/51
f 767/1507/52 768/1508/52 769/1509/52 770/1510/52
f 767/1507/52 770/1510/52 771/1511/52 772/1512/52
f 765/1505/53 763/1503/53 768/1513/53 767/1514/53
f 762/1515/54 761/1516/54 770/1510/54 769/1509/54
f 761/1501/55 766/1506/55 771/1511/55 770/1510/55
f 766/1517/56 764/1518/56 772/1512/56 771/1511/56
f 773/1519/51 774/1520/51 775/1521/51 776/1522/51
f 777/1523/52 778/1524/52 779/1525/52 780/1526/52
f 773/1527/53 776/1528/53 778/1524/53 777/1523/53
f 776/1529/54 775/1530/54 779/1525/54 778/1524/54
f 775/1521/55 774/1520/55 780/1526/55 779/1525/55
f 774/1531/56 773/1532/56 777/1523/56 780/1526/56
f 781/1533/51 782/1534/51 783/1535/51 784/1536/51
f 785/1537/52 786/1538/52 787/1539/52 788/1540/52
f 781/1541/53 784/1542/53 786/1538/53 785/1537/53
f 784/1543/54 783/1544/54 787/1539/54 786/1538/54
f 783/1535/55 782/1534/55 788/1540/55 787/1539/55
f 782/1545/56 781/1546/56 785/1537/56 788/1540/56
f 789/1547/51 790/1548/51 791/1549/51 792/1550/51
f 793/1551/52 794/1552/52 795/1553/52 796/1554/52
f 789/1555/53 792/1556/53 794/1552/53 793/1551/53
f 792/1557/54 791/1558/54 795/1553/54 794/1552/54
f 791/1549/55 790/1548/55 796/1554/55 795/1553/55
f 790/1559/56 789/1560/56 793/1551/56 796/1554/56
f 797/1561/51 798/1562/51 799/1563/51 800/1564/51
f 799/1563/51 801/1565/51 800/1564/51
f 797/1561/51 800/1564/51 802/1566/51
f 803/1567/52 804/1568/52 805/1569/52 806/1570/52
f 803/1567/52 806/1570/52 807/1571/52 808/1572/52
f 800/1564/53 801/1565/53 807/1571/53 806/1570/53
f 801/1565/54 799/1563/54 808/1573/54 807/1574/54
f 798/1575/55 797/1576/55 804/1568/55 803/1567/55
f 802/1566/56 800/1564/56 806/1577/56 805/1578/56
f 809/1579/51 810/1580/51 811/1581/51 812/1582/51
f 811/1581/51 813/1583/51 812/1582/51
f 809/1579/51 812/1582/51 814/1584/51
f 762/1585/52 799/1586/52 798/1587/52 815/1588/52
f 762/1585/52 815/1588/52 816/1589/52 763/1590/52
f 813/1591/54 811/1592/54 799/1586/54 762/1585/54
f 810/1593/55 809/1594/55 815/1588/55 798/1587/55
f 809/1579/56 814/1584/56 816/1589/56 815/1588/56
f 814/1595/53 812/1596/53 763/1590/53 816/1589/53
f 817/1597/53 818/1598/53 819/1599/53 820/1600/53
f 818/1598/54 821/1601/54 811/1602/54 819/1599/54
f 822/1603/55 823/1604/55 809/1605/55 810/1606/55
f 823/1607/56 817/1597/56 820/1600/56 809/1608/56
f 824/1609/51 825/1610/51 826/1611/51 827/1612/51
f 826/1611/51 828/1613/51 827/1612/51
f 824/1609/51 827/1612/51 829/1614/51
f 822/1615/52 830/1616/52 831/1617/52 832/1618/52
f 822/1615/52 832/1618/52 818/1619/52 821/1620/52
f 827/1612/53 828/1613/53 818/1619/53 832/1618/53
f 828/1621/54 826/1622/54 821/1620/54 818/1619/54
f 825/1623/55 824/1624/55 830/1616/55 822/1615/55
f 829/1625/56 827/1626/56 832/1618/56 831/1617/56
f 833/1627/53 834/1628/53 835/1629/53 836/1630/53
f 834/1631/54 837/1632/54 838/1633/54 835/1634/54
f 837/1632/55 839/1635/55 840/1636/55 838/1633/55
f 839/1635/56 833/1627/56 836/1630/56 840/1636/56
f 841/1637/51 842/1638/51 843/1639/51 844/1640/51
f 845/1641/52 834/1642/52 837/1643/52 846/1644/52
f 841/1645/53 844/1646/53 834/1642/53 845/1641/53
f 844/1647/54 843/1648/54 837/1643/54 834/1642/54
f 843/1639/55 842/1638/55 846/1644/55 837/1643/55
f 842/1649/56 841/1650/56 845/1641/56 846/1644/56
f 847/1651/51 848/1652/51 849/1653/51 850/1654/51
f 849/1653/51 851/1655/51 850/1654/51
f 847/1651/51 850/1654/51 852/1656/51
f 853/1657/52 854/1658/52 855/1659/52 856/1660/52
f 853/1657/52 856/1660/52 857/1661/52 858/1662/52
f 851/1655/53 849/1653/53 854/1663/53 853/1664/53
f 848/1665/54 847/1666/54 856/1660/54 855/1659/54
f 847/1651/55 852/1656/55 857/1661/55 856/1660/55
f 852/1667/56 850/1668/56 858/1662/56 857/1661/56
f 859/1669/53 854/1670/53 812/1671/53 814/1672/53
f 855/1670/54 856/1673/54 860/1674/54 813/1671/54
f 856/1675/55 861/1676/55 862/1677/55 860/1678/55
f 861/1679/56 859/1669/56 814/1672/56 862/1680/56
f 863/1681/51 864/1682/51 865/1683/51 866/1684/51
f 867/1685/52 868/1686/52 869/1687/52 870/1688/52
f 863/1681/54 866/1684/54 868/1689/54 867/1690/54
f 866/1684/55 865/1683/55 869/1691/55 868/1692/55
f 865/1683/56 864/1682/56 870/1688/56 869/1687/56
f 864/1682/53 863/1681/53 867/1693/53 870/1694/53
f 871/1695/51 872/1696/51 873/1697/51 874/1698/51
f 873/1697/51 875/1699/51 874/1698/51
f 871/1695/51 874/1698/51 876/1700/51
f 802/1701/52 764/1702/52 765/1703/52 877/1704/52
f 802/1701/52 877/1704/52 878/1705/52 797/1706/52
f 874/1698/54 875/1699/54 878/1705/54 877/1704/54
f 875/1699/55 873/1697/55 797/1707/55 878/1708/55
f 872/1696/56 871/1695/56 764/1709/56 802/1710/56
f 876/1700/53 874/1698/53 877/1711/53 765/1712/53
f 879/1713/53 880/1714/53 863/1715/53 864/1716/53
f 880/1717/54 881/1718/54 882/1719/54 863/1720/54
f 881/1718/55 883/1721/55 884/1722/55 882/1719/55
f 883/1721/56 879/1713/56 864/1716/56 884/1722/56
f 885/1723/53 886/1724/53 887/1725/53 888/1726/53
f 886/1727/54 889/1728/54 890/1729/54 887/1730/54
f 889/1728/55 891/1731/55 892/1732/55 890/1729/55
f 891/1731/56 885/1723/56 888/1726/56 892/1732/56
f 893/1733/53 894/1734/53 895/1735/53 896/1736/53
f 894/1737/54 897/1738/54 866/1739/54 895/1740/54
f 897/1738/55 898/1741/55 865/1742/55 866/1739/55
f 898/1741/56 893/1733/56 896/1736/56 865/1742/56
f 832/1743/53 899/1744/53 900/1745/53 901/1746/53
f 899/1744/54 902/1747/54 875/1748/54 900/1745/54
f 902/1749/55 830/1750/55 873/1751/55 875/1752/55
f 831/1753/56 832/1743/56 901/1746/56 872/1754/56
f 845/1755/53 903/1756/53 904/1757/53 905/1758/53
f 903/1759/54 906/1760/54 907/1761/54 904/1762/54
f 906/1760/55 846/1763/55 908/1764/55 907/1761/55
f 846/1763/56 845/1755/56 905/1758/56 908/1764/56
f 853/1765/53 909/1766/53 874/1767/53 876/1768/53
f 909/1766/54 910/1769/54 911/1770/54 874/1767/54
f 910/1771/55 857/1772/55 912/1773/55 911/1774/55
f 857/1775/56 858/1765/56 871/1768/56 912/1776/56
f 769/1509/57 768/1777/57 763/1778/57 762/1515/57
f 812/1779/57 813/1591/57 762/1585/57 763/1780/57
f 813/1678/57 812/1674/57 854/1673/57 855/1675/57
f 855/1659/57 854/1781/57 849/1782/57 848/1665/57
f 803/1783/58 808/1573/58 799/1563/58 798/1784/58
f 810/1606/58 811/1602/58 821/1601/58 822/1603/58
f 798/1785/58 799/1586/58 811/1592/58 810/1786/58
f 822/1787/58 821/1620/58 826/1622/58 825/1788/58
f 805/1578/59 804/1789/59 797/1790/59 802/1566/59
f 802/1710/59 797/1791/59 873/1792/59 872/1696/59
f 872/1752/59 873/1748/59 830/1747/59 831/1749/59
f 831/1617/59 830/1793/59 824/1794/59 829/1625/59
f 764/1518/60 765/1795/60 767/1796/60 772/1512/60
f 765/1797/60 764/1709/60 871/1695/60 876/1798/60
f 858/1774/60 853/1770/60 876/1769/60 871/1771/60
f 850/1668/60 851/1799/60 853/1800/60 858/1662/60
o Europalette.006
v 1.868008 0.456407 0.152072
v 1.868008 0.299914 0.152072
v 1.842970 0.274875 0.152072
v 0.365684 0.299914 0.152072
v 0.390722 0.274875 0.152072
v 0.365684 0.456407 0.152072
v 0.390722 0.274875 0.179614
v 1.842970 0.274875 0.179614
v 1.868008 0.299914 0.179614
v 1.868008 0.456407 0.179614
v 0.365684 0.456407 0.179614
v 0.365684 0.299914 0.179614
v 0.365684 0.506485 0.152072
v 0.365684 0.631678 0.152072
v 1.868008 0.631678 0.152072
v 1.868008 0.506485 0.152072
v 0.365684 0.506485 0.179614
v 1.868008 0.506485 0.179614
v 1.868008 0.631678 0.179614
v 0.365684 0.631678 0.179614
v 0.365684 0.681755 0.152072
v 0.365684 0.863287 0.152072
v 1.868008 0.863287 0.152072
v 1.868008 0.681755 0.152072
v 0.365684 0.681755 0.179614
v 1.868008 0.681755 0.179614
v 1.868008 0.863287 0.179614
v 0.365684 0.863287 0.179614
v 0.365684 0.913365 0.152072
v 0.365684 1.038558 0.152072
v 1.868008 1.038558 0.152072
v 1.868008 0.913365 0.152072
v 0.365684 0.913365 0.179614
v 1.868008 0.913365 0.179614
v 1.868008 1.038558 0.179614
v 0.365684 1.038558 0.179614
v 0.390722 1.270164 0.152072
v 1.842970 1.270164 0.152072
v 1.868008 1.245126 0.152072
v 0.365684 1.088636 0.152072
v 1.868008 1.088636 0.152072
v 0.365684 1.245126 0.152072
v 1.842970 1.270164 0.179614
v 0.390722 1.270164 0.179614
v 0.365684 1.245126 0.179614
v 0.365684 1.088636 0.179614
v 1.868008 1.088636 0.179614
v 1.868008 1.245126 0.179614
v 1.686476 1.270164 0.124528
v 1.842970 1.270164 0.124528
v 1.868008 1.245126 0.124528
v 1.842970 0.274875 0.124528
v 1.868008 0.299914 0.124528
v 1.686476 0.274875 0.124528
v 1.686476 1.270164 0.152072
v 1.686476 0.274875 0.152072
v 1.686476 1.144971 0.026879
v 1.868008 1.144971 0.026879
v 1.868008 1.144971 0.124528
v 1.686476 1.144971 0.124528
v 1.868008 1.245126 0.026879
v 1.842970 1.270164 0.026879
v 1.686476 1.270164 0.026879
v 0.390722 1.270164 -0.000666
v 1.842970 1.270164 -0.000666
v 1.868008 1.245126 -0.000666
v 0.365684 1.144971 -0.000666
v 1.868008 1.144971 -0.000666
v 0.365684 1.245126 -0.000666
v 0.390722 1.270164 0.026879
v 0.365684 1.245126 0.026879
v 0.365684 1.144971 0.026879
v 1.686476 0.681755 0.026879
v 1.868008 0.681755 0.026879
v 1.868008 0.681755 0.124528
v 1.686476 0.681755 0.124528
v 1.868008 0.863287 0.026879
v 1.868008 0.863287 0.124528
v 1.686476 0.863287 0.026879
v 1.686476 0.863287 0.124528
v 0.365684 0.681755 -0.000666
v 0.365684 0.863287 -0.000666
v 1.868008 0.863287 -0.000666
v 1.868008 0.681755 -0.000666
v 0.365684 0.681755 0.026879
v 0.365684 0.863287 0.026879
v 1.868008 0.400069 -0.000666
v 1.868008 0.299914 -0.000666
v 1.842970 0.274875 -0.000666
v 0.365684 0.299914 -0.000666
v 0.390722 0.274875 -0.000666
v 0.365684 0.400069 -0.000666
v 0.390722 0.274875 0.026879
v 1.842970 0.274875 0.026879
v 1.868008 0.299914 0.026879
v 1.868008 0.400069 0.026879
v 0.365684 0.400069 0.026879
v 0.365684 0.299914 0.026879
v 1.686476 0.274875 0.026879
v 1.868008 0.400069 0.124528
v 1.686476 0.400069 0.026879
v 1.686476 0.400069 0.124528
v 1.207612 0.274875 0.124528
v 1.026080 0.274875 0.124528
v 1.026080 1.270164 0.124528
v 1.207612 1.270164 0.124528
v 1.207612 0.274875 0.152072
v 1.207612 1.270164 0.152072
v 1.026080 1.270164 0.152072
v 1.026080 0.274875 0.152072
v 0.365684 0.299914 0.124528
v 0.365684 1.245126 0.124528
v 0.390722 1.270164 0.124528
v 0.547213 0.274875 0.124528
v 0.547213 1.270164 0.124528
v 0.390722 0.274875 0.124528
v 0.547213 0.274875 0.152072
v 0.547213 1.270164 0.152072
v 1.026080 0.274875 0.026879
v 1.207612 0.274875 0.026879
v 1.207612 0.400069 0.026879
v 1.207612 0.400069 0.124528
v 1.026080 0.400069 0.026879
v 1.026080 0.400069 0.124528
v 1.026080 0.681755 0.026879
v 1.207612 0.681755 0.026879
v 1.207612 0.681755 0.124528
v 1.026080 0.681755 0.124528
v 1.207612 0.863287 0.026879
v 1.207612 0.863287 0.124528
v 1.026080 0.863287 0.026879
v 1.026080 0.863287 0.124528
v 1.026080 1.144971 0.026879
v 1.207612 1.144971 0.026879
v 1.207612 1.144971 0.124528
v 1.026080 1.144971 0.124528
v 1.207612 1.270164 0.026879
v 1.026080 1.270164 0.026879
v 0.547213 1.144971 0.026879
v 0.547213 1.144971 0.124528
v 0.365684 1.144971 0.124528
v 0.547213 1.270164 0.026879
v 0.547213 0.681755 0.026879
v 0.547213 0.681755 0.124528
v 0.365684 0.681755 0.124528
v 0.547213 0.863287 0.026879
v 0.547213 0.863287 0.124528
v 0.365684 0.863287 0.124528
v 0.547213 0.274875 0.026879
v 0.547213 0.400069 0.026879
v 0.547213 0.400069 0.124528
v 0.365684 0.400069 0.124528
vn -0.0000 -0.0000 -1.0000
vn -0.0000 -0.0000 1.0000
vn -0.0000 -1.0000 -0.0000
vn 1.0000 -0.0000 -0.0000
vn -0.0000 1.0000 -0.0000
vn -1.0000 -0.0000 -0.0000
vn 0.7071 -0.7071 -0.0000
vn 0.7071 0.7071 -0.0000
vn -0.7071 0.7071 -0.0000
vn -0.7071 -0.7071 -0.0000
vt 0.014100 0.567600
vt 0.014100 0.518900
vt 0.022100 0.511200
vt 0.493800 0.518900
vt 0.485800 0.511200
vt 0.493800 0.567600
vt 0.485800 0.632600
vt 0.022100 0.632600
vt 0.014100 0.624800
vt 0.014100 0.576200
vt 0.493800 0.576200
vt 0.493800 0.624800
vt 0.022100 0.502600
vt 0.485800 0.502600
vt 0.005300 0.624800
vt 0.005300 0.576200
vt 0.502600 0.576200
vt 0.502600 0.624800
vt 0.475700 0.775500
vt 0.475700 0.814000
vt 0.013800 0.814000
vt 0.013800 0.775500
vt 0.475700 0.861000
vt 0.013800 0.861000
vt 0.013800 0.822500
vt 0.475700 0.822500
vt 0.475700 0.869500
vt 0.013800 0.869500
vt 0.005300 0.861000
vt 0.005300 0.822500
vt 0.484200 0.822500
vt 0.484200 0.861000
vt 0.507400 0.151900
vt 0.507400 0.211500
vt 0.014400 0.211500
vt 0.014400 0.151900
vt 0.507400 0.280100
vt 0.014400 0.280100
vt 0.014400 0.220500
vt 0.507400 0.220500
vt 0.507400 0.289100
vt 0.014400 0.289100
vt 0.005300 0.280100
vt 0.005300 0.220500
vt 0.516500 0.220500
vt 0.516500 0.280100
vt 0.475700 0.875600
vt 0.475700 0.914100
vt 0.013800 0.914100
vt 0.013800 0.875600
vt 0.475700 0.961000
vt 0.013800 0.961000
vt 0.013800 0.922500
vt 0.475700 0.922500
vt 0.475700 0.969500
vt 0.013800 0.969500
vt 0.005300 0.961000
vt 0.005300 0.922500
vt 0.484200 0.922500
vt 0.484200 0.961000
vt 0.485800 0.770100
vt 0.022100 0.770100
vt 0.014100 0.762300
vt 0.493800 0.713700
vt 0.014100 0.713700
vt 0.493800 0.762300
vt 0.022100 0.648700
vt 0.485800 0.648700
vt 0.493800 0.656400
vt 0.493800 0.705100
vt 0.014100 0.705100
vt 0.014100 0.656400
vt 0.005300 0.762300
vt 0.005300 0.713700
vt 0.022100 0.640100
vt 0.485800 0.640100
vt 0.502600 0.713700
vt 0.502600 0.762300
vt 0.547100 0.204900
vt 0.547100 0.153100
vt 0.555400 0.144800
vt 0.876200 0.153100
vt 0.867900 0.144800
vt 0.876200 0.204900
vt 0.867900 0.274000
vt 0.555400 0.274000
vt 0.547100 0.265700
vt 0.547100 0.214000
vt 0.876200 0.214000
vt 0.876200 0.265700
vt 0.867900 0.283100
vt 0.555400 0.283100
vt 0.538000 0.265700
vt 0.538000 0.214000
vt 0.885300 0.214000
vt 0.885300 0.265700
vt 0.792900 0.904200
vt 0.706800 0.904200
vt 0.706800 0.852300
vt 0.792900 0.852300
vt 0.651700 0.904200
vt 0.651700 0.852300
vt 0.637900 0.904200
vt 0.538000 0.904200
vt 0.538000 0.852300
vt 0.637900 0.852300
vt 0.861800 0.904200
vt 0.861800 0.852300
vt 0.484200 0.495500
vt 0.022100 0.495500
vt 0.014100 0.487500
vt 0.492100 0.455700
vt 0.014100 0.455700
vt 0.492100 0.487500
vt 0.022100 0.407100
vt 0.484200 0.407100
vt 0.492100 0.415000
vt 0.492100 0.446900
vt 0.014100 0.446900
vt 0.014100 0.415000
vt 0.005300 0.446900
vt 0.005300 0.415000
vt 0.022100 0.398300
vt 0.484200 0.398300
vt 0.500900 0.415000
vt 0.500900 0.446900
vt 0.624200 0.486400
vt 0.538000 0.486400
vt 0.538000 0.440100
vt 0.624200 0.440100
vt 0.882600 0.486400
vt 0.796500 0.486400
vt 0.796500 0.440100
vt 0.882600 0.440100
vt 0.710300 0.486400
vt 0.710300 0.440100
vt 0.515900 0.003700
vt 0.515900 0.064300
vt 0.014500 0.064300
vt 0.014500 0.003700
vt 0.515900 0.134000
vt 0.014500 0.134000
vt 0.014500 0.073500
vt 0.515900 0.073500
vt 0.515900 0.143200
vt 0.014500 0.143200
vt 0.005300 0.134000
vt 0.005300 0.073500
vt 0.525100 0.073500
vt 0.525100 0.134000
vt 0.014100 0.341100
vt 0.014100 0.309200
vt 0.022100 0.301300
vt 0.492100 0.309200
vt 0.484200 0.301300
vt 0.492100 0.341100
vt 0.484200 0.389700
vt 0.022100 0.389700
vt 0.014100 0.381700
vt 0.014100 0.349900
vt 0.492100 0.349900
vt 0.492100 0.381700
vt 0.022100 0.292500
vt 0.484200 0.292500
vt 0.005300 0.381700
vt 0.005300 0.349900
vt 0.500900 0.349900
vt 0.500900 0.381700
vt 0.792900 0.742200
vt 0.706800 0.742200
vt 0.706800 0.690300
vt 0.792900 0.690300
vt 0.651700 0.742200
vt 0.651700 0.690300
vt 0.637900 0.742200
vt 0.538000 0.742200
vt 0.538000 0.690300
vt 0.637900 0.690300
vt 0.861800 0.742200
vt 0.861800 0.690300
vt 0.878600 0.298400
vt 0.878600 0.358900
vt 0.547200 0.358900
vt 0.547200 0.298400
vt 0.878600 0.428500
vt 0.547200 0.428500
vt 0.547200 0.368000
vt 0.878600 0.368000
vt 0.547200 0.289200
vt 0.878600 0.289200
vt 0.538000 0.358900
vt 0.538000 0.298400
vt 0.887800 0.298400
vt 0.887800 0.358900
vt 0.555400 0.012800
vt 0.867100 0.012800
vt 0.875300 0.021000
vt 0.547100 0.072600
vt 0.875300 0.072600
vt 0.547100 0.021000
vt 0.867100 0.141600
vt 0.555400 0.141600
vt 0.547100 0.133300
vt 0.547100 0.081700
vt 0.875300 0.081700
vt 0.875300 0.133300
vt 0.884400 0.021000
vt 0.884400 0.072600
vt 0.555400 0.003700
vt 0.867100 0.003700
vt 0.538000 0.072600
vt 0.538000 0.021000
vt 0.624200 0.632600
vt 0.538000 0.632600
vt 0.538000 0.586300
vt 0.624200 0.586300
vt 0.882600 0.632600
vt 0.796500 0.632600
vt 0.796500 0.586300
vt 0.882600 0.586300
vt 0.710300 0.632600
vt 0.710300 0.586300
vt 0.624200 0.681100
vt 0.538000 0.681100
vt 0.538000 0.634800
vt 0.624200 0.634800
vt 0.882600 0.681100
vt 0.796500 0.681100
vt 0.796500 0.634800
vt 0.882600 0.634800
vt 0.710300 0.681100
vt 0.710300 0.634800
vt 0.624200 0.535800
vt 0.538000 0.535800
vt 0.538000 0.489500
vt 0.624200 0.489500
vt 0.882600 0.535800
vt 0.796500 0.535800
vt 0.796500 0.489500
vt 0.882600 0.489500
vt 0.710300 0.535800
vt 0.710300 0.489500
vt 0.792900 0.849800
vt 0.706800 0.849800
vt 0.706800 0.798000
vt 0.792900 0.798000
vt 0.651700 0.849800
vt 0.651700 0.798000
vt 0.637900 0.849800
vt 0.538000 0.849800
vt 0.538000 0.798000
vt 0.637900 0.798000
vt 0.861800 0.849800
vt 0.861800 0.798000
vt 0.624200 0.584400
vt 0.538000 0.584400
vt 0.538000 0.538100
vt 0.624200 0.538100
vt 0.882600 0.584400
vt 0.796500 0.584400
vt 0.796500 0.538100
vt 0.882600 0.538100
vt 0.710300 0.584400
vt 0.710300 0.538100
vt 0.792900 0.795700
vt 0.706800 0.795700
vt 0.706800 0.743900
vt 0.792900 0.743900
vt 0.651700 0.795700
vt 0.651700 0.743900
vt 0.637900 0.795700
vt 0.538000 0.795700
vt 0.538000 0.743900
vt 0.637900 0.743900
vt 0.861800 0.795700
vt 0.861800 0.743900
vt 0.014100 0.632600
vt 0.005300 0.632600
vt 0.876200 0.283100
vt 0.876200 0.274000
vt 0.014100 0.389700
vt 0.005300 0.389700
vt 0.005300 0.770100
vt 0.014100 0.770100
vt 0.547100 0.274000
vt 0.547100 0.283100
vt 0.014100 0.407100
vt 0.005300 0.407100
vt 0.502600 0.770100
vt 0.493800 0.770100
vt 0.875300 0.003700
vt 0.875300 0.012800
vt 0.492100 0.407100
vt 0.500900 0.407100
vt 0.502600 0.632600
vt 0.493800 0.632600
vt 0.547100 0.003700
vt 0.547100 0.012800
vt 0.500900 0.389700
vt 0.492100 0.389700
s 1
usemtl 07___Default.018
f 913/1801/61 914/1802/61 915/1803/61 916/1804/61
f 915/1803/61 917/1805/61 916/1804/61
f 913/1801/61 916/1804/61 918/1806/61
f 919/1807/62 920/1808/62 921/1809/62 922/1810/62
f 919/1807/62 922/1810/62 923/1811/62 924/1812/62
f 917/1805/63 915/1803/63 920/1813/63 919/1814/63
f 914/1815/64 913/1816/64 922/1810/64 921/1809/64
f 913/1801/65 918/1806/65 923/1811/65 922/1810/65
f 918/1817/66 916/1818/66 924/1812/66 923/1811/66
f 925/1819/61 926/1820/61 927/1821/61 928/1822/61
f 929/1823/62 930/1824/62 931/1825/62 932/1826/62
f 925/1827/63 928/1828/63 930/1824/63 929/1823/63
f 928/1829/64 927/1830/64 931/1825/64 930/1824/64
f 927/1821/65 926/1820/65 932/1826/65 931/1825/65
f 926/1831/66 925/1832/66 929/1823/66 932/1826/66
f 933/1833/61 934/1834/61 935/1835/61 936/1836/61
f 937/1837/62 938/1838/62 939/1839/62 940/1840/62
f 933/1841/63 936/1842/63 938/1838/63 937/1837/63
f 936/1843/64 935/1844/64 939/1839/64 938/1838/64
f 935/1835/65 934/1834/65 940/1840/65 939/1839/65
f 934/1845/66 933/1846/66 937/1837/66 940/1840/66
f 941/1847/61 942/1848/61 943/1849/61 944/1850/61
f 945/1851/62 946/1852/62 947/1853/62 948/1854/62
f 941/1855/63 944/1856/63 946/1852/63 945/1851/63
f 944/1857/64 943/1858/64 947/1853/64 946/1852/64
f 943/1849/65 942/1848/65 948/1854/65 947/1853/65
f 942/1859/66 941/1860/66 945/1851/66 948/1854/66
f 949/1861/61 950/1862/61 951/1863/61 952/1864/61
f 951/1863/61 953/1865/61 952/1864/61
f 949/1861/61 952/1864/61 954/1866/61
f 955/1867/62 956/1868/62 957/1869/62 958/1870/62
f 955/1867/62 958/1870/62 959/1871/62 960/1872/62
f 952/1864/63 953/1865/63 959/1871/63 958/1870/63
f 953/1865/64 951/1863/64 960/1873/64 959/1874/64
f 950/1875/65 949/1876/65 956/1868/65 955/1867/65
f 954/1866/66 952/1864/66 958/1877/66 957/1878/66
f 961/1879/61 962/1880/61 963/1881/61 964/1882/61
f 963/1881/61 965/1883/61 964/1882/61
f 961/1879/61 964/1882/61 966/1884/61
f 914/1885/62 951/1886/62 950/1887/62 967/1888/62
f 914/1885/62 967/1888/62 968/1889/62 915/1890/62
f 965/1891/64 963/1892/64 951/1886/64 914/1885/64
f 962/1893/65 961/1894/65 967/1888/65 950/1887/65
f 961/1879/66 966/1884/66 968/1889/66 967/1888/66
f 966/1895/63 964/1896/63 915/1890/63 968/1889/63
f 969/1897/63 970/1898/63 971/1899/63 972/1900/63
f 970/1898/64 973/1901/64 963/1902/64 971/1899/64
f 974/1903/65 975/1904/65 961/1905/65 962/1906/65
f 975/1907/66 969/1897/66 972/1900/66 961/1908/66
f 976/1909/61 977/1910/61 978/1911/61 979/1912/61
f 978/1911/61 980/1913/61 979/1912/61
f 976/1909/61 979/1912/61 981/1914/61
f 974/1915/62 982/1916/62 983/1917/62 984/1918/62
f 974/1915/62 984/1918/62 970/1919/62 973/1920/62
f 979/1912/63 980/1913/63 970/1919/63 984/1918/63
f 980/1921/64 978/1922/64 973/1920/64 970/1919/64
f 977/1923/65 976/1924/65 982/1916/65 974/1915/65
f 981/1925/66 979/1926/66 984/1918/66 983/1917/66
f 985/1927/63 986/1928/63 987/1929/63 988/1930/63
f 986/1931/64 989/1932/64 990/1933/64 987/1934/64
f 989/1932/65 991/1935/65 992/1936/65 990/1933/65
f 991/1935/66 985/1927/66 988/1930/66 992/1936/66
f 993/1937/61 994/1938/61 995/1939/61 996/1940/61
f 997/1941/62 986/1942/62 989/1943/62 998/1944/62
f 993/1945/63 996/1946/63 986/1942/63 997/1941/63
f 996/1947/64 995/1948/64 989/1943/64 986/1942/64
f 995/1939/65 994/1938/65 998/1944/65 989/1943/65
f 994/1949/66 993/1950/66 997/1941/66 998/1944/66
f 999/1951/61 1000/1952/61 1001/1953/61 1002/1954/61
f 1001/1953/61 1003/1955/61 1002/1954/61
f 999/1951/61 1002/1954/61 1004/1956/61
f 1005/1957/62 1006/1958/62 1007/1959/62 1008/1960/62
f 1005/1957/62 1008/1960/62 1009/1961/62 1010/1962/62
f 1003/1955/63 1001/1953/63 1006/1963/63 1005/1964/63
f 1000/1965/64 999/1966/64 1008/1960/64 1007/1959/64
f 999/1951/65 1004/1956/65 1009/1961/65 1008/1960/65
f 1004/1967/66 1002/1968/66 1010/1962/66 1009/1961/66
f 1011/1969/63 1006/1970/63 964/1971/63 966/1972/63
f 1007/1970/64 1008/1973/64 1012/1974/64 965/1971/64
f 1008/1975/65 1013/1976/65 1014/1977/65 1012/1978/65
f 1013/1979/66 1011/1969/66 966/1972/66 1014/1980/66
f 1015/1981/61 1016/1982/61 1017/1983/61 1018/1984/61
f 1019/1985/62 1020/1986/62 1021/1987/62 1022/1988/62
f 1015/1981/64 1018/1984/64 1020/1989/64 1019/1990/64
f 1018/1984/65 1017/1983/65 1021/1991/65 1020/1992/65
f 1017/1983/66 1016/1982/66 1022/1988/66 1021/1987/66
f 1016/1982/63 1015/1981/63 1019/1993/63 1022/1994/63
f 1023/1995/61 1024/1996/61 1025/1997/61 1026/1998/61
f 1025/1997/61 1027/1999/61 1026/1998/61
f 1023/1995/61 1026/1998/61 1028/2000/61
f 954/2001/62 916/2002/62 917/2003/62 1029/2004/62
f 954/2001/62 1029/2004/62 1030/2005/62 949/2006/62
f 1026/1998/64 1027/1999/64 1030/2005/64 1029/2004/64
f 1027/1999/65 1025/1997/65 949/2007/65 1030/2008/65
f 1024/1996/66 1023/1995/66 916/2009/66 954/2010/66
f 1028/2000/63 1026/1998/63 1029/2011/63 917/2012/63
f 1031/2013/63 1032/2014/63 1015/2015/63 1016/2016/63
f 1032/2017/64 1033/2018/64 1034/2019/64 1015/2020/64
f 1033/2018/65 1035/2021/65 1036/2022/65 1034/2019/65
f 1035/2021/66 1031/2013/66 1016/2016/66 1036/2022/66
f 1037/2023/63 1038/2024/63 1039/2025/63 1040/2026/63
f 1038/2027/64 1041/2028/64 1042/2029/64 1039/2030/64
f 1041/2028/65 1043/2031/65 1044/2032/65 1042/2029/65
f 1043/2031/66 1037/2023/66 1040/2026/66 1044/2032/66
f 1045/2033/63 1046/2034/63 1047/2035/63 1048/2036/63
f 1046/2037/64 1049/2038/64 1018/2039/64 1047/2040/64
f 1049/2038/65 1050/2041/65 1017/2042/65 1018/2039/65
f 1050/2041/66 1045/2033/66 1048/2036/66 1017/2042/66
f 984/2043/63 1051/2044/63 1052/2045/63 1053/2046/63
f 1051/2044/64 1054/2047/64 1027/2048/64 1052/2045/64
f 1054/2049/65 982/2050/65 1025/2051/65 1027/2052/65
f 983/2053/66 984/2043/66 1053/2046/66 1024/2054/66
f 997/2055/63 1055/2056/63 1056/2057/63 1057/2058/63
f 1055/2059/64 1058/2060/64 1059/2061/64 1056/2062/64
f 1058/2060/65 998/2063/65 1060/2064/65 1059/2061/65
f 998/2063/66 997/2055/66 1057/2058/66 1060/2064/66
f 1005/2065/63 1061/2066/63 1026/2067/63 1028/2068/63
f 1061/2066/64 1062/2069/64 1063/2070/64 1026/2067/64
f 1062/2071/65 1009/2072/65 1064/2073/65 1063/2074/65
f 1009/2075/66 1010/2065/66 1023/2068/66 1064/2076/66
f 921/1809/67 920/2077/67 915/2078/67 914/1815/67
f 964/2079/67 965/1891/67 914/1885/67 915/2080/67
f 965/1978/67 964/1974/67 1006/1973/67 1007/1975/67
f 1007/1959/67 1006/2081/67 1001/2082/67 1000/1965/67
f 955/2083/68 960/1873/68 951/1863/68 950/2084/68
f 962/1906/68 963/1902/68 973/1901/68 974/1903/68
f 950/2085/68 951/1886/68 963/1892/68 962/2086/68
f 974/2087/68 973/1920/68 978/1922/68 977/2088/68
f 957/1878/69 956/2089/69 949/2090/69 954/1866/69
f 954/2010/69 949/2091/69 1025/2092/69 1024/1996/69
f 1024/2052/69 1025/2048/69 982/2047/69 983/2049/69
f 983/1917/69 982/2093/69 976/2094/69 981/1925/69
f 916/1818/70 917/2095/70 919/2096/70 924/1812/70
f 917/2097/70 916/2009/70 1023/1995/70 1028/2098/70
f 1010/2074/70 1005/2070/70 1028/2069/70 1023/2071/70
f 1002/1968/70 1003/2099/70 1005/2100/70 1010/1962/70
o Europalette.007
v 0.944637 -0.976423 0.152072
v 0.944637 -1.132916 0.152072
v 0.919599 -1.157955 0.152072
v -0.557687 -1.132916 0.152072
v -0.532648 -1.157955 0.152072
v -0.557687 -0.976423 0.152072
v -0.532648 -1.157955 0.179614
v 0.919599 -1.157955 0.179614
v 0.944637 -1.132916 0.179614
v 0.944637 -0.976423 0.179614
v -0.557687 -0.976423 0.179614
v -0.557687 -1.132916 0.179614
v -0.557687 -0.926345 0.152072
v -0.557687 -0.801152 0.152072
v 0.944637 -0.801152 0.152072
v 0.944637 -0.926345 0.152072
v -0.557687 -0.926345 0.179614
v 0.944637 -0.926345 0.179614
v 0.944637 -0.801152 0.179614
v -0.557687 -0.801152 0.179614
v -0.557687 -0.751075 0.152072
v -0.557687 -0.569542 0.152072
v 0.944637 -0.569542 0.152072
v 0.944637 -0.751075 0.152072
v -0.557687 -0.751075 0.179614
v 0.944637 -0.751075 0.179614
v 0.944637 -0.569542 0.179614
v -0.557687 -0.569542 0.179614
v -0.557687 -0.519465 0.152072
v -0.557687 -0.394271 0.152072
v 0.944637 -0.394271 0.152072
v 0.944637 -0.519465 0.152072
v -0.557687 -0.519465 0.179614
v 0.944637 -0.519465 0.179614
v 0.944637 -0.394271 0.179614
v -0.557687 -0.394271 0.179614
v -0.532648 -0.162665 0.152072
v 0.919599 -0.162665 0.152072
v 0.944637 -0.187704 0.152072
v -0.557687 -0.344194 0.152072
v 0.944637 -0.344194 0.152072
v -0.557687 -0.187704 0.152072
v 0.919599 -0.162665 0.179614
v -0.532648 -0.162665 0.179614
v -0.557687 -0.187704 0.179614
v -0.557687 -0.344194 0.179614
v 0.944637 -0.344194 0.179614
v 0.944637 -0.187704 0.179614
v 0.763105 -0.162665 0.124528
v 0.919599 -0.162665 0.124528
v 0.944637 -0.187704 0.124528
v 0.919599 -1.157955 0.124528
v 0.944637 -1.132916 0.124528
v 0.763105 -1.157955 0.124528
v 0.763105 -0.162665 0.152072
v 0.763105 -1.157955 0.152072
v 0.763105 -0.287859 0.026879
v 0.944637 -0.287859 0.026879
v 0.944637 -0.287859 0.124528
v 0.763105 -0.287859 0.124528
v 0.944637 -0.187704 0.026879
v 0.919599 -0.162665 0.026879
v 0.763105 -0.162665 0.026879
v -0.532648 -0.162665 -0.000666
v 0.919599 -0.162665 -0.000666
v 0.944637 -0.187704 -0.000666
v -0.557687 -0.287859 -0.000666
v 0.944637 -0.287859 -0.000666
v -0.557687 -0.187704 -0.000666
v -0.532648 -0.162665 0.026879
v -0.557687 -0.187704 0.026879
v -0.557687 -0.287859 0.026879
v 0.763105 -0.751075 0.026879
v 0.944637 -0.751075 0.026879
v 0.944637 -0.751075 0.124528
v 0.763105 -0.751075 0.124528
v 0.944637 -0.569542 0.026879
v 0.944637 -0.569542 0.124528
v 0.763105 -0.569542 0.026879
v 0.763105 -0.569542 0.124528
v -0.557687 -0.751075 -0.000666
v -0.557687 -0.569542 -0.000666
v 0.944637 -0.569542 -0.000666
v 0.944637 -0.751075 -0.000666
v -0.557687 -0.751075 0.026879
v -0.557687 -0.569542 0.026879
v 0.944637 -1.032761 -0.000666
v 0.944637 -1.132916 -0.000666
v 0.919599 -1.157955 -0.000666
v -0.557687 -1.132916 -0.000666
v -0.532648 -1.157955 -0.000666
v -0.557687 -1.032761 -0.000666
v -0.532648 -1.157955 0.026879
v 0.919599 -1.157955 0.026879
v 0.944637 -1.132916 0.026879
v 0.944637 -1.032761 0.026879
v -0.557687 -1.032761 0.026879
v -0.557687 -1.132916 0.026879
v 0.763105 -1.157955 0.026879
v 0.944637 -1.032761 0.124528
v 0.763105 -1.032761 0.026879
v 0.763105 -1.032761 0.124528
v 0.284241 -1.157955 0.124528
v 0.102709 -1.157955 0.124528
v 0.102709 -0.162665 0.124528
v 0.284241 -0.162665 0.124528
v 0.284241 -1.157955 0.152072
v 0.284241 -0.162665 0.152072
v 0.102709 -0.162665 0.152072
v 0.102709 -1.157955 0.152072
v -0.557687 -1.132916 0.124528
v -0.557687 -0.187704 0.124528
v -0.532648 -0.162665 0.124528
v -0.376158 -1.157955 0.124528
v -0.376158 -0.162665 0.124528
v -0.532648 -1.157955 0.124528
v -0.376158 -1.157955 0.152072
v -0.376158 -0.162665 0.152072
v 0.102709 -1.157955 0.026879
v 0.284241 -1.157955 0.026879
v 0.284241 -1.032761 0.026879
v 0.284241 -1.032761 0.124528
v 0.102709 -1.032761 0.026879
v 0.102709 -1.032761 0.124528
v 0.102709 -0.751075 0.026879
v 0.284241 -0.751075 0.026879
v 0.284241 -0.751075 0.124528
v 0.102709 -0.751075 0.124528
v 0.284241 -0.569542 0.026879
v 0.284241 -0.569542 0.124528
v 0.102709 -0.569542 0.026879
v 0.102709 -0.569542 0.124528
v 0.102709 -0.287859 0.026879
v 0.284241 -0.287859 0.026879
v 0.284241 -0.287859 0.124528
v 0.102709 -0.287859 0.124528
v 0.284241 -0.162665 0.026879
v 0.102709 -0.162665 0.026879
v -0.376158 -0.287859 0.026879
v -0.376158 -0.287859 0.124528
v -0.557687 -0.287859 0.124528
v -0.376158 -0.162665 0.026879
v -0.376158 -0.751075 0.026879
v -0.376158 -0.751075 0.124528
v -0.557687 -0.751075 0.124528
v -0.376158 -0.569542 0.026879
v -0.376158 -0.569542 0.124528
v -0.557687 -0.569542 0.124528
v -0.376158 -1.157955 0.026879
v -0.376158 -1.032761 0.026879
v -0.376158 -1.032761 0.124528
v -0.557687 -1.032761 0.124528
vn -0.0000 -0.0000 -1.0000
vn -0.0000 -0.0000 1.0000
vn -0.0000 -1.0000 -0.0000
vn 1.0000 -0.0000 -0.0000
vn -0.0000 1.0000 -0.0000
vn -1.0000 -0.0000 -0.0000
vn 0.7071 -0.7071 -0.0000
vn 0.7071 0.7071 -0.0000
vn -0.7071 0.7071 -0.0000
vn -0.7071 -0.7071 -0.0000
vt 0.014100 0.567600
vt 0.014100 0.518900
vt 0.022100 0.511200
vt 0.493800 0.518900
vt 0.485800 0.511200
vt 0.493800 0.567600
vt 0.485800 0.632600
vt 0.022100 0.632600
vt 0.014100 0.624800
vt 0.014100 0.576200
vt 0.493800 0.576200
vt 0.493800 0.624800
vt 0.022100 0.502600
vt 0.485800 0.502600
vt 0.005300 0.624800
vt 0.005300 0.576200
vt 0.502600 0.576200
vt 0.502600 0.624800
vt 0.475700 0.775500
vt 0.475700 0.814000
vt 0.013800 0.814000
vt 0.013800 0.775500
vt 0.475700 0.861000
vt 0.013800 0.861000
vt 0.013800 0.822500
vt 0.475700 0.822500
vt 0.475700 0.869500
vt 0.013800 0.869500
vt 0.005300 0.861000
vt 0.005300 0.822500
vt 0.484200 0.822500
vt 0.484200 0.861000
vt 0.507400 0.151900
vt 0.507400 0.211500
vt 0.014400 0.211500
vt 0.014400 0.151900
vt 0.507400 0.280100
vt 0.014400 0.280100
vt 0.014400 0.220500
vt 0.507400 0.220500
vt 0.507400 0.289100
vt 0.014400 0.289100
vt 0.005300 0.280100
vt 0.005300 0.220500
vt 0.516500 0.220500
vt 0.516500 0.280100
vt 0.475700 0.875600
vt 0.475700 0.914100
vt 0.013800 0.914100
vt 0.013800 0.875600
vt 0.475700 0.961000
vt 0.013800 0.961000
vt 0.013800 0.922500
vt 0.475700 0.922500
vt 0.475700 0.969500
vt 0.013800 0.969500
vt 0.005300 0.961000
vt 0.005300 0.922500
vt 0.484200 0.922500
vt 0.484200 0.961000
vt 0.485800 0.770100
vt 0.022100 0.770100
vt 0.014100 0.762300
vt 0.493800 0.713700
vt 0.014100 0.713700
vt 0.493800 0.762300
vt 0.022100 0.648700
vt 0.485800 0.648700
vt 0.493800 0.656400
vt 0.493800 0.705100
vt 0.014100 0.705100
vt 0.014100 0.656400
vt 0.005300 0.762300
vt 0.005300 0.713700
vt 0.022100 0.640100
vt 0.485800 0.640100
vt 0.502600 0.713700
vt 0.502600 0.762300
vt 0.547100 0.204900
vt 0.547100 0.153100
vt 0.555400 0.144800
vt 0.876200 0.153100
vt 0.867900 0.144800
vt 0.876200 0.204900
vt 0.867900 0.274000
vt 0.555400 0.274000
vt 0.547100 0.265700
vt 0.547100 0.214000
vt 0.876200 0.214000
vt 0.876200 0.265700
vt 0.867900 0.283100
vt 0.555400 0.283100
vt 0.538000 0.265700
vt 0.538000 0.214000
vt 0.885300 0.214000
vt 0.885300 0.265700
vt 0.792900 0.904200
vt 0.706800 0.904200
vt 0.706800 0.852300
vt 0.792900 0.852300
vt 0.651700 0.904200
vt 0.651700 0.852300
vt 0.637900 0.904200
vt 0.538000 0.904200
vt 0.538000 0.852300
vt 0.637900 0.852300
vt 0.861800 0.904200
vt 0.861800 0.852300
vt 0.484200 0.495500
vt 0.022100 0.495500
vt 0.014100 0.487500
vt 0.492100 0.455700
vt 0.014100 0.455700
vt 0.492100 0.487500
vt 0.022100 0.407100
vt 0.484200 0.407100
vt 0.492100 0.415000
vt 0.492100 0.446900
vt 0.014100 0.446900
vt 0.014100 0.415000
vt 0.005300 0.446900
vt 0.005300 0.415000
vt 0.022100 0.398300
vt 0.484200 0.398300
vt 0.500900 0.415000
vt 0.500900 0.446900
vt 0.624200 0.486400
vt 0.538000 0.486400
vt 0.538000 0.440100
vt 0.624200 0.440100
vt 0.882600 0.486400
vt 0.796500 0.486400
vt 0.796500 0.440100
vt 0.882600 0.440100
vt 0.710300 0.486400
vt 0.710300 0.440100
vt 0.515900 0.003700
vt 0.515900 0.064300
vt 0.014500 0.064300
vt 0.014500 0.003700
vt 0.515900 0.134000
vt 0.014500 0.134000
vt 0.014500 0.073500
vt 0.515900 0.073500
vt 0.515900 0.143200
vt 0.014500 0.143200
vt 0.005300 0.134000
vt 0.005300 0.073500
vt 0.525100 0.073500
vt 0.525100 0.134000
vt 0.014100 0.341100
vt 0.014100 0.309200
vt 0.022100 0.301300
vt 0.492100 0.309200
vt 0.484200 0.301300
vt 0.492100 0.341100
vt 0.484200 0.389700
vt 0.022100 0.389700
vt 0.014100 0.381700
vt 0.014100 0.349900
vt 0.492100 0.349900
vt 0.492100 0.381700
vt 0.022100 0.292500
vt 0.484200 0.292500
vt 0.005300 0.381700
vt 0.005300 0.349900
vt 0.500900 0.349900
vt 0.500900 0.381700
vt 0.792900 0.742200
vt 0.706800 0.742200
vt 0.706800 0.690300
vt 0.792900 0.690300
vt 0.651700 0.742200
vt 0.651700 0.690300
vt 0.637900 0.742200
vt 0.538000 0.742200
vt 0.538000 0.690300
vt 0.637900 0.690300
vt 0.861800 0.742200
vt 0.861800 0.690300
vt 0.878600 0.298400
vt 0.878600 0.358900
vt 0.547200 0.358900
vt 0.547200 0.298400
vt 0.878600 0.428500
vt 0.547200 0.428500
vt 0.547200 0.368000
vt 0.878600 0.368000
vt 0.547200 0.289200
vt 0.878600 0.289200
vt 0.538000 0.358900
vt 0.538000 0.298400
vt 0.887800 0.298400
vt 0.887800 0.358900
vt 0.555400 0.012800
vt 0.867100 0.012800
vt 0.875300 0.021000
vt 0.547100 0.072600
vt 0.875300 0.072600
vt 0.547100 0.021000
vt 0.867100 0.141600
vt 0.555400 0.141600
vt 0.547100 0.133300
vt 0.547100 0.081700
vt 0.875300 0.081700
vt 0.875300 0.133300
vt 0.884400 0.021000
vt 0.884400 0.072600
vt 0.555400 0.003700
vt 0.867100 0.003700
vt 0.538000 0.072600
vt 0.538000 0.021000
vt 0.624200 0.632600
vt 0.538000 0.632600
vt 0.538000 0.586300
vt 0.624200 0.586300
vt 0.882600 0.632600
vt 0.796500 0.632600
vt 0.796500 0.586300
vt 0.882600 0.586300
vt 0.710300 0.632600
vt 0.710300 0.586300
vt 0.624200 0.681100
vt 0.538000 0.681100
vt 0.538000 0.634800
vt 0.624200 0.634800
vt 0.882600 0.681100
vt 0.796500 0.681100
vt 0.796500 0.634800
vt 0.882600 0.634800
vt 0.710300 0.681100
vt 0.710300 0.634800
vt 0.624200 0.535800
vt 0.538000 0.535800
vt 0.538000 0.489500
vt 0.624200 0.489500
vt 0.882600 0.535800
vt 0.796500 0.535800
vt 0.796500 0.489500
vt 0.882600 0.489500
vt 0.710300 0.535800
vt 0.710300 0.489500
vt 0.792900 0.849800
vt 0.706800 0.849800
vt 0.706800 0.798000
vt 0.792900 0.798000
vt 0.651700 0.849800
vt 0.651700 0.798000
vt 0.637900 0.849800
vt 0.538000 0.849800
vt 0.538000 0.798000
vt 0.637900 0.798000
vt 0.861800 0.849800
vt 0.861800 0.798000
vt 0.624200 0.584400
vt 0.538000 0.584400
vt 0.538000 0.538100
vt 0.624200 0.538100
vt 0.882600 0.584400
vt 0.796500 0.584400
vt 0.796500 0.538100
vt 0.882600 0.538100
vt 0.710300 0.584400
vt 0.710300 0.538100
vt 0.792900 0.795700
vt 0.706800 0.795700
vt 0.706800 0.743900
vt 0.792900 0.743900
vt 0.651700 0.795700
vt 0.651700 0.743900
vt 0.637900 0.795700
vt 0.538000 0.795700
vt 0.538000 0.743900
vt 0.637900 0.743900
vt 0.861800 0.795700
vt 0.861800 0.743900
vt 0.014100 0.632600
vt 0.005300 0.632600
vt 0.876200 0.283100
vt 0.876200 0.274000
vt 0.014100 0.389700
vt 0.005300 0.389700
vt 0.005300 0.770100
vt 0.014100 0.770100
vt 0.547100 0.274000
vt 0.547100 0.283100
vt 0.014100 0.407100
vt 0.005300 0.407100
vt 0.502600 0.770100
vt 0.493800 0.770100
vt 0.875300 0.003700
vt 0.875300 0.012800
vt 0.492100 0.407100
vt 0.500900 0.407100
vt 0.502600 0.632600
vt 0.493800 0.632600
vt 0.547100 0.003700
vt 0.547100 0.012800
vt 0.500900 0.389700
vt 0.492100 0.389700
s 1
usemtl 07___Default.019
f 1065/2101/71 1066/2102/71 1067/2103/71 1068/2104/71
f 1067/2103/71 1069/2105/71 1068/2104/71
f 1065/2101/71 1068/2104/71 1070/2106/71
f 1071/2107/72 1072/2108/72 1073/2109/72 1074/2110/72
f 1071/2107/72 1074/2110/72 1075/2111/72 1076/2112/72
f 1069/2105/73 1067/2103/73 1072/2113/73 1071/2114/73
f 1066/2115/74 1065/2116/74 1074/2110/74 1073/2109/74
f 1065/2101/75 1070/2106/75 1075/2111/75 1074/2110/75
f 1070/2117/76 1068/2118/76 1076/2112/76 1075/2111/76
f 1077/2119/71 1078/2120/71 1079/2121/71 1080/2122/71
f 1081/2123/72 1082/2124/72 1083/2125/72 1084/2126/72
f 1077/2127/73 1080/2128/73 1082/2124/73 1081/2123/73
f 1080/2129/74 1079/2130/74 1083/2125/74 1082/2124/74
f 1079/2121/75 1078/2120/75 1084/2126/75 1083/2125/75
f 1078/2131/76 1077/2132/76 1081/2123/76 1084/2126/76
f 1085/2133/71 1086/2134/71 1087/2135/71 1088/2136/71
f 1089/2137/72 1090/2138/72 1091/2139/72 1092/2140/72
f 1085/2141/73 1088/2142/73 1090/2138/73 1089/2137/73
f 1088/2143/74 1087/2144/74 1091/2139/74 1090/2138/74
f 1087/2135/75 1086/2134/75 1092/2140/75 1091/2139/75
f 1086/2145/76 1085/2146/76 1089/2137/76 1092/2140/76
f 1093/2147/71 1094/2148/71 1095/2149/71 1096/2150/71
f 1097/2151/72 1098/2152/72 1099/2153/72 1100/2154/72
f 1093/2155/73 1096/2156/73 1098/2152/73 1097/2151/73
f 1096/2157/74 1095/2158/74 1099/2153/74 1098/2152/74
f 1095/2149/75 1094/2148/75 1100/2154/75 1099/2153/75
f 1094/2159/76 1093/2160/76 1097/2151/76 1100/2154/76
f 1101/2161/71 1102/2162/71 1103/2163/71 1104/2164/71
f 1103/2163/71 1105/2165/71 1104/2164/71
f 1101/2161/71 1104/2164/71 1106/2166/71
f 1107/2167/72 1108/2168/72 1109/2169/72 1110/2170/72
f 1107/2167/72 1110/2170/72 1111/2171/72 1112/2172/72
f 1104/2164/73 1105/2165/73 1111/2171/73 1110/2170/73
f 1105/2165/74 1103/2163/74 1112/2173/74 1111/2174/74
f 1102/2175/75 1101/2176/75 1108/2168/75 1107/2167/75
f 1106/2166/76 1104/2164/76 1110/2177/76 1109/2178/76
f 1113/2179/71 1114/2180/71 1115/2181/71 1116/2182/71
f 1115/2181/71 1117/2183/71 1116/2182/71
f 1113/2179/71 1116/2182/71 1118/2184/71
f 1066/2185/72 1103/2186/72 1102/2187/72 1119/2188/72
f 1066/2185/72 1119/2188/72 1120/2189/72 1067/2190/72
f 1117/2191/74 1115/2192/74 1103/2186/74 1066/2185/74
f 1114/2193/75 1113/2194/75 1119/2188/75 1102/2187/75
f 1113/2179/76 1118/2184/76 1120/2189/76 1119/2188/76
f 1118/2195/73 1116/2196/73 1067/2190/73 1120/2189/73
f 1121/2197/73 1122/2198/73 1123/2199/73 1124/2200/73
f 1122/2198/74 1125/2201/74 1115/2202/74 1123/2199/74
f 1126/2203/75 1127/2204/75 1113/2205/75 1114/2206/75
f 1127/2207/76 1121/2197/76 1124/2200/76 1113/2208/76
f 1128/2209/71 1129/2210/71 1130/2211/71 1131/2212/71
f 1130/2211/71 1132/2213/71 1131/2212/71
f 1128/2209/71 1131/2212/71 1133/2214/71
f 1126/2215/72 1134/2216/72 1135/2217/72 1136/2218/72
f 1126/2215/72 1136/2218/72 1122/2219/72 1125/2220/72
f 1131/2212/73 1132/2213/73 1122/2219/73 1136/2218/73
f 1132/2221/74 1130/2222/74 1125/2220/74 1122/2219/74
f 1129/2223/75 1128/2224/75 1134/2216/75 1126/2215/75
f 1133/2225/76 1131/2226/76 1136/2218/76 1135/2217/76
f 1137/2227/73 1138/2228/73 1139/2229/73 1140/2230/73
f 1138/2231/74 1141/2232/74 1142/2233/74 1139/2234/74
f 1141/2232/75 1143/2235/75 1144/2236/75 1142/2233/75
f 1143/2235/76 1137/2227/76 1140/2230/76 1144/2236/76
f 1145/2237/71 1146/2238/71 1147/2239/71 1148/2240/71
f 1149/2241/72 1138/2242/72 1141/2243/72 1150/2244/72
f 1145/2245/73 1148/2246/73 1138/2242/73 1149/2241/73
f 1148/2247/74 1147/2248/74 1141/2243/74 1138/2242/74
f 1147/2239/75 1146/2238/75 1150/2244/75 1141/2243/75
f 1146/2249/76 1145/2250/76 1149/2241/76 1150/2244/76
f 1151/2251/71 1152/2252/71 1153/2253/71 1154/2254/71
f 1153/2253/71 1155/2255/71 1154/2254/71
f 1151/2251/71 1154/2254/71 1156/2256/71
f 1157/2257/72 1158/2258/72 1159/2259/72 1160/2260/72
f 1157/2257/72 1160/2260/72 1161/2261/72 1162/2262/72
f 1155/2255/73 1153/2253/73 1158/2263/73 1157/2264/73
f 1152/2265/74 1151/2266/74 1160/2260/74 1159/2259/74
f 1151/2251/75 1156/2256/75 1161/2261/75 1160/2260/75
f 1156/2267/76 1154/2268/76 1162/2262/76 1161/2261/76
f 1163/2269/73 1158/2270/73 1116/2271/73 1118/2272/73
f 1159/2270/74 1160/2273/74 1164/2274/74 1117/2271/74
f 1160/2275/75 1165/2276/75 1166/2277/75 1164/2278/75
f 1165/2279/76 1163/2269/76 1118/2272/76 1166/2280/76
f 1167/2281/71 1168/2282/71 1169/2283/71 1170/2284/71
f 1171/2285/72 1172/2286/72 1173/2287/72 1174/2288/72
f 1167/2281/74 1170/2284/74 1172/2289/74 1171/2290/74
f 1170/2284/75 1169/2283/75 1173/2291/75 1172/2292/75
f 1169/2283/76 1168/2282/76 1174/2288/76 1173/2287/76
f 1168/2282/73 1167/2281/73 1171/2293/73 1174/2294/73
f 1175/2295/71 1176/2296/71 1177/2297/71 1178/2298/71
f 1177/2297/71 1179/2299/71 1178/2298/71
f 1175/2295/71 1178/2298/71 1180/2300/71
f 1106/2301/72 1068/2302/72 1069/2303/72 1181/2304/72
f 1106/2301/72 1181/2304/72 1182/2305/72 1101/2306/72
f 1178/2298/74 1179/2299/74 1182/2305/74 1181/2304/74
f 1179/2299/75 1177/2297/75 1101/2307/75 1182/2308/75
f 1176/2296/76 1175/2295/76 1068/2309/76 1106/2310/76
f 1180/2300/73 1178/2298/73 1181/2311/73 1069/2312/73
f 1183/2313/73 1184/2314/73 1167/2315/73 1168/2316/73
f 1184/2317/74 1185/2318/74 1186/2319/74 1167/2320/74
f 1185/2318/75 1187/2321/75 1188/2322/75 1186/2319/75
f 1187/2321/76 1183/2313/76 1168/2316/76 1188/2322/76
f 1189/2323/73 1190/2324/73 1191/2325/73 1192/2326/73
f 1190/2327/74 1193/2328/74 1194/2329/74 1191/2330/74
f 1193/2328/75 1195/2331/75 1196/2332/75 1194/2329/75
f 1195/2331/76 1189/2323/76 1192/2326/76 1196/2332/76
f 1197/2333/73 1198/2334/73 1199/2335/73 1200/2336/73
f 1198/2337/74 1201/2338/74 1170/2339/74 1199/2340/74
f 1201/2338/75 1202/2341/75 1169/2342/75 1170/2339/75
f 1202/2341/76 1197/2333/76 1200/2336/76 1169/2342/76
f 1136/2343/73 1203/2344/73 1204/2345/73 1205/2346/73
f 1203/2344/74 1206/2347/74 1179/2348/74 1204/2345/74
f 1206/2349/75 1134/2350/75 1177/2351/75 1179/2352/75
f 1135/2353/76 1136/2343/76 1205/2346/76 1176/2354/76
f 1149/2355/73 1207/2356/73 1208/2357/73 1209/2358/73
f 1207/2359/74 1210/2360/74 1211/2361/74 1208/2362/74
f 1210/2360/75 1150/2363/75 1212/2364/75 1211/2361/75
f 1150/2363/76 1149/2355/76 1209/2358/76 1212/2364/76
f 1157/2365/73 1213/2366/73 1178/2367/73 1180/2368/73
f 1213/2366/74 1214/2369/74 1215/2370/74 1178/2367/74
f 1214/2371/75 1161/2372/75 1216/2373/75 1215/2374/75
f 1161/2375/76 1162/2365/76 1175/2368/76 1216/2376/76
f 1073/2109/77 1072/2377/77 1067/2378/77 1066/2115/77
f 1116/2379/77 1117/2191/77 1066/2185/77 1067/2380/77
f 1117/2278/77 1116/2274/77 1158/2273/77 1159/2275/77
f 1159/2259/77 1158/2381/77 1153/2382/77 1152/2265/77
f 1107/2383/78 1112/2173/78 1103/2163/78 1102/2384/78
f 1114/2206/78 1115/2202/78 1125/2201/78 1126/2203/78
f 1102/2385/78 1103/2186/78 1115/2192/78 1114/2386/78
f 1126/2387/78 1125/2220/78 1130/2222/78 1129/2388/78
f 1109/2178/79 1108/2389/79 1101/2390/79 1106/2166/79
f 1106/2310/79 1101/2391/79 1177/2392/79 1176/2296/79
f 1176/2352/79 1177/2348/79 1134/2347/79 1135/2349/79
f 1135/2217/79 1134/2393/79 1128/2394/79 1133/2225/79
f 1068/2118/80 1069/2395/80 1071/2396/80 1076/2112/80
f 1069/2397/80 1068/2309/80 1175/2295/80 1180/2398/80
f 1162/2374/80 1157/2370/80 1180/2369/80 1175/2371/80
f 1154/2268/80 1155/2399/80 1157/2400/80 1162/2262/80
o Europalette.008
v 0.944637 -0.976423 -0.013293
v 0.944637 -1.132916 -0.013293
v 0.919599 -1.157955 -0.013293
v -0.557687 -1.132916 -0.013293
v -0.532648 -1.157955 -0.013293
v -0.557687 -0.976423 -0.013293
v -0.532648 -1.157955 0.014249
v 0.919599 -1.157955 0.014249
v 0.944637 -1.132916 0.014249
v 0.944637 -0.976423 0.014249
v -0.557687 -0.976423 0.014249
v -0.557687 -1.132916 0.014249
v -0.557687 -0.926345 -0.013293
v -0.557687 -0.801152 -0.013293
v 0.944637 -0.801152 -0.013293
v 0.944637 -0.926345 -0.013293
v -0.557687 -0.926345 0.014249
v 0.944637 -0.926345 0.014249
v 0.944637 -0.801152 0.014249
v -0.557687 -0.801152 0.014249
v -0.557687 -0.751075 -0.013293
v -0.557687 -0.569542 -0.013293
v 0.944637 -0.569542 -0.013293
v 0.944637 -0.751075 -0.013293
v -0.557687 -0.751075 0.014249
v 0.944637 -0.751075 0.014249
v 0.944637 -0.569542 0.014249
v -0.557687 -0.569542 0.014249
v -0.557687 -0.519465 -0.013293
v -0.557687 -0.394271 -0.013293
v 0.944637 -0.394271 -0.013293
v 0.944637 -0.519465 -0.013293
v -0.557687 -0.519465 0.014249
v 0.944637 -0.519465 0.014249
v 0.944637 -0.394271 0.014249
v -0.557687 -0.394271 0.014249
v -0.532648 -0.162665 -0.013293
v 0.919599 -0.162665 -0.013293
v 0.944637 -0.187704 -0.013293
v -0.557687 -0.344194 -0.013293
v 0.944637 -0.344194 -0.013293
v -0.557687 -0.187704 -0.013293
v 0.919599 -0.162665 0.014249
v -0.532648 -0.162665 0.014249
v -0.557687 -0.187704 0.014249
v -0.557687 -0.344194 0.014249
v 0.944637 -0.344194 0.014249
v 0.944637 -0.187704 0.014249
v 0.763105 -0.162665 -0.040837
v 0.919599 -0.162665 -0.040837
v 0.944637 -0.187704 -0.040837
v 0.919599 -1.157955 -0.040837
v 0.944637 -1.132916 -0.040837
v 0.763105 -1.157955 -0.040837
v 0.763105 -0.162665 -0.013293
v 0.763105 -1.157955 -0.013293
v 0.763105 -0.287859 -0.138486
v 0.944637 -0.287859 -0.138486
v 0.944637 -0.287859 -0.040837
v 0.763105 -0.287859 -0.040837
v 0.944637 -0.187704 -0.138486
v 0.919599 -0.162665 -0.138486
v 0.763105 -0.162665 -0.138486
v -0.532648 -0.162665 -0.166031
v 0.919599 -0.162665 -0.166031
v 0.944637 -0.187704 -0.166031
v -0.557687 -0.287859 -0.166031
v 0.944637 -0.287859 -0.166031
v -0.557687 -0.187704 -0.166031
v -0.532648 -0.162665 -0.138486
v -0.557687 -0.187704 -0.138486
v -0.557687 -0.287859 -0.138486
v 0.763105 -0.751075 -0.138486
v 0.944637 -0.751075 -0.138486
v 0.944637 -0.751075 -0.040837
v 0.763105 -0.751075 -0.040837
v 0.944637 -0.569542 -0.138486
v 0.944637 -0.569542 -0.040837
v 0.763105 -0.569542 -0.138486
v 0.763105 -0.569542 -0.040837
v -0.557687 -0.751075 -0.166031
v -0.557687 -0.569542 -0.166031
v 0.944637 -0.569542 -0.166031
v 0.944637 -0.751075 -0.166031
v -0.557687 -0.751075 -0.138486
v -0.557687 -0.569542 -0.138486
v 0.944637 -1.032761 -0.166030
v 0.944637 -1.132916 -0.166030
v 0.919599 -1.157955 -0.166030
v -0.557687 -1.132916 -0.166030
v -0.532648 -1.157955 -0.166030
v -0.557687 -1.032761 -0.166030
v -0.532648 -1.157955 -0.138486
v 0.919599 -1.157955 -0.138486
v 0.944637 -1.132916 -0.138486
v 0.944637 -1.032761 -0.138486
v -0.557687 -1.032761 -0.138486
v -0.557687 -1.132916 -0.138486
v 0.763105 -1.157955 -0.138486
v 0.944637 -1.032761 -0.040837
v 0.763105 -1.032761 -0.138486
v 0.763105 -1.032761 -0.040837
v 0.284241 -1.157955 -0.040837
v 0.102709 -1.157955 -0.040837
v 0.102709 -0.162665 -0.040837
v 0.284241 -0.162665 -0.040837
v 0.284241 -1.157955 -0.013293
v 0.284241 -0.162665 -0.013293
v 0.102709 -0.162665 -0.013293
v 0.102709 -1.157955 -0.013293
v -0.557687 -1.132916 -0.040837
v -0.557687 -0.187704 -0.040837
v -0.532648 -0.162665 -0.040837
v -0.376158 -1.157955 -0.040837
v -0.376158 -0.162665 -0.040837
v -0.532648 -1.157955 -0.040837
v -0.376158 -1.157955 -0.013293
v -0.376158 -0.162665 -0.013293
v 0.102709 -1.157955 -0.138486
v 0.284241 -1.157955 -0.138486
v 0.284241 -1.032761 -0.138486
v 0.284241 -1.032761 -0.040837
v 0.102709 -1.032761 -0.138486
v 0.102709 -1.032761 -0.040837
v 0.102709 -0.751075 -0.138486
v 0.284241 -0.751075 -0.138486
v 0.284241 -0.751075 -0.040837
v 0.102709 -0.751075 -0.040837
v 0.284241 -0.569542 -0.138486
v 0.284241 -0.569542 -0.040837
v 0.102709 -0.569542 -0.138486
v 0.102709 -0.569542 -0.040837
v 0.102709 -0.287859 -0.138486
v 0.284241 -0.287859 -0.138486
v 0.284241 -0.287859 -0.040837
v 0.102709 -0.287859 -0.040837
v 0.284241 -0.162665 -0.138486
v 0.102709 -0.162665 -0.138486
v -0.376158 -0.287859 -0.138486
v -0.376158 -0.287859 -0.040837
v -0.557687 -0.287859 -0.040837
v -0.376158 -0.162665 -0.138486
v -0.376158 -0.751075 -0.138486
v -0.376158 -0.751075 -0.040837
v -0.557687 -0.751075 -0.040837
v -0.376158 -0.569542 -0.138486
v -0.376158 -0.569542 -0.040837
v -0.557687 -0.569542 -0.040837
v -0.376158 -1.157955 -0.138486
v -0.376158 -1.032761 -0.138486
v -0.376158 -1.032761 -0.040837
v -0.557687 -1.032761 -0.040837
vn -0.0000 -0.0000 -1.0000
vn -0.0000 -0.0000 1.0000
vn -0.0000 -1.0000 -0.0000
vn 1.0000 -0.0000 -0.0000
vn -0.0000 1.0000 -0.0000
vn -1.0000 -0.0000 -0.0000
vn 0.7071 -0.7071 -0.0000
vn 0.7071 0.7071 -0.0000
vn -0.7071 0.7071 -0.0000
vn -0.7071 -0.7071 -0.0000
vt 0.014100 0.567600
vt 0.014100 0.518900
vt 0.022100 0.511200
vt 0.493800 0.518900
vt 0.485800 0.511200
vt 0.493800 0.567600
vt 0.485800 0.632600
vt 0.022100 0.632600
vt 0.014100 0.624800
vt 0.014100 0.576200
vt 0.493800 0.576200
vt 0.493800 0.624800
vt 0.022100 0.502600
vt 0.485800 0.502600
vt 0.005300 0.624800
vt 0.005300 0.576200
vt 0.502600 0.576200
vt 0.502600 0.624800
vt 0.475700 0.775500
vt 0.475700 0.814000
vt 0.013800 0.814000
vt 0.013800 0.775500
vt 0.475700 0.861000
vt 0.013800 0.861000
vt 0.013800 0.822500
vt 0.475700 0.822500
vt 0.475700 0.869500
vt 0.013800 0.869500
vt 0.005300 0.861000
vt 0.005300 0.822500
vt 0.484200 0.822500
vt 0.484200 0.861000
vt 0.507400 0.151900
vt 0.507400 0.211500
vt 0.014400 0.211500
vt 0.014400 0.151900
vt 0.507400 0.280100
vt 0.014400 0.280100
vt 0.014400 0.220500
vt 0.507400 0.220500
vt 0.507400 0.289100
vt 0.014400 0.289100
vt 0.005300 0.280100
vt 0.005300 0.220500
vt 0.516500 0.220500
vt 0.516500 0.280100
vt 0.475700 0.875600
vt 0.475700 0.914100
vt 0.013800 0.914100
vt 0.013800 0.875600
vt 0.475700 0.961000
vt 0.013800 0.961000
vt 0.013800 0.922500
vt 0.475700 0.922500
vt 0.475700 0.969500
vt 0.013800 0.969500
vt 0.005300 0.961000
vt 0.005300 0.922500
vt 0.484200 0.922500
vt 0.484200 0.961000
vt 0.485800 0.770100
vt 0.022100 0.770100
vt 0.014100 0.762300
vt 0.493800 0.713700
vt 0.014100 0.713700
vt 0.493800 0.762300
vt 0.022100 0.648700
vt 0.485800 0.648700
vt 0.493800 0.656400
vt 0.493800 0.705100
vt 0.014100 0.705100
vt 0.014100 0.656400
vt 0.005300 0.762300
vt 0.005300 0.713700
vt 0.022100 0.640100
vt 0.485800 0.640100
vt 0.502600 0.713700
vt 0.502600 0.762300
vt 0.547100 0.204900
vt 0.547100 0.153100
vt 0.555400 0.144800
vt 0.876200 0.153100
vt 0.867900 0.144800
vt 0.876200 0.204900
vt 0.867900 0.274000
vt 0.555400 0.274000
vt 0.547100 0.265700
vt 0.547100 0.214000
vt 0.876200 0.214000
vt 0.876200 0.265700
vt 0.867900 0.283100
vt 0.555400 0.283100
vt 0.538000 0.265700
vt 0.538000 0.214000
vt 0.885300 0.214000
vt 0.885300 0.265700
vt 0.792900 0.904200
vt 0.706800 0.904200
vt 0.706800 0.852300
vt 0.792900 0.852300
vt 0.651700 0.904200
vt 0.651700 0.852300
vt 0.637900 0.904200
vt 0.538000 0.904200
vt 0.538000 0.852300
vt 0.637900 0.852300
vt 0.861800 0.904200
vt 0.861800 0.852300
vt 0.484200 0.495500
vt 0.022100 0.495500
vt 0.014100 0.487500
vt 0.492100 0.455700
vt 0.014100 0.455700
vt 0.492100 0.487500
vt 0.022100 0.407100
vt 0.484200 0.407100
vt 0.492100 0.415000
vt 0.492100 0.446900
vt 0.014100 0.446900
vt 0.014100 0.415000
vt 0.005300 0.446900
vt 0.005300 0.415000
vt 0.022100 0.398300
vt 0.484200 0.398300
vt 0.500900 0.415000
vt 0.500900 0.446900
vt 0.624200 0.486400
vt 0.538000 0.486400
vt 0.538000 0.440100
vt 0.624200 0.440100
vt 0.882600 0.486400
vt 0.796500 0.486400
vt 0.796500 0.440100
vt 0.882600 0.440100
vt 0.710300 0.486400
vt 0.710300 0.440100
vt 0.515900 0.003700
vt 0.515900 0.064300
vt 0.014500 0.064300
vt 0.014500 0.003700
vt 0.515900 0.134000
vt 0.014500 0.134000
vt 0.014500 0.073500
vt 0.515900 0.073500
vt 0.515900 0.143200
vt 0.014500 0.143200
vt 0.005300 0.134000
vt 0.005300 0.073500
vt 0.525100 0.073500
vt 0.525100 0.134000
vt 0.014100 0.341100
vt 0.014100 0.309200
vt 0.022100 0.301300
vt 0.492100 0.309200
vt 0.484200 0.301300
vt 0.492100 0.341100
vt 0.484200 0.389700
vt 0.022100 0.389700
vt 0.014100 0.381700
vt 0.014100 0.349900
vt 0.492100 0.349900
vt 0.492100 0.381700
vt 0.022100 0.292500
vt 0.484200 0.292500
vt 0.005300 0.381700
vt 0.005300 0.349900
vt 0.500900 0.349900
vt 0.500900 0.381700
vt 0.792900 0.742200
vt 0.706800 0.742200
vt 0.706800 0.690300
vt 0.792900 0.690300
vt 0.651700 0.742200
vt 0.651700 0.690300
vt 0.637900 0.742200
vt 0.538000 0.742200
vt 0.538000 0.690300
vt 0.637900 0.690300
vt 0.861800 0.742200
vt 0.861800 0.690300
vt 0.878600 0.298400
vt 0.878600 0.358900
vt 0.547200 0.358900
vt 0.547200 0.298400
vt 0.878600 0.428500
vt 0.547200 0.428500
vt 0.547200 0.368000
vt 0.878600 0.368000
vt 0.547200 0.289200
vt 0.878600 0.289200
vt 0.538000 0.358900
vt 0.538000 0.298400
vt 0.887800 0.298400
vt 0.887800 0.358900
vt 0.555400 0.012800
vt 0.867100 0.012800
vt 0.875300 0.021000
vt 0.547100 0.072600
vt 0.875300 0.072600
vt 0.547100 0.021000
vt 0.867100 0.141600
vt 0.555400 0.141600
vt 0.547100 0.133300
vt 0.547100 0.081700
vt 0.875300 0.081700
vt 0.875300 0.133300
vt 0.884400 0.021000
vt 0.884400 0.072600
vt 0.555400 0.003700
vt 0.867100 0.003700
vt 0.538000 0.072600
vt 0.538000 0.021000
vt 0.624200 0.632600
vt 0.538000 0.632600
vt 0.538000 0.586300
vt 0.624200 0.586300
vt 0.882600 0.632600
vt 0.796500 0.632600
vt 0.796500 0.586300
vt 0.882600 0.586300
vt 0.710300 0.632600
vt 0.710300 0.586300
vt 0.624200 0.681100
vt 0.538000 0.681100
vt 0.538000 0.634800
vt 0.624200 0.634800
vt 0.882600 0.681100
vt 0.796500 0.681100
vt 0.796500 0.634800
vt 0.882600 0.634800
vt 0.710300 0.681100
vt 0.710300 0.634800
vt 0.624200 0.535800
vt 0.538000 0.535800
vt 0.538000 0.489500
vt 0.624200 0.489500
vt 0.882600 0.535800
vt 0.796500 0.535800
vt 0.796500 0.489500
vt 0.882600 0.489500
vt 0.710300 0.535800
vt 0.710300 0.489500
vt 0.792900 0.849800
vt 0.706800 0.849800
vt 0.706800 0.798000
vt 0.792900 0.798000
vt 0.651700 0.849800
vt 0.651700 0.798000
vt 0.637900 0.849800
vt 0.538000 0.849800
vt 0.538000 0.798000
vt 0.637900 0.798000
vt 0.861800 0.849800
vt 0.861800 0.798000
vt 0.624200 0.584400
vt 0.538000 0.584400
vt 0.538000 0.538100
vt 0.624200 0.538100
vt 0.882600 0.584400
vt 0.796500 0.584400
vt 0.796500 0.538100
vt 0.882600 0.538100
vt 0.710300 0.584400
vt 0.710300 0.538100
vt 0.792900 0.795700
vt 0.706800 0.795700
vt 0.706800 0.743900
vt 0.792900 0.743900
vt 0.651700 0.795700
vt 0.651700 0.743900
vt 0.637900 0.795700
vt 0.538000 0.795700
vt 0.538000 0.743900
vt 0.637900 0.743900
vt 0.861800 0.795700
vt 0.861800 0.743900
vt 0.014100 0.632600
vt 0.005300 0.632600
vt 0.876200 0.283100
vt 0.876200 0.274000
vt 0.014100 0.389700
vt 0.005300 0.389700
vt 0.005300 0.770100
vt 0.014100 0.770100
vt 0.547100 0.274000
vt 0.547100 0.283100
vt 0.014100 0.407100
vt 0.005300 0.407100
vt 0.502600 0.770100
vt 0.493800 0.770100
vt 0.875300 0.003700
vt 0.875300 0.012800
vt 0.492100 0.407100
vt 0.500900 0.407100
vt 0.502600 0.632600
vt 0.493800 0.632600
vt 0.547100 0.003700
vt 0.547100 0.012800
vt 0.500900 0.389700
vt 0.492100 0.389700
s 1
usemtl 07___Default.020
f 1217/2401/81 1218/2402/81 1219/2403/81 1220/2404/81
f 1219/2403/81 1221/2405/81 1220/2404/81
f 1217/2401/81 1220/2404/81 1222/2406/81
f 1223/2407/82 1224/2408/82 1225/2409/82 1226/2410/82
f 1223/2407/82 1226/2410/82 1227/2411/82 1228/2412/82
f 1221/2405/83 1219/2403/83 1224/2413/83 1223/2414/83
f 1218/2415/84 1217/2416/84 1226/2410/84 1225/2409/84
f 1217/2401/85 1222/2406/85 1227/2411/85 1226/2410/85
f 1222/2417/86 1220/2418/86 1228/2412/86 1227/2411/86
f 1229/2419/81 1230/2420/81 1231/2421/81 1232/2422/81
f 1233/2423/82 1234/2424/82 1235/2425/82 1236/2426/82
f 1229/2427/83 1232/2428/83 1234/2424/83 1233/2423/83
f 1232/2429/84 1231/2430/84 1235/2425/84 1234/2424/84
f 1231/2421/85 1230/2420/85 1236/2426/85 1235/2425/85
f 1230/2431/86 1229/2432/86 1233/2423/86 1236/2426/86
f 1237/2433/81 1238/2434/81 1239/2435/81 1240/2436/81
f 1241/2437/82 1242/2438/82 1243/2439/82 1244/2440/82
f 1237/2441/83 1240/2442/83 1242/2438/83 1241/2437/83
f 1240/2443/84 1239/2444/84 1243/2439/84 1242/2438/84
f 1239/2435/85 1238/2434/85 1244/2440/85 1243/2439/85
f 1238/2445/86 1237/2446/86 1241/2437/86 1244/2440/86
f 1245/2447/81 1246/2448/81 1247/2449/81 1248/2450/81
f 1249/2451/82 1250/2452/82 1251/2453/82 1252/2454/82
f 1245/2455/83 1248/2456/83 1250/2452/83 1249/2451/83
f 1248/2457/84 1247/2458/84 1251/2453/84 1250/2452/84
f 1247/2449/85 1246/2448/85 1252/2454/85 1251/2453/85
f 1246/2459/86 1245/2460/86 1249/2451/86 1252/2454/86
f 1253/2461/81 1254/2462/81 1255/2463/81 1256/2464/81
f 1255/2463/81 1257/2465/81 1256/2464/81
f 1253/2461/81 1256/2464/81 1258/2466/81
f 1259/2467/82 1260/2468/82 1261/2469/82 1262/2470/82
f 1259/2467/82 1262/2470/82 1263/2471/82 1264/2472/82
f 1256/2464/83 1257/2465/83 1263/2471/83 1262/2470/83
f 1257/2465/84 1255/2463/84 1264/2473/84 1263/2474/84
f 1254/2475/85 1253/2476/85 1260/2468/85 1259/2467/85
f 1258/2466/86 1256/2464/86 1262/2477/86 1261/2478/86
f 1265/2479/81 1266/2480/81 1267/2481/81 1268/2482/81
f 1267/2481/81 1269/2483/81 1268/2482/81
f 1265/2479/81 1268/2482/81 1270/2484/81
f 1218/2485/82 1255/2486/82 1254/2487/82 1271/2488/82
f 1218/2485/82 1271/2488/82 1272/2489/82 1219/2490/82
f 1269/2491/84 1267/2492/84 1255/2486/84 1218/2485/84
f 1266/2493/85 1265/2494/85 1271/2488/85 1254/2487/85
f 1265/2479/86 1270/2484/86 1272/2489/86 1271/2488/86
f 1270/2495/83 1268/2496/83 1219/2490/83 1272/2489/83
f 1273/2497/83 1274/2498/83 1275/2499/83 1276/2500/83
f 1274/2498/84 1277/2501/84 1267/2502/84 1275/2499/84
f 1278/2503/85 1279/2504/85 1265/2505/85 1266/2506/85
f 1279/2507/86 1273/2497/86 1276/2500/86 1265/2508/86
f 1280/2509/81 1281/2510/81 1282/2511/81 1283/2512/81
f 1282/2511/81 1284/2513/81 1283/2512/81
f 1280/2509/81 1283/2512/81 1285/2514/81
f 1278/2515/82 1286/2516/82 1287/2517/82 1288/2518/82
f 1278/2515/82 1288/2518/82 1274/2519/82 1277/2520/82
f 1283/2512/83 1284/2513/83 1274/2519/83 1288/2518/83
f 1284/2521/84 1282/2522/84 1277/2520/84 1274/2519/84
f 1281/2523/85 1280/2524/85 1286/2516/85 1278/2515/85
f 1285/2525/86 1283/2526/86 1288/2518/86 1287/2517/86
f 1289/2527/83 1290/2528/83 1291/2529/83 1292/2530/83
f 1290/2531/84 1293/2532/84 1294/2533/84 1291/2534/84
f 1293/2532/85 1295/2535/85 1296/2536/85 1294/2533/85
f 1295/2535/86 1289/2527/86 1292/2530/86 1296/2536/86
f 1297/2537/81 1298/2538/81 1299/2539/81 1300/2540/81
f 1301/2541/82 1290/2542/82 1293/2543/82 1302/2544/82
f 1297/2545/83 1300/2546/83 1290/2542/83 1301/2541/83
f 1300/2547/84 1299/2548/84 1293/2543/84 1290/2542/84
f 1299/2539/85 1298/2538/85 1302/2544/85 1293/2543/85
f 1298/2549/86 1297/2550/86 1301/2541/86 1302/2544/86
f 1303/2551/81 1304/2552/81 1305/2553/81 1306/2554/81
f 1305/2553/81 1307/2555/81 1306/2554/81
f 1303/2551/81 1306/2554/81 1308/2556/81
f 1309/2557/82 1310/2558/82 1311/2559/82 1312/2560/82
f 1309/2557/82 1312/2560/82 1313/2561/82 1314/2562/82
f 1307/2555/83 1305/2553/83 1310/2563/83 1309/2564/83
f 1304/2565/84 1303/2566/84 1312/2560/84 1311/2559/84
f 1303/2551/85 1308/2556/85 1313/2561/85 1312/2560/85
f 1308/2567/86 1306/2568/86 1314/2562/86 1313/2561/86
f 1315/2569/83 1310/2570/83 1268/2571/83 1270/2572/83
f 1311/2570/84 1312/2573/84 1316/2574/84 1269/2571/84
f 1312/2575/85 1317/2576/85 1318/2577/85 1316/2578/85
f 1317/2579/86 1315/2569/86 1270/2572/86 1318/2580/86
f 1319/2581/81 1320/2582/81 1321/2583/81 1322/2584/81
f 1323/2585/82 1324/2586/82 1325/2587/82 1326/2588/82
f 1319/2581/84 1322/2584/84 1324/2589/84 1323/2590/84
f 1322/2584/85 1321/2583/85 1325/2591/85 1324/2592/85
f 1321/2583/86 1320/2582/86 1326/2588/86 1325/2587/86
f 1320/2582/83 1319/2581/83 1323/2593/83 1326/2594/83
f 1327/2595/81 1328/2596/81 1329/2597/81 1330/2598/81
f 1329/2597/81 1331/2599/81 1330/2598/81
f 1327/2595/81 1330/2598/81 1332/2600/81
f 1258/2601/82 1220/2602/82 1221/2603/82 1333/2604/82
f 1258/2601/82 1333/2604/82 1334/2605/82 1253/2606/82
f 1330/2598/84 1331/2599/84 1334/2605/84 1333/2604/84
f 1331/2599/85 1329/2597/85 1253/2607/85 1334/2608/85
f 1328/2596/86 1327/2595/86 1220/2609/86 1258/2610/86
f 1332/2600/83 1330/2598/83 1333/2611/83 1221/2612/83
f 1335/2613/83 1336/2614/83 1319/2615/83 1320/2616/83
f 1336/2617/84 1337/2618/84 1338/2619/84 1319/2620/84
f 1337/2618/85 1339/2621/85 1340/2622/85 1338/2619/85
f 1339/2621/86 1335/2613/86 1320/2616/86 1340/2622/86
f 1341/2623/83 1342/2624/83 1343/2625/83 1344/2626/83
f 1342/2627/84 1345/2628/84 1346/2629/84 1343/2630/84
f 1345/2628/85 1347/2631/85 1348/2632/85 1346/2629/85
f 1347/2631/86 1341/2623/86 1344/2626/86 1348/2632/86
f 1349/2633/83 1350/2634/83 1351/2635/83 1352/2636/83
f 1350/2637/84 1353/2638/84 1322/2639/84 1351/2640/84
f 1353/2638/85 1354/2641/85 1321/2642/85 1322/2639/85
f 1354/2641/86 1349/2633/86 1352/2636/86 1321/2642/86
f 1288/2643/83 1355/2644/83 1356/2645/83 1357/2646/83
f 1355/2644/84 1358/2647/84 1331/2648/84 1356/2645/84
f 1358/2649/85 1286/2650/85 1329/2651/85 1331/2652/85
f 1287/2653/86 1288/2643/86 1357/2646/86 1328/2654/86
f 1301/2655/83 1359/2656/83 1360/2657/83 1361/2658/83
f 1359/2659/84 1362/2660/84 1363/2661/84 1360/2662/84
f 1362/2660/85 1302/2663/85 1364/2664/85 1363/2661/85
f 1302/2663/86 1301/2655/86 1361/2658/86 1364/2664/86
f 1309/2665/83 1365/2666/83 1330/2667/83 1332/2668/83
f 1365/2666/84 1366/2669/84 1367/2670/84 1330/2667/84
f 1366/2671/85 1313/2672/85 1368/2673/85 1367/2674/85
f 1313/2675/86 1314/2665/86 1327/2668/86 1368/2676/86
f 1225/2409/87 1224/2677/87 1219/2678/87 1218/2415/87
f 1268/2679/87 1269/2491/87 1218/2485/87 1219/2680/87
f 1269/2578/87 1268/2574/87 1310/2573/87 1311/2575/87
f 1311/2559/87 1310/2681/87 1305/2682/87 1304/2565/87
f 1259/2683/88 1264/2473/88 1255/2463/88 1254/2684/88
f 1266/2506/88 1267/2502/88 1277/2501/88 1278/2503/88
f 1254/2685/88 1255/2486/88 1267/2492/88 1266/2686/88
f 1278/2687/88 1277/2520/88 1282/2522/88 1281/2688/88
f 1261/2478/89 1260/2689/89 1253/2690/89 1258/2466/89
f 1258/2610/89 1253/2691/89 1329/2692/89 1328/2596/89
f 1328/2652/89 1329/2648/89 1286/2647/89 1287/2649/89
f 1287/2517/89 1286/2693/89 1280/2694/89 1285/2525/89
f 1220/2418/90 1221/2695/90 1223/2696/90 1228/2412/90
f 1221/2697/90 1220/2609/90 1327/2595/90 1332/2698/90
f 1314/2674/90 1309/2670/90 1332/2669/90 1327/2671/90
f 1306/2568/90 1307/2699/90 1309/2700/90 1314/2562/90
o Europalette.009
v -0.435044 -0.154131 -0.013293
v -0.591538 -0.154131 -0.013293
v -0.616576 -0.129093 -0.013293
v -0.591538 1.348193 -0.013293
v -0.616576 1.323155 -0.013293
v -0.435044 1.348193 -0.013293
v -0.616576 1.323155 0.014249
v -0.616576 -0.129093 0.014249
v -0.591538 -0.154131 0.014249
v -0.435044 -0.154131 0.014249
v -0.435044 1.348193 0.014249
v -0.591538 1.348193 0.014249
v -0.384967 1.348193 -0.013293
v -0.259773 1.348193 -0.013293
v -0.259773 -0.154131 -0.013293
v -0.384967 -0.154131 -0.013293
v -0.384967 1.348193 0.014249
v -0.384967 -0.154131 0.014249
v -0.259773 -0.154131 0.014249
v -0.259773 1.348193 0.014249
v -0.209696 1.348193 -0.013293
v -0.028164 1.348193 -0.013293
v -0.028164 -0.154131 -0.013293
v -0.209696 -0.154131 -0.013293
v -0.209696 1.348193 0.014249
v -0.209696 -0.154131 0.014249
v -0.028164 -0.154131 0.014249
v -0.028164 1.348193 0.014249
v 0.021914 1.348193 -0.013293
v 0.147107 1.348193 -0.013293
v 0.147107 -0.154131 -0.013293
v 0.021914 -0.154131 -0.013293
v 0.021914 1.348193 0.014249
v 0.021914 -0.154131 0.014249
v 0.147107 -0.154131 0.014249
v 0.147107 1.348193 0.014249
v 0.378713 1.323155 -0.013293
v 0.378713 -0.129093 -0.013293
v 0.353675 -0.154131 -0.013293
v 0.197184 1.348193 -0.013293
v 0.197184 -0.154131 -0.013293
v 0.353675 1.348193 -0.013293
v 0.378713 -0.129093 0.014249
v 0.378713 1.323155 0.014249
v 0.353675 1.348193 0.014249
v 0.197184 1.348193 0.014249
v 0.197184 -0.154131 0.014249
v 0.353675 -0.154131 0.014249
v 0.378713 0.027401 -0.040837
v 0.378713 -0.129093 -0.040837
v 0.353675 -0.154131 -0.040837
v -0.616576 -0.129093 -0.040837
v -0.591538 -0.154131 -0.040837
v -0.616576 0.027401 -0.040837
v 0.378713 0.027401 -0.013293
v -0.616576 0.027401 -0.013293
v 0.253520 0.027401 -0.138486
v 0.253520 -0.154131 -0.138486
v 0.253520 -0.154131 -0.040837
v 0.253520 0.027401 -0.040837
v 0.353675 -0.154131 -0.138486
v 0.378713 -0.129093 -0.138486
v 0.378713 0.027401 -0.138486
v 0.378713 1.323155 -0.166031
v 0.378713 -0.129093 -0.166031
v 0.353675 -0.154131 -0.166031
v 0.253520 1.348193 -0.166031
v 0.253520 -0.154131 -0.166031
v 0.353675 1.348193 -0.166031
v 0.378713 1.323155 -0.138486
v 0.353675 1.348193 -0.138486
v 0.253520 1.348193 -0.138486
v -0.209696 0.027401 -0.138486
v -0.209696 -0.154131 -0.138486
v -0.209696 -0.154131 -0.040837
v -0.209696 0.027401 -0.040837
v -0.028164 -0.154131 -0.138486
v -0.028164 -0.154131 -0.040837
v -0.028164 0.027401 -0.138486
v -0.028164 0.027401 -0.040837
v -0.209696 1.348193 -0.166031
v -0.028164 1.348193 -0.166031
v -0.028164 -0.154131 -0.166031
v -0.209696 -0.154131 -0.166031
v -0.209696 1.348193 -0.138486
v -0.028164 1.348193 -0.138486
v -0.491383 -0.154131 -0.166030
v -0.591538 -0.154131 -0.166030
v -0.616576 -0.129093 -0.166030
v -0.591538 1.348193 -0.166030
v -0.616576 1.323155 -0.166030
v -0.491383 1.348193 -0.166030
v -0.616576 1.323155 -0.138486
v -0.616576 -0.129093 -0.138486
v -0.591538 -0.154131 -0.138486
v -0.491383 -0.154131 -0.138486
v -0.491383 1.348193 -0.138486
v -0.591538 1.348193 -0.138486
v -0.616576 0.027401 -0.138486
v -0.491383 -0.154131 -0.040837
v -0.491383 0.027401 -0.138486
v -0.491383 0.027401 -0.040837
v -0.616576 0.506265 -0.040837
v -0.616576 0.687797 -0.040837
v 0.378713 0.687797 -0.040837
v 0.378713 0.506265 -0.040837
v -0.616576 0.506265 -0.013293
v 0.378713 0.506265 -0.013293
v 0.378713 0.687797 -0.013293
v -0.616576 0.687797 -0.013293
v -0.591538 1.348193 -0.040837
v 0.353675 1.348193 -0.040837
v 0.378713 1.323155 -0.040837
v -0.616576 1.166665 -0.040837
v 0.378713 1.166665 -0.040837
v -0.616576 1.323155 -0.040837
v -0.616576 1.166665 -0.013293
v 0.378713 1.166665 -0.013293
v -0.616576 0.687797 -0.138486
v -0.616576 0.506265 -0.138486
v -0.491383 0.506265 -0.138486
v -0.491383 0.506265 -0.040837
v -0.491383 0.687797 -0.138486
v -0.491383 0.687797 -0.040837
v -0.209696 0.687797 -0.138486
v -0.209696 0.506265 -0.138486
v -0.209696 0.506265 -0.040837
v -0.209696 0.687797 -0.040837
v -0.028164 0.506265 -0.138486
v -0.028164 0.506265 -0.040837
v -0.028164 0.687797 -0.138486
v -0.028164 0.687797 -0.040837
v 0.253520 0.687797 -0.138486
v 0.253520 0.506265 -0.138486
v 0.253520 0.506265 -0.040837
v 0.253520 0.687797 -0.040837
v 0.378713 0.506265 -0.138486
v 0.378713 0.687797 -0.138486
v 0.253520 1.166665 -0.138486
v 0.253520 1.166665 -0.040837
v 0.253520 1.348193 -0.040837
v 0.378713 1.166665 -0.138486
v -0.209696 1.166665 -0.138486
v -0.209696 1.166665 -0.040837
v -0.209696 1.348193 -0.040837
v -0.028164 1.166665 -0.138486
v -0.028164 1.166665 -0.040837
v -0.028164 1.348193 -0.040837
v -0.616576 1.166665 -0.138486
v -0.491383 1.166665 -0.138486
v -0.491383 1.166665 -0.040837
v -0.491383 1.348193 -0.040837
vn -0.0000 -0.0000 -1.0000
vn -0.0000 -0.0000 1.0000
vn -1.0000 -0.0000 -0.0000
vn -0.0000 -1.0000 -0.0000
vn 1.0000 -0.0000 -0.0000
vn -0.0000 1.0000 -0.0000
vn -0.7071 -0.7071 -0.0000
vn 0.7071 -0.7071 -0.0000
vn 0.7071 0.7071 -0.0000
vn -0.7071 0.7071 -0.0000
vt 0.014100 0.567600
vt 0.014100 0.518900
vt 0.022100 0.511200
vt 0.493800 0.518900
vt 0.485800 0.511200
vt 0.493800 0.567600
vt 0.485800 0.632600
vt 0.022100 0.632600
vt 0.014100 0.624800
vt 0.014100 0.576200
vt 0.493800 0.576200
vt 0.493800 0.624800
vt 0.022100 0.502600
vt 0.485800 0.502600
vt 0.005300 0.624800
vt 0.005300 0.576200
vt 0.502600 0.576200
vt 0.502600 0.624800
vt 0.475700 0.775500
vt 0.475700 0.814000
vt 0.013800 0.814000
vt 0.013800 0.775500
vt 0.475700 0.861000
vt 0.013800 0.861000
vt 0.013800 0.822500
vt 0.475700 0.822500
vt 0.475700 0.869500
vt 0.013800 0.869500
vt 0.005300 0.861000
vt 0.005300 0.822500
vt 0.484200 0.822500
vt 0.484200 0.861000
vt 0.507400 0.151900
vt 0.507400 0.211500
vt 0.014400 0.211500
vt 0.014400 0.151900
vt 0.507400 0.280100
vt 0.014400 0.280100
vt 0.014400 0.220500
vt 0.507400 0.220500
vt 0.507400 0.289100
vt 0.014400 0.289100
vt 0.005300 0.280100
vt 0.005300 0.220500
vt 0.516500 0.220500
vt 0.516500 0.280100
vt 0.475700 0.875600
vt 0.475700 0.914100
vt 0.013800 0.914100
vt 0.013800 0.875600
vt 0.475700 0.961000
vt 0.013800 0.961000
vt 0.013800 0.922500
vt 0.475700 0.922500
vt 0.475700 0.969500
vt 0.013800 0.969500
vt 0.005300 0.961000
vt 0.005300 0.922500
vt 0.484200 0.922500
vt 0.484200 0.961000
vt 0.485800 0.770100
vt 0.022100 0.770100
vt 0.014100 0.762300
vt 0.493800 0.713700
vt 0.014100 0.713700
vt 0.493800 0.762300
vt 0.022100 0.648700
vt 0.485800 0.648700
vt 0.493800 0.656400
vt 0.493800 0.705100
vt 0.014100 0.705100
vt 0.014100 0.656400
vt 0.005300 0.762300
vt 0.005300 0.713700
vt 0.022100 0.640100
vt 0.485800 0.640100
vt 0.502600 0.713700
vt 0.502600 0.762300
vt 0.547100 0.204900
vt 0.547100 0.153100
vt 0.555400 0.144800
vt 0.876200 0.153100
vt 0.867900 0.144800
vt 0.876200 0.204900
vt 0.867900 0.274000
vt 0.555400 0.274000
vt 0.547100 0.265700
vt 0.547100 0.214000
vt 0.876200 0.214000
vt 0.876200 0.265700
vt 0.867900 0.283100
vt 0.555400 0.283100
vt 0.538000 0.265700
vt 0.538000 0.214000
vt 0.885300 0.214000
vt 0.885300 0.265700
vt 0.792900 0.904200
vt 0.706800 0.904200
vt 0.706800 0.852300
vt 0.792900 0.852300
vt 0.651700 0.904200
vt 0.651700 0.852300
vt 0.637900 0.904200
vt 0.538000 0.904200
vt 0.538000 0.852300
vt 0.637900 0.852300
vt 0.861800 0.904200
vt 0.861800 0.852300
vt 0.484200 0.495500
vt 0.022100 0.495500
vt 0.014100 0.487500
vt 0.492100 0.455700
vt 0.014100 0.455700
vt 0.492100 0.487500
vt 0.022100 0.407100
vt 0.484200 0.407100
vt 0.492100 0.415000
vt 0.492100 0.446900
vt 0.014100 0.446900
vt 0.014100 0.415000
vt 0.005300 0.446900
vt 0.005300 0.415000
vt 0.022100 0.398300
vt 0.484200 0.398300
vt 0.500900 0.415000
vt 0.500900 0.446900
vt 0.624200 0.486400
vt 0.538000 0.486400
vt 0.538000 0.440100
vt 0.624200 0.440100
vt 0.882600 0.486400
vt 0.796500 0.486400
vt 0.796500 0.440100
vt 0.882600 0.440100
vt 0.710300 0.486400
vt 0.710300 0.440100
vt 0.515900 0.003700
vt 0.515900 0.064300
vt 0.014500 0.064300
vt 0.014500 0.003700
vt 0.515900 0.134000
vt 0.014500 0.134000
vt 0.014500 0.073500
vt 0.515900 0.073500
vt 0.515900 0.143200
vt 0.014500 0.143200
vt 0.005300 0.134000
vt 0.005300 0.073500
vt 0.525100 0.073500
vt 0.525100 0.134000
vt 0.014100 0.341100
vt 0.014100 0.309200
vt 0.022100 0.301300
vt 0.492100 0.309200
vt 0.484200 0.301300
vt 0.492100 0.341100
vt 0.484200 0.389700
vt 0.022100 0.389700
vt 0.014100 0.381700
vt 0.014100 0.349900
vt 0.492100 0.349900
vt 0.492100 0.381700
vt 0.022100 0.292500
vt 0.484200 0.292500
vt 0.005300 0.381700
vt 0.005300 0.349900
vt 0.500900 0.349900
vt 0.500900 0.381700
vt 0.792900 0.742200
vt 0.706800 0.742200
vt 0.706800 0.690300
vt 0.792900 0.690300
vt 0.651700 0.742200
vt 0.651700 0.690300
vt 0.637900 0.742200
vt 0.538000 0.742200
vt 0.538000 0.690300
vt 0.637900 0.690300
vt 0.861800 0.742200
vt 0.861800 0.690300
vt 0.878600 0.298400
vt 0.878600 0.358900
vt 0.547200 0.358900
vt 0.547200 0.298400
vt 0.878600 0.428500
vt 0.547200 0.428500
vt 0.547200 0.368000
vt 0.878600 0.368000
vt 0.547200 0.289200
vt 0.878600 0.289200
vt 0.538000 0.358900
vt 0.538000 0.298400
vt 0.887800 0.298400
vt 0.887800 0.358900
vt 0.555400 0.012800
vt 0.867100 0.012800
vt 0.875300 0.021000
vt 0.547100 0.072600
vt 0.875300 0.072600
vt 0.547100 0.021000
vt 0.867100 0.141600
vt 0.555400 0.141600
vt 0.547100 0.133300
vt 0.547100 0.081700
vt 0.875300 0.081700
vt 0.875300 0.133300
vt 0.884400 0.021000
vt 0.884400 0.072600
vt 0.555400 0.003700
vt 0.867100 0.003700
vt 0.538000 0.072600
vt 0.538000 0.021000
vt 0.624200 0.632600
vt 0.538000 0.632600
vt 0.538000 0.586300
vt 0.624200 0.586300
vt 0.882600 0.632600
vt 0.796500 0.632600
vt 0.796500 0.586300
vt 0.882600 0.586300
vt 0.710300 0.632600
vt 0.710300 0.586300
vt 0.624200 0.681100
vt 0.538000 0.681100
vt 0.538000 0.634800
vt 0.624200 0.634800
vt 0.882600 0.681100
vt 0.796500 0.681100
vt 0.796500 0.634800
vt 0.882600 0.634800
vt 0.710300 0.681100
vt 0.710300 0.634800
vt 0.624200 0.535800
vt 0.538000 0.535800
vt 0.538000 0.489500
vt 0.624200 0.489500
vt 0.882600 0.535800
vt 0.796500 0.535800
vt 0.796500 0.489500
vt 0.882600 0.489500
vt 0.710300 0.535800
vt 0.710300 0.489500
vt 0.792900 0.849800
vt 0.706800 0.849800
vt 0.706800 0.798000
vt 0.792900 0.798000
vt 0.651700 0.849800
vt 0.651700 0.798000
vt 0.637900 0.849800
vt 0.538000 0.849800
vt 0.538000 0.798000
vt 0.637900 0.798000
vt 0.861800 0.849800
vt 0.861800 0.798000
vt 0.624200 0.584400
vt 0.538000 0.584400
vt 0.538000 0.538100
vt 0.624200 0.538100
vt 0.882600 0.584400
vt 0.796500 0.584400
vt 0.796500 0.538100
vt 0.882600 0.538100
vt 0.710300 0.584400
vt 0.710300 0.538100
vt 0.792900 0.795700
vt 0.706800 0.795700
vt 0.706800 0.743900
vt 0.792900 0.743900
vt 0.651700 0.795700
vt 0.651700 0.743900
vt 0.637900 0.795700
vt 0.538000 0.795700
vt 0.538000 0.743900
vt 0.637900 0.743900
vt 0.861800 0.795700
vt 0.861800 0.743900
vt 0.014100 0.632600
vt 0.005300 0.632600
vt 0.876200 0.283100
vt 0.876200 0.274000
vt 0.014100 0.389700
vt 0.005300 0.389700
vt 0.005300 0.770100
vt 0.014100 0.770100
vt 0.547100 0.274000
vt 0.547100 0.283100
vt 0.014100 0.407100
vt 0.005300 0.407100
vt 0.502600 0.770100
vt 0.493800 0.770100
vt 0.875300 0.003700
vt 0.875300 0.012800
vt 0.492100 0.407100
vt 0.500900 0.407100
vt 0.502600 0.632600
vt 0.493800 0.632600
vt 0.547100 0.003700
vt 0.547100 0.012800
vt 0.500900 0.389700
vt 0.492100 0.389700
s 1
usemtl 07___Default.021
f 1369/2701/91 1370/2702/91 1371/2703/91 1372/2704/91
f 1371/2703/91 1373/2705/91 1372/2704/91
f 1369/2701/91 1372/2704/91 1374/2706/91
f 1375/2707/92 1376/2708/92 1377/2709/92 1378/2710/92
f 1375/2707/92 1378/2710/92 1379/2711/92 1380/2712/92
f 1373/2705/93 1371/2703/93 1376/2713/93 1375/2714/93
f 1370/2715/94 1369/2716/94 1378/2710/94 1377/2709/94
f 1369/2701/95 1374/2706/95 1379/2711/95 1378/2710/95
f 1374/2717/96 1372/2718/96 1380/2712/96 1379/2711/96
f 1381/2719/91 1382/2720/91 1383/2721/91 1384/2722/91
f 1385/2723/92 1386/2724/92 1387/2725/92 1388/2726/92
f 1381/2727/93 1384/2728/93 1386/2724/93 1385/2723/93
f 1384/2729/94 1383/2730/94 1387/2725/94 1386/2724/94
f 1383/2721/95 1382/2720/95 1388/2726/95 1387/2725/95
f 1382/2731/96 1381/2732/96 1385/2723/96 1388/2726/96
f 1389/2733/91 1390/2734/91 1391/2735/91 1392/2736/91
f 1393/2737/92 1394/2738/92 1395/2739/92 1396/2740/92
f 1389/2741/93 1392/2742/93 1394/2738/93 1393/2737/93
f 1392/2743/94 1391/2744/94 1395/2739/94 1394/2738/94
f 1391/2735/95 1390/2734/95 1396/2740/95 1395/2739/95
f 1390/2745/96 1389/2746/96 1393/2737/96 1396/2740/96
f 1397/2747/91 1398/2748/91 1399/2749/91 1400/2750/91
f 1401/2751/92 1402/2752/92 1403/2753/92 1404/2754/92
f 1397/2755/93 1400/2756/93 1402/2752/93 1401/2751/93
f 1400/2757/94 1399/2758/94 1403/2753/94 1402/2752/94
f 1399/2749/95 1398/2748/95 1404/2754/95 1403/2753/95
f 1398/2759/96 1397/2760/96 1401/2751/96 1404/2754/96
f 1405/2761/91 1406/2762/91 1407/2763/91 1408/2764/91
f 1407/2763/91 1409/2765/91 1408/2764/91
f 1405/2761/91 1408/2764/91 1410/2766/91
f 1411/2767/92 1412/2768/92 1413/2769/92 1414/2770/92
f 1411/2767/92 1414/2770/92 1415/2771/92 1416/2772/92
f 1408/2764/93 1409/2765/93 1415/2771/93 1414/2770/93
f 1409/2765/94 1407/2763/94 1416/2773/94 1415/2774/94
f 1406/2775/95 1405/2776/95 1412/2768/95 1411/2767/95
f 1410/2766/96 1408/2764/96 1414/2777/96 1413/2778/96
f 1417/2779/91 1418/2780/91 1419/2781/91 1420/2782/91
f 1419/2781/91 1421/2783/91 1420/2782/91
f 1417/2779/91 1420/2782/91 1422/2784/91
f 1370/2785/92 1407/2786/92 1406/2787/92 1423/2788/92
f 1370/2785/92 1423/2788/92 1424/2789/92 1371/2790/92
f 1421/2791/94 1419/2792/94 1407/2786/94 1370/2785/94
f 1418/2793/95 1417/2794/95 1423/2788/95 1406/2787/95
f 1417/2779/96 1422/2784/96 1424/2789/96 1423/2788/96
f 1422/2795/93 1420/2796/93 1371/2790/93 1424/2789/93
f 1425/2797/93 1426/2798/93 1427/2799/93 1428/2800/93
f 1426/2798/94 1429/2801/94 1419/2802/94 1427/2799/94
f 1430/2803/95 1431/2804/95 1417/2805/95 1418/2806/95
f 1431/2807/96 1425/2797/96 1428/2800/96 1417/2808/96
f 1432/2809/91 1433/2810/91 1434/2811/91 1435/2812/91
f 1434/2811/91 1436/2813/91 1435/2812/91
f 1432/2809/91 1435/2812/91 1437/2814/91
f 1430/2815/92 1438/2816/92 1439/2817/92 1440/2818/92
f 1430/2815/92 1440/2818/92 1426/2819/92 1429/2820/92
f 1435/2812/93 1436/2813/93 1426/2819/93 1440/2818/93
f 1436/2821/94 1434/2822/94 1429/2820/94 1426/2819/94
f 1433/2823/95 1432/2824/95 1438/2816/95 1430/2815/95
f 1437/2825/96 1435/2826/96 1440/2818/96 1439/2817/96
f 1441/2827/93 1442/2828/93 1443/2829/93 1444/2830/93
f 1442/2831/94 1445/2832/94 1446/2833/94 1443/2834/94
f 1445/2832/95 1447/2835/95 1448/2836/95 1446/2833/95
f 1447/2835/96 1441/2827/96 1444/2830/96 1448/2836/96
f 1449/2837/91 1450/2838/91 1451/2839/91 1452/2840/91
f 1453/2841/92 1442/2842/92 1445/2843/92 1454/2844/92
f 1449/2845/93 1452/2846/93 1442/2842/93 1453/2841/93
f 1452/2847/94 1451/2848/94 1445/2843/94 1442/2842/94
f 1451/2839/95 1450/2838/95 1454/2844/95 1445/2843/95
f 1450/2849/96 1449/2850/96 1453/2841/96 1454/2844/96
f 1455/2851/91 1456/2852/91 1457/2853/91 1458/2854/91
f 1457/2853/91 1459/2855/91 1458/2854/91
f 1455/2851/91 1458/2854/91 1460/2856/91
f 1461/2857/92 1462/2858/92 1463/2859/92 1464/2860/92
f 1461/2857/92 1464/2860/92 1465/2861/92 1466/2862/92
f 1459/2855/93 1457/2853/93 1462/2863/93 1461/2864/93
f 1456/2865/94 1455/2866/94 1464/2860/94 1463/2859/94
f 1455/2851/95 1460/2856/95 1465/2861/95 1464/2860/95
f 1460/2867/96 1458/2868/96 1466/2862/96 1465/2861/96
f 1467/2869/93 1462/2870/93 1420/2871/93 1422/2872/93
f 1463/2870/94 1464/2873/94 1468/2874/94 1421/2871/94
f 1464/2875/95 1469/2876/95 1470/2877/95 1468/2878/95
f 1469/2879/96 1467/2869/96 1422/2872/96 1470/2880/96
f 1471/2881/91 1472/2882/91 1473/2883/91 1474/2884/91
f 1475/2885/92 1476/2886/92 1477/2887/92 1478/2888/92
f 1471/2881/94 1474/2884/94 1476/2889/94 1475/2890/94
f 1474/2884/95 1473/2883/95 1477/2891/95 1476/2892/95
f 1473/2883/96 1472/2882/96 1478/2888/96 1477/2887/96
f 1472/2882/93 1471/2881/93 1475/2893/93 1478/2894/93
f 1479/2895/91 1480/2896/91 1481/2897/91 1482/2898/91
f 1481/2897/91 1483/2899/91 1482/2898/91
f 1479/2895/91 1482/2898/91 1484/2900/91
f 1410/2901/92 1372/2902/92 1373/2903/92 1485/2904/92
f 1410/2901/92 1485/2904/92 1486/2905/92 1405/2906/92
f 1482/2898/94 1483/2899/94 1486/2905/94 1485/2904/94
f 1483/2899/95 1481/2897/95 1405/2907/95 1486/2908/95
f 1480/2896/96 1479/2895/96 1372/2909/96 1410/2910/96
f 1484/2900/93 1482/2898/93 1485/2911/93 1373/2912/93
f 1487/2913/93 1488/2914/93 1471/2915/93 1472/2916/93
f 1488/2917/94 1489/2918/94 1490/2919/94 1471/2920/94
f 1489/2918/95 1491/2921/95 1492/2922/95 1490/2919/95
f 1491/2921/96 1487/2913/96 1472/2916/96 1492/2922/96
f 1493/2923/93 1494/2924/93 1495/2925/93 1496/2926/93
f 1494/2927/94 1497/2928/94 1498/2929/94 1495/2930/94
f 1497/2928/95 1499/2931/95 1500/2932/95 1498/2929/95
f 1499/2931/96 1493/2923/96 1496/2926/96 1500/2932/96
f 1501/2933/93 1502/2934/93 1503/2935/93 1504/2936/93
f 1502/2937/94 1505/2938/94 1474/2939/94 1503/2940/94
f 1505/2938/95 1506/2941/95 1473/2942/95 1474/2939/95
f 1506/2941/96 1501/2933/96 1504/2936/96 1473/2942/96
f 1440/2943/93 1507/2944/93 1508/2945/93 1509/2946/93
f 1507/2944/94 1510/2947/94 1483/2948/94 1508/2945/94
f 1510/2949/95 1438/2950/95 1481/2951/95 1483/2952/95
f 1439/2953/96 1440/2943/96 1509/2946/96 1480/2954/96
f 1453/2955/93 1511/2956/93 1512/2957/93 1513/2958/93
f 1511/2959/94 1514/2960/94 1515/2961/94 1512/2962/94
f 1514/2960/95 1454/2963/95 1516/2964/95 1515/2961/95
f 1454/2963/96 1453/2955/96 1513/2958/96 1516/2964/96
f 1461/2965/93 1517/2966/93 1482/2967/93 1484/2968/93
f 1517/2966/94 1518/2969/94 1519/2970/94 1482/2967/94
f 1518/2971/95 1465/2972/95 1520/2973/95 1519/2974/95
f 1465/2975/96 1466/2965/96 1479/2968/96 1520/2976/96
f 1377/2709/97 1376/2977/97 1371/2978/97 1370/2715/97
f 1420/2979/97 1421/2791/97 1370/2785/97 1371/2980/97
f 1421/2878/97 1420/2874/97 1462/2873/97 1463/2875/97
f 1463/2859/97 1462/2981/97 1457/2982/97 1456/2865/97
f 1411/2983/98 1416/2773/98 1407/2763/98 1406/2984/98
f 1418/2806/98 1419/2802/98 1429/2801/98 1430/2803/98
f 1406/2985/98 1407/2786/98 1419/2792/98 1418/2986/98
f 1430/2987/98 1429/2820/98 1434/2822/98 1433/2988/98
f 1413/2778/99 1412/2989/99 1405/2990/99 1410/2766/99
f 1410/2910/99 1405/2991/99 1481/2992/99 1480/2896/99
f 1480/2952/99 1481/2948/99 1438/2947/99 1439/2949/99
f 1439/2817/99 1438/2993/99 1432/2994/99 1437/2825/99
f 1372/2718/100 1373/2995/100 1375/2996/100 1380/2712/100
f 1373/2997/100 1372/2909/100 1479/2895/100 1484/2998/100
f 1466/2974/100 1461/2970/100 1484/2969/100 1479/2971/100
f 1458/2868/100 1459/2999/100 1461/3000/100 1466/2862/100
o Cube
v 0.381742 1.318794 -0.193999
v 0.381742 1.318794 0.806001
v 1.925529 1.318794 -0.193999
v 1.925529 1.318794 0.806001
v 0.381742 1.284998 -0.193999
v 0.381742 1.284998 0.806001
v 1.925529 1.284998 -0.193999
v 1.925529 1.284998 0.806001
vn -0.0000 1.0000 -0.0000
vn 1.0000 -0.0000 -0.0000
vn -0.0000 -1.0000 -0.0000
vn -1.0000 -0.0000 -0.0000
vn -0.0000 -0.0000 -1.0000
vn -0.0000 -0.0000 1.0000
vt 0.375000 0.000000
vt 0.625000 0.000000
vt 0.625000 0.250000
vt 0.375000 0.250000
vt 0.625000 0.500000
vt 0.375000 0.500000
vt 0.625000 0.750000
vt 0.375000 0.750000
vt 0.625000 1.000000
vt 0.375000 1.000000
vt 0.125000 0.500000
vt 0.125000 0.750000
vt 0.875000 0.500000
vt 0.875000 0.750000
s 0
usemtl Material.001
f 1521/3001/101 1522/3002/101 1524/3003/101 1523/3004/101
f 1523/3004/102 1524/3003/102 1528/3005/102 1527/3006/102
f 1527/3006/103 1528/3005/103 1526/3007/103 1525/3008/103
f 1525/3008/104 1526/3007/104 1522/3009/104 1521/3010/104
f 1523/3011/105 1527/3006/105 1525/3008/105 1521/3012/105
f 1528/3005/106 1524/3013/106 1522/3014/106 1526/3007/106
o Europalette.010
v 1.134189 -1.215785 -0.013293
v 0.977695 -1.215785 -0.013293
v 0.952657 -1.190747 -0.013293
v 0.977695 0.286539 -0.013293
v 0.952657 0.261501 -0.013293
v 1.134189 0.286539 -0.013293
v 0.952657 0.261501 0.014249
v 0.952657 -1.190747 0.014249
v 0.977695 -1.215785 0.014249
v 1.134189 -1.215785 0.014249
v 1.134189 0.286539 0.014249
v 0.977695 0.286539 0.014249
v 1.184266 0.286539 -0.013293
v 1.309460 0.286539 -0.013293
v 1.309460 -1.215785 -0.013293
v 1.184266 -1.215785 -0.013293
v 1.184266 0.286539 0.014249
v 1.184266 -1.215785 0.014249
v 1.309460 -1.215785 0.014249
v 1.309460 0.286539 0.014249
v 1.359537 0.286539 -0.013293
v 1.541069 0.286539 -0.013293
v 1.541069 -1.215785 -0.013293
v 1.359537 -1.215785 -0.013293
v 1.359537 0.286539 0.014249
v 1.359537 -1.215785 0.014249
v 1.541069 -1.215785 0.014249
v 1.541069 0.286539 0.014249
v 1.591146 0.286539 -0.013293
v 1.716340 0.286539 -0.013293
v 1.716340 -1.215785 -0.013293
v 1.591146 -1.215785 -0.013293
v 1.591146 0.286539 0.014249
v 1.591146 -1.215785 0.014249
v 1.716340 -1.215785 0.014249
v 1.716340 0.286539 0.014249
v 1.947946 0.261501 -0.013293
v 1.947946 -1.190747 -0.013293
v 1.922907 -1.215785 -0.013293
v 1.766417 0.286539 -0.013293
v 1.766417 -1.215785 -0.013293
v 1.922907 0.286539 -0.013293
v 1.947946 -1.190747 0.014249
v 1.947946 0.261501 0.014249
v 1.922907 0.286539 0.014249
v 1.766417 0.286539 0.014249
v 1.766417 -1.215785 0.014249
v 1.922907 -1.215785 0.014249
v 1.947946 -1.034253 -0.040837
v 1.947946 -1.190747 -0.040837
v 1.922907 -1.215785 -0.040837
v 0.952657 -1.190747 -0.040837
v 0.977695 -1.215785 -0.040837
v 0.952657 -1.034253 -0.040837
v 1.947946 -1.034253 -0.013293
v 0.952657 -1.034253 -0.013293
v 1.822753 -1.034253 -0.138486
v 1.822753 -1.215785 -0.138486
v 1.822753 -1.215785 -0.040837
v 1.822753 -1.034253 -0.040837
v 1.922907 -1.215785 -0.138486
v 1.947946 -1.190747 -0.138486
v 1.947946 -1.034253 -0.138486
v 1.947946 0.261501 -0.166031
v 1.947946 -1.190747 -0.166031
v 1.922907 -1.215785 -0.166031
v 1.822753 0.286539 -0.166031
v 1.822753 -1.215785 -0.166031
v 1.922907 0.286539 -0.166031
v 1.947946 0.261501 -0.138486
v 1.922907 0.286539 -0.138486
v 1.822753 0.286539 -0.138486
v 1.359537 -1.034253 -0.138486
v 1.359537 -1.215785 -0.138486
v 1.359537 -1.215785 -0.040837
v 1.359537 -1.034253 -0.040837
v 1.541069 -1.215785 -0.138486
v 1.541069 -1.215785 -0.040837
v 1.541069 -1.034253 -0.138486
v 1.541069 -1.034253 -0.040837
v 1.359537 0.286539 -0.166031
v 1.541069 0.286539 -0.166031
v 1.541069 -1.215785 -0.166031
v 1.359537 -1.215785 -0.166031
v 1.359537 0.286539 -0.138486
v 1.541069 0.286539 -0.138486
v 1.077850 -1.215785 -0.166030
v 0.977695 -1.215785 -0.166030
v 0.952657 -1.190747 -0.166030
v 0.977695 0.286539 -0.166030
v 0.952657 0.261501 -0.166030
v 1.077850 0.286539 -0.166030
v 0.952657 0.261501 -0.138486
v 0.952657 -1.190747 -0.138486
v 0.977695 -1.215785 -0.138486
v 1.077850 -1.215785 -0.138486
v 1.077850 0.286539 -0.138486
v 0.977695 0.286539 -0.138486
v 0.952657 -1.034253 -0.138486
v 1.077850 -1.215785 -0.040837
v 1.077850 -1.034253 -0.138486
v 1.077850 -1.034253 -0.040837
v 0.952657 -0.555389 -0.040837
v 0.952657 -0.373857 -0.040837
v 1.947946 -0.373857 -0.040837
v 1.947946 -0.555389 -0.040837
v 0.952657 -0.555389 -0.013293
v 1.947946 -0.555389 -0.013293
v 1.947946 -0.373857 -0.013293
v 0.952657 -0.373857 -0.013293
v 0.977695 0.286539 -0.040837
v 1.922907 0.286539 -0.040837
v 1.947946 0.261501 -0.040837
v 0.952657 0.105010 -0.040837
v 1.947946 0.105010 -0.040837
v 0.952657 0.261501 -0.040837
v 0.952657 0.105010 -0.013293
v 1.947946 0.105010 -0.013293
v 0.952657 -0.373857 -0.138486
v 0.952657 -0.555389 -0.138486
v 1.077850 -0.555389 -0.138486
v 1.077850 -0.555389 -0.040837
v 1.077850 -0.373857 -0.138486
v 1.077850 -0.373857 -0.040837
v 1.359537 -0.373857 -0.138486
v 1.359537 -0.555389 -0.138486
v 1.359537 -0.555389 -0.040837
v 1.359537 -0.373857 -0.040837
v 1.541069 -0.555389 -0.138486
v 1.541069 -0.555389 -0.040837
v 1.541069 -0.373857 -0.138486
v 1.541069 -0.373857 -0.040837
v 1.822753 -0.373857 -0.138486
v 1.822753 -0.555389 -0.138486
v 1.822753 -0.555389 -0.040837
v 1.822753 -0.373857 -0.040837
v 1.947946 -0.555389 -0.138486
v 1.947946 -0.373857 -0.138486
v 1.822753 0.105010 -0.138486
v 1.822753 0.105010 -0.040837
v 1.822753 0.286539 -0.040837
v 1.947946 0.105010 -0.138486
v 1.359537 0.105010 -0.138486
v 1.359537 0.105010 -0.040837
v 1.359537 0.286539 -0.040837
v 1.541069 0.105010 -0.138486
v 1.541069 0.105010 -0.040837
v 1.541069 0.286539 -0.040837
v 0.952657 0.105010 -0.138486
v 1.077850 0.105010 -0.138486
v 1.077850 0.105010 -0.040837
v 1.077850 0.286539 -0.040837
vn -0.0000 -0.0000 -1.0000
vn -0.0000 -0.0000 1.0000
vn -1.0000 -0.0000 -0.0000
vn -0.0000 -1.0000 -0.0000
vn 1.0000 -0.0000 -0.0000
vn -0.0000 1.0000 -0.0000
vn -0.7071 -0.7071 -0.0000
vn 0.7071 -0.7071 -0.0000
vn 0.7071 0.7071 -0.0000
vn -0.7071 0.7071 -0.0000
vt 0.014100 0.567600
vt 0.014100 0.518900
vt 0.022100 0.511200
vt 0.493800 0.518900
vt 0.485800 0.511200
vt 0.493800 0.567600
vt 0.485800 0.632600
vt 0.022100 0.632600
vt 0.014100 0.624800
vt 0.014100 0.576200
vt 0.493800 0.576200
vt 0.493800 0.624800
vt 0.022100 0.502600
vt 0.485800 0.502600
vt 0.005300 0.624800
vt 0.005300 0.576200
vt 0.502600 0.576200
vt 0.502600 0.624800
vt 0.475700 0.775500
vt 0.475700 0.814000
vt 0.013800 0.814000
vt 0.013800 0.775500
vt 0.475700 0.861000
vt 0.013800 0.861000
vt 0.013800 0.822500
vt 0.475700 0.822500
vt 0.475700 0.869500
vt 0.013800 0.869500
vt 0.005300 0.861000
vt 0.005300 0.822500
vt 0.484200 0.822500
vt 0.484200 0.861000
vt 0.507400 0.151900
vt 0.507400 0.211500
vt 0.014400 0.211500
vt 0.014400 0.151900
vt 0.507400 0.280100
vt 0.014400 0.280100
vt 0.014400 0.220500
vt 0.507400 0.220500
vt 0.507400 0.289100
vt 0.014400 0.289100
vt 0.005300 0.280100
vt 0.005300 0.220500
vt 0.516500 0.220500
vt 0.516500 0.280100
vt 0.475700 0.875600
vt 0.475700 0.914100
vt 0.013800 0.914100
vt 0.013800 0.875600
vt 0.475700 0.961000
vt 0.013800 0.961000
vt 0.013800 0.922500
vt 0.475700 0.922500
vt 0.475700 0.969500
vt 0.013800 0.969500
vt 0.005300 0.961000
vt 0.005300 0.922500
vt 0.484200 0.922500
vt 0.484200 0.961000
vt 0.485800 0.770100
vt 0.022100 0.770100
vt 0.014100 0.762300
vt 0.493800 0.713700
vt 0.014100 0.713700
vt 0.493800 0.762300
vt 0.022100 0.648700
vt 0.485800 0.648700
vt 0.493800 0.656400
vt 0.493800 0.705100
vt 0.014100 0.705100
vt 0.014100 0.656400
vt 0.005300 0.762300
vt 0.005300 0.713700
vt 0.022100 0.640100
vt 0.485800 0.640100
vt 0.502600 0.713700
vt 0.502600 0.762300
vt 0.547100 0.204900
vt 0.547100 0.153100
vt 0.555400 0.144800
vt 0.876200 0.153100
vt 0.867900 0.144800
vt 0.876200 0.204900
vt 0.867900 0.274000
vt 0.555400 0.274000
vt 0.547100 0.265700
vt 0.547100 0.214000
vt 0.876200 0.214000
vt 0.876200 0.265700
vt 0.867900 0.283100
vt 0.555400 0.283100
vt 0.538000 0.265700
vt 0.538000 0.214000
vt 0.885300 0.214000
vt 0.885300 0.265700
vt 0.792900 0.904200
vt 0.706800 0.904200
vt 0.706800 0.852300
vt 0.792900 0.852300
vt 0.651700 0.904200
vt 0.651700 0.852300
vt 0.637900 0.904200
vt 0.538000 0.904200
vt 0.538000 0.852300
vt 0.637900 0.852300
vt 0.861800 0.904200
vt 0.861800 0.852300
vt 0.484200 0.495500
vt 0.022100 0.495500
vt 0.014100 0.487500
vt 0.492100 0.455700
vt 0.014100 0.455700
vt 0.492100 0.487500
vt 0.022100 0.407100
vt 0.484200 0.407100
vt 0.492100 0.415000
vt 0.492100 0.446900
vt 0.014100 0.446900
vt 0.014100 0.415000
vt 0.005300 0.446900
vt 0.005300 0.415000
vt 0.022100 0.398300
vt 0.484200 0.398300
vt 0.500900 0.415000
vt 0.500900 0.446900
vt 0.624200 0.486400
vt 0.538000 0.486400
vt 0.538000 0.440100
vt 0.624200 0.440100
vt 0.882600 0.486400
vt 0.796500 0.486400
vt 0.796500 0.440100
vt 0.882600 0.440100
vt 0.710300 0.486400
vt 0.710300 0.440100
vt 0.515900 0.003700
vt 0.515900 0.064300
vt 0.014500 0.064300
vt 0.014500 0.003700
vt 0.515900 0.134000
vt 0.014500 0.134000
vt 0.014500 0.073500
vt 0.515900 0.073500
vt 0.515900 0.143200
vt 0.014500 0.143200
vt 0.005300 0.134000
vt 0.005300 0.073500
vt 0.525100 0.073500
vt 0.525100 0.134000
vt 0.014100 0.341100
vt 0.014100 0.309200
vt 0.022100 0.301300
vt 0.492100 0.309200
vt 0.484200 0.301300
vt 0.492100 0.341100
vt 0.484200 0.389700
vt 0.022100 0.389700
vt 0.014100 0.381700
vt 0.014100 0.349900
vt 0.492100 0.349900
vt 0.492100 0.381700
vt 0.022100 0.292500
vt 0.484200 0.292500
vt 0.005300 0.381700
vt 0.005300 0.349900
vt 0.500900 0.349900
vt 0.500900 0.381700
vt 0.792900 0.742200
vt 0.706800 0.742200
vt 0.706800 0.690300
vt 0.792900 0.690300
vt 0.651700 0.742200
vt 0.651700 0.690300
vt 0.637900 0.742200
vt 0.538000 0.742200
vt 0.538000 0.690300
vt 0.637900 0.690300
vt 0.861800 0.742200
vt 0.861800 0.690300
vt 0.878600 0.298400
vt 0.878600 0.358900
vt 0.547200 0.358900
vt 0.547200 0.298400
vt 0.878600 0.428500
vt 0.547200 0.428500
vt 0.547200 0.368000
vt 0.878600 0.368000
vt 0.547200 0.289200
vt 0.878600 0.289200
vt 0.538000 0.358900
vt 0.538000 0.298400
vt 0.887800 0.298400
vt 0.887800 0.358900
vt 0.555400 0.012800
vt 0.867100 0.012800
vt 0.875300 0.021000
vt 0.547100 0.072600
vt 0.875300 0.072600
vt 0.547100 0.021000
vt 0.867100 0.141600
vt 0.555400 0.141600
vt 0.547100 0.133300
vt 0.547100 0.081700
vt 0.875300 0.081700
vt 0.875300 0.133300
vt 0.884400 0.021000
vt 0.884400 0.072600
vt 0.555400 0.003700
vt 0.867100 0.003700
vt 0.538000 0.072600
vt 0.538000 0.021000
vt 0.624200 0.632600
vt 0.538000 0.632600
vt 0.538000 0.586300
vt 0.624200 0.586300
vt 0.882600 0.632600
vt 0.796500 0.632600
vt 0.796500 0.586300
vt 0.882600 0.586300
vt 0.710300 0.632600
vt 0.710300 0.586300
vt 0.624200 0.681100
vt 0.538000 0.681100
vt 0.538000 0.634800
vt 0.624200 0.634800
vt 0.882600 0.681100
vt 0.796500 0.681100
vt 0.796500 0.634800
vt 0.882600 0.634800
vt 0.710300 0.681100
vt 0.710300 0.634800
vt 0.624200 0.535800
vt 0.538000 0.535800
vt 0.538000 0.489500
vt 0.624200 0.489500
vt 0.882600 0.535800
vt 0.796500 0.535800
vt 0.796500 0.489500
vt 0.882600 0.489500
vt 0.710300 0.535800
vt 0.710300 0.489500
vt 0.792900 0.849800
vt 0.706800 0.849800
vt 0.706800 0.798000
vt 0.792900 0.798000
vt 0.651700 0.849800
vt 0.651700 0.798000
vt 0.637900 0.849800
vt 0.538000 0.849800
vt 0.538000 0.798000
vt 0.637900 0.798000
vt 0.861800 0.849800
vt 0.861800 0.798000
vt 0.624200 0.584400
vt 0.538000 0.584400
vt 0.538000 0.538100
vt 0.624200 0.538100
vt 0.882600 0.584400
vt 0.796500 0.584400
vt 0.796500 0.538100
vt 0.882600 0.538100
vt 0.710300 0.584400
vt 0.710300 0.538100
vt 0.792900 0.795700
vt 0.706800 0.795700
vt 0.706800 0.743900
vt 0.792900 0.743900
vt 0.651700 0.795700
vt 0.651700 0.743900
vt 0.637900 0.795700
vt 0.538000 0.795700
vt 0.538000 0.743900
vt 0.637900 0.743900
vt 0.861800 0.795700
vt 0.861800 0.743900
vt 0.014100 0.632600
vt 0.005300 0.632600
vt 0.876200 0.283100
vt 0.876200 0.274000
vt 0.014100 0.389700
vt 0.005300 0.389700
vt 0.005300 0.770100
vt 0.014100 0.770100
vt 0.547100 0.274000
vt 0.547100 0.283100
vt 0.014100 0.407100
vt 0.005300 0.407100
vt 0.502600 0.770100
vt 0.493800 0.770100
vt 0.875300 0.003700
vt 0.875300 0.012800
vt 0.492100 0.407100
vt 0.500900 0.407100
vt 0.502600 0.632600
vt 0.493800 0.632600
vt 0.547100 0.003700
vt 0.547100 0.012800
vt 0.500900 0.389700
vt 0.492100 0.389700
s 1
usemtl 07___Default.022
f 1529/3015/107 1530/3016/107 1531/3017/107 1532/3018/107
f 1531/3017/107 1533/3019/107 1532/3018/107
f 1529/3015/107 1532/3018/107 1534/3020/107
f 1535/3021/108 1536/3022/108 1537/3023/108 1538/3024/108
f 1535/3021/108 1538/3024/108 1539/3025/108 1540/3026/108
f 1533/3019/109 1531/3017/109 1536/3027/109 1535/3028/109
f 1530/3029/110 1529/3030/110 1538/3024/110 1537/3023/110
f 1529/3015/111 1534/3020/111 1539/3025/111 1538/3024/111
f 1534/3031/112 1532/3032/112 1540/3026/112 1539/3025/112
f 1541/3033/107 1542/3034/107 1543/3035/107 1544/3036/107
f 1545/3037/108 1546/3038/108 1547/3039/108 1548/3040/108
f 1541/3041/109 1544/3042/109 1546/3038/109 1545/3037/109
f 1544/3043/110 1543/3044/110 1547/3039/110 1546/3038/110
f 1543/3035/111 1542/3034/111 1548/3040/111 1547/3039/111
f 1542/3045/112 1541/3046/112 1545/3037/112 1548/3040/112
f 1549/3047/107 1550/3048/107 1551/3049/107 1552/3050/107
f 1553/3051/108 1554/3052/108 1555/3053/108 1556/3054/108
f 1549/3055/109 1552/3056/109 1554/3052/109 1553/3051/109
f 1552/3057/110 1551/3058/110 1555/3053/110 1554/3052/110
f 1551/3049/111 1550/3048/111 1556/3054/111 1555/3053/111
f 1550/3059/112 1549/3060/112 1553/3051/112 1556/3054/112
f 1557/3061/107 1558/3062/107 1559/3063/107 1560/3064/107
f 1561/3065/108 1562/3066/108 1563/3067/108 1564/3068/108
f 1557/3069/109 1560/3070/109 1562/3066/109 1561/3065/109
f 1560/3071/110 1559/3072/110 1563/3067/110 1562/3066/110
f 1559/3063/111 1558/3062/111 1564/3068/111 1563/3067/111
f 1558/3073/112 1557/3074/112 1561/3065/112 1564/3068/112
f 1565/3075/107 1566/3076/107 1567/3077/107 1568/3078/107
f 1567/3077/107 1569/3079/107 1568/3078/107
f 1565/3075/107 1568/3078/107 1570/3080/107
f 1571/3081/108 1572/3082/108 1573/3083/108 1574/3084/108
f 1571/3081/108 1574/3084/108 1575/3085/108 1576/3086/108
f 1568/3078/109 1569/3079/109 1575/3085/109 1574/3084/109
f 1569/3079/110 1567/3077/110 1576/3087/110 1575/3088/110
f 1566/3089/111 1565/3090/111 1572/3082/111 1571/3081/111
f 1570/3080/112 1568/3078/112 1574/3091/112 1573/3092/112
f 1577/3093/107 1578/3094/107 1579/3095/107 1580/3096/107
f 1579/3095/107 1581/3097/107 1580/3096/107
f 1577/3093/107 1580/3096/107 1582/3098/107
f 1530/3099/108 1567/3100/108 1566/3101/108 1583/3102/108
f 1530/3099/108 1583/3102/108 1584/3103/108 1531/3104/108
f 1581/3105/110 1579/3106/110 1567/3100/110 1530/3099/110
f 1578/3107/111 1577/3108/111 1583/3102/111 1566/3101/111
f 1577/3093/112 1582/3098/112 1584/3103/112 1583/3102/112
f 1582/3109/109 1580/3110/109 1531/3104/109 1584/3103/109
f 1585/3111/109 1586/3112/109 1587/3113/109 1588/3114/109
f 1586/3112/110 1589/3115/110 1579/3116/110 1587/3113/110
f 1590/3117/111 1591/3118/111 1577/3119/111 1578/3120/111
f 1591/3121/112 1585/3111/112 1588/3114/112 1577/3122/112
f 1592/3123/107 1593/3124/107 1594/3125/107 1595/3126/107
f 1594/3125/107 1596/3127/107 1595/3126/107
f 1592/3123/107 1595/3126/107 1597/3128/107
f 1590/3129/108 1598/3130/108 1599/3131/108 1600/3132/108
f 1590/3129/108 1600/3132/108 1586/3133/108 1589/3134/108
f 1595/3126/109 1596/3127/109 1586/3133/109 1600/3132/109
f 1596/3135/110 1594/3136/110 1589/3134/110 1586/3133/110
f 1593/3137/111 1592/3138/111 1598/3130/111 1590/3129/111
f 1597/3139/112 1595/3140/112 1600/3132/112 1599/3131/112
f 1601/3141/109 1602/3142/109 1603/3143/109 1604/3144/109
f 1602/3145/110 1605/3146/110 1606/3147/110 1603/3148/110
f 1605/3146/111 1607/3149/111 1608/3150/111 1606/3147/111
f 1607/3149/112 1601/3141/112 1604/3144/112 1608/3150/112
f 1609/3151/107 1610/3152/107 1611/3153/107 1612/3154/107
f 1613/3155/108 1602/3156/108 1605/3157/108 1614/3158/108
f 1609/3159/109 1612/3160/109 1602/3156/109 1613/3155/109
f 1612/3161/110 1611/3162/110 1605/3157/110 1602/3156/110
f 1611/3153/111 1610/3152/111 1614/3158/111 1605/3157/111
f 1610/3163/112 1609/3164/112 1613/3155/112 1614/3158/112
f 1615/3165/107 1616/3166/107 1617/3167/107 1618/3168/107
f 1617/3167/107 1619/3169/107 1618/3168/107
f 1615/3165/107 1618/3168/107 1620/3170/107
f 1621/3171/108 1622/3172/108 1623/3173/108 1624/3174/108
f 1621/3171/108 1624/3174/108 1625/3175/108 1626/3176/108
f 1619/3169/109 1617/3167/109 1622/3177/109 1621/3178/109
f 1616/3179/110 1615/3180/110 1624/3174/110 1623/3173/110
f 1615/3165/111 1620/3170/111 1625/3175/111 1624/3174/111
f 1620/3181/112 1618/3182/112 1626/3176/112 1625/3175/112
f 1627/3183/109 1622/3184/109 1580/3185/109 1582/3186/109
f 1623/3184/110 1624/3187/110 1628/3188/110 1581/3185/110
f 1624/3189/111 1629/3190/111 1630/3191/111 1628/3192/111
f 1629/3193/112 1627/3183/112 1582/3186/112 1630/3194/112
f 1631/3195/107 1632/3196/107 1633/3197/107 1634/3198/107
f 1635/3199/108 1636/3200/108 1637/3201/108 1638/3202/108
f 1631/3195/110 1634/3198/110 1636/3203/110 1635/3204/110
f 1634/3198/111 1633/3197/111 1637/3205/111 1636/3206/111
f 1633/3197/112 1632/3196/112 1638/3202/112 1637/3201/112
f 1632/3196/109 1631/3195/109 1635/3207/109 1638/3208/109
f 1639/3209/107 1640/3210/107 1641/3211/107 1642/3212/107
f 1641/3211/107 1643/3213/107 1642/3212/107
f 1639/3209/107 1642/3212/107 1644/3214/107
f 1570/3215/108 1532/3216/108 1533/3217/108 1645/3218/108
f 1570/3215/108 1645/3218/108 1646/3219/108 1565/3220/108
f 1642/3212/110 1643/3213/110 1646/3219/110 1645/3218/110
f 1643/3213/111 1641/3211/111 1565/3221/111 1646/3222/111
f 1640/3210/112 1639/3209/112 1532/3223/112 1570/3224/112
f 1644/3214/109 1642/3212/109 1645/3225/109 1533/3226/109
f 1647/3227/109 1648/3228/109 1631/3229/109 1632/3230/109
f 1648/3231/110 1649/3232/110 1650/3233/110 1631/3234/110
f 1649/3232/111 1651/3235/111 1652/3236/111 1650/3233/111
f 1651/3235/112 1647/3227/112 1632/3230/112 1652/3236/112
f 1653/3237/109 1654/3238/109 1655/3239/109 1656/3240/109
f 1654/3241/110 1657/3242/110 1658/3243/110 1655/3244/110
f 1657/3242/111 1659/3245/111 1660/3246/111 1658/3243/111
f 1659/3245/112 1653/3237/112 1656/3240/112 1660/3246/112
f 1661/3247/109 1662/3248/109 1663/3249/109 1664/3250/109
f 1662/3251/110 1665/3252/110 1634/3253/110 1663/3254/110
f 1665/3252/111 1666/3255/111 1633/3256/111 1634/3253/111
f 1666/3255/112 1661/3247/112 1664/3250/112 1633/3256/112
f 1600/3257/109 1667/3258/109 1668/3259/109 1669/3260/109
f 1667/3258/110 1670/3261/110 1643/3262/110 1668/3259/110
f 1670/3263/111 1598/3264/111 1641/3265/111 1643/3266/111
f 1599/3267/112 1600/3257/112 1669/3260/112 1640/3268/112
f 1613/3269/109 1671/3270/109 1672/3271/109 1673/3272/109
f 1671/3273/110 1674/3274/110 1675/3275/110 1672/3276/110
f 1674/3274/111 1614/3277/111 1676/3278/111 1675/3275/111
f 1614/3277/112 1613/3269/112 1673/3272/112 1676/3278/112
f 1621/3279/109 1677/3280/109 1642/3281/109 1644/3282/109
f 1677/3280/110 1678/3283/110 1679/3284/110 1642/3281/110
f 1678/3285/111 1625/3286/111 1680/3287/111 1679/3288/111
f 1625/3289/112 1626/3279/112 1639/3282/112 1680/3290/112
f 1537/3023/113 1536/3291/113 1531/3292/113 1530/3029/113
f 1580/3293/113 1581/3105/113 1530/3099/113 1531/3294/113
f 1581/3192/113 1580/3188/113 1622/3187/113 1623/3189/113
f 1623/3173/113 1622/3295/113 1617/3296/113 1616/3179/113
f 1571/3297/114 1576/3087/114 1567/3077/114 1566/3298/114
f 1578/3120/114 1579/3116/114 1589/3115/114 1590/3117/114
f 1566/3299/114 1567/3100/114 1579/3106/114 1578/3300/114
f 1590/3301/114 1589/3134/114 1594/3136/114 1593/3302/114
f 1573/3092/115 1572/3303/115 1565/3304/115 1570/3080/115
f 1570/3224/115 1565/3305/115 1641/3306/115 1640/3210/115
f 1640/3266/115 1641/3262/115 1598/3261/115 1599/3263/115
f 1599/3131/115 1598/3307/115 1592/3308/115 1597/3139/115
f 1532/3032/116 1533/3309/116 1535/3310/116 1540/3026/116
f 1533/3311/116 1532/3223/116 1639/3209/116 1644/3312/116
f 1626/3288/116 1621/3284/116 1644/3283/116 1639/3285/116
f 1618/3182/116 1619/3313/116 1621/3314/116 1626/3176/116
o Cube.001
v -0.553410 -1.173771 -0.193999
v -0.553410 -1.173771 0.806001
v 0.990378 -1.173771 -0.193999
v 0.990378 -1.173771 0.806001
v -0.553410 -1.207567 -0.193999
v -0.553410 -1.207567 0.806001
v 0.990378 -1.207567 -0.193999
v 0.990378 -1.207567 0.806001
vn -0.0000 1.0000 -0.0000
vn 1.0000 -0.0000 -0.0000
vn -0.0000 -1.0000 -0.0000
vn -1.0000 -0.0000 -0.0000
vn -0.0000 -0.0000 -1.0000
vn -0.0000 -0.0000 1.0000
vt 0.375000 0.000000
vt 0.625000 0.000000
vt 0.625000 0.250000
vt 0.375000 0.250000
vt 0.625000 0.500000
vt 0.375000 0.500000
vt 0.625000 0.750000
vt 0.375000 0.750000
vt 0.625000 1.000000
vt 0.375000 1.000000
vt 0.125000 0.500000
vt 0.125000 0.750000
vt 0.875000 0.500000
vt 0.875000 0.750000
s 0
usemtl Material.002
f 1681/3315/117 1682/3316/117 1684/3317/117 1683/3318/117
f 1683/3318/118 1684/3317/118 1688/3319/118 1687/3320/118
f 1687/3320/119 1688/3319/119 1686/3321/119 1685/3322/119
f 1685/3322/120 1686/3321/120 1682/3323/120 1681/3324/120
f 1683/3325/121 1687/3320/121 1685/3322/121 1681/3326/121
f 1688/3319/122 1684/3327/122 1682/3328/122 1686/3321/122
o Europalette.011
v 1.067492 -2.716370 0.152072
v 0.910998 -2.716370 0.152072
v 0.885960 -2.691331 0.152072
v 0.910998 -1.214045 0.152072
v 0.885960 -1.239084 0.152072
v 1.067492 -1.214045 0.152072
v 0.885960 -1.239084 0.179614
v 0.885960 -2.691331 0.179614
v 0.910998 -2.716370 0.179614
v 1.067492 -2.716370 0.179614
v 1.067492 -1.214045 0.179614
v 0.910998 -1.214045 0.179614
v 1.117569 -1.214045 0.152072
v 1.242762 -1.214045 0.152072
v 1.242762 -2.716370 0.152072
v 1.117569 -2.716370 0.152072
v 1.117569 -1.214045 0.179614
v 1.117569 -2.716370 0.179614
v 1.242762 -2.716370 0.179614
v 1.242762 -1.214045 0.179614
v 1.292840 -1.214045 0.152072
v 1.474372 -1.214045 0.152072
v 1.474372 -2.716370 0.152072
v 1.292840 -2.716370 0.152072
v 1.292840 -1.214045 0.179614
v 1.292840 -2.716370 0.179614
v 1.474372 -2.716370 0.179614
v 1.474372 -1.214045 0.179614
v 1.524449 -1.214045 0.152072
v 1.649643 -1.214045 0.152072
v 1.649643 -2.716370 0.152072
v 1.524449 -2.716370 0.152072
v 1.524449 -1.214045 0.179614
v 1.524449 -2.716370 0.179614
v 1.649643 -2.716370 0.179614
v 1.649643 -1.214045 0.179614
v 1.881249 -1.239084 0.152072
v 1.881249 -2.691331 0.152072
v 1.856210 -2.716370 0.152072
v 1.699720 -1.214045 0.152072
v 1.699720 -2.716370 0.152072
v 1.856210 -1.214045 0.152072
v 1.881249 -2.691331 0.179614
v 1.881249 -1.239084 0.179614
v 1.856210 -1.214045 0.179614
v 1.699720 -1.214045 0.179614
v 1.699720 -2.716370 0.179614
v 1.856210 -2.716370 0.179614
v 1.881249 -2.534838 0.124528
v 1.881249 -2.691331 0.124528
v 1.856210 -2.716370 0.124528
v 0.885960 -2.691331 0.124528
v 0.910998 -2.716370 0.124528
v 0.885960 -2.534838 0.124528
v 1.881249 -2.534838 0.152072
v 0.885960 -2.534838 0.152072
v 1.756056 -2.534838 0.026879
v 1.756056 -2.716370 0.026879
v 1.756056 -2.716370 0.124528
v 1.756056 -2.534838 0.124528
v 1.856210 -2.716370 0.026879
v 1.881249 -2.691331 0.026879
v 1.881249 -2.534838 0.026879
v 1.881249 -1.239084 -0.000666
v 1.881249 -2.691331 -0.000666
v 1.856210 -2.716370 -0.000666
v 1.756056 -1.214045 -0.000666
v 1.756056 -2.716370 -0.000666
v 1.856210 -1.214045 -0.000666
v 1.881249 -1.239084 0.026879
v 1.856210 -1.214045 0.026879
v 1.756056 -1.214045 0.026879
v 1.292840 -2.534838 0.026879
v 1.292840 -2.716370 0.026879
v 1.292840 -2.716370 0.124528
v 1.292840 -2.534838 0.124528
v 1.474372 -2.716370 0.026879
v 1.474372 -2.716370 0.124528
v 1.474372 -2.534838 0.026879
v 1.474372 -2.534838 0.124528
v 1.292840 -1.214045 -0.000666
v 1.474372 -1.214045 -0.000666
v 1.474372 -2.716370 -0.000666
v 1.292840 -2.716370 -0.000666
v 1.292840 -1.214045 0.026879
v 1.474372 -1.214045 0.026879
v 1.011153 -2.716370 -0.000666
v 0.910998 -2.716370 -0.000666
v 0.885960 -2.691331 -0.000666
v 0.910998 -1.214045 -0.000666
v 0.885960 -1.239084 -0.000666
v 1.011153 -1.214045 -0.000666
v 0.885960 -1.239084 0.026879
v 0.885960 -2.691331 0.026879
v 0.910998 -2.716370 0.026879
v 1.011153 -2.716370 0.026879
v 1.011153 -1.214045 0.026879
v 0.910998 -1.214045 0.026879
v 0.885960 -2.534838 0.026879
v 1.011153 -2.716370 0.124528
v 1.011153 -2.534838 0.026879
v 1.011153 -2.534838 0.124528
v 0.885960 -2.055974 0.124528
v 0.885960 -1.874442 0.124528
v 1.881249 -1.874442 0.124528
v 1.881249 -2.055974 0.124528
v 0.885960 -2.055974 0.152072
v 1.881249 -2.055974 0.152072
v 1.881249 -1.874442 0.152072
v 0.885960 -1.874442 0.152072
v 0.910998 -1.214045 0.124528
v 1.856210 -1.214045 0.124528
v 1.881249 -1.239084 0.124528
v 0.885960 -1.395574 0.124528
v 1.881249 -1.395574 0.124528
v 0.885960 -1.239084 0.124528
v 0.885960 -1.395574 0.152072
v 1.881249 -1.395574 0.152072
v 0.885960 -1.874442 0.026879
v 0.885960 -2.055974 0.026879
v 1.011153 -2.055974 0.026879
v 1.011153 -2.055974 0.124528
v 1.011153 -1.874442 0.026879
v 1.011153 -1.874442 0.124528
v 1.292840 -1.874442 0.026879
v 1.292840 -2.055974 0.026879
v 1.292840 -2.055974 0.124528
v 1.292840 -1.874442 0.124528
v 1.474372 -2.055974 0.026879
v 1.474372 -2.055974 0.124528
v 1.474372 -1.874442 0.026879
v 1.474372 -1.874442 0.124528
v 1.756056 -1.874442 0.026879
v 1.756056 -2.055974 0.026879
v 1.756056 -2.055974 0.124528
v 1.756056 -1.874442 0.124528
v 1.881249 -2.055974 0.026879
v 1.881249 -1.874442 0.026879
v 1.756056 -1.395574 0.026879
v 1.756056 -1.395574 0.124528
v 1.756056 -1.214045 0.124528
v 1.881249 -1.395574 0.026879
v 1.292840 -1.395574 0.026879
v 1.292840 -1.395574 0.124528
v 1.292840 -1.214045 0.124528
v 1.474372 -1.395574 0.026879
v 1.474372 -1.395574 0.124528
v 1.474372 -1.214045 0.124528
v 0.885960 -1.395574 0.026879
v 1.011153 -1.395574 0.026879
v 1.011153 -1.395574 0.124528
v 1.011153 -1.214045 0.124528
vn -0.0000 -0.0000 -1.0000
vn -0.0000 -0.0000 1.0000
vn -1.0000 -0.0000 -0.0000
vn -0.0000 -1.0000 -0.0000
vn 1.0000 -0.0000 -0.0000
vn -0.0000 1.0000 -0.0000
vn -0.7071 -0.7071 -0.0000
vn 0.7071 -0.7071 -0.0000
vn 0.7071 0.7071 -0.0000
vn -0.7071 0.7071 -0.0000
vt 0.014100 0.567600
vt 0.014100 0.518900
vt 0.022100 0.511200
vt 0.493800 0.518900
vt 0.485800 0.511200
vt 0.493800 0.567600
vt 0.485800 0.632600
vt 0.022100 0.632600
vt 0.014100 0.624800
vt 0.014100 0.576200
vt 0.493800 0.576200
vt 0.493800 0.624800
vt 0.022100 0.502600
vt 0.485800 0.502600
vt 0.005300 0.624800
vt 0.005300 0.576200
vt 0.502600 0.576200
vt 0.502600 0.624800
vt 0.475700 0.775500
vt 0.475700 0.814000
vt 0.013800 0.814000
vt 0.013800 0.775500
vt 0.475700 0.861000
vt 0.013800 0.861000
vt 0.013800 0.822500
vt 0.475700 0.822500
vt 0.475700 0.869500
vt 0.013800 0.869500
vt 0.005300 0.861000
vt 0.005300 0.822500
vt 0.484200 0.822500
vt 0.484200 0.861000
vt 0.507400 0.151900
vt 0.507400 0.211500
vt 0.014400 0.211500
vt 0.014400 0.151900
vt 0.507400 0.280100
vt 0.014400 0.280100
vt 0.014400 0.220500
vt 0.507400 0.220500
vt 0.507400 0.289100
vt 0.014400 0.289100
vt 0.005300 0.280100
vt 0.005300 0.220500
vt 0.516500 0.220500
vt 0.516500 0.280100
vt 0.475700 0.875600
vt 0.475700 0.914100
vt 0.013800 0.914100
vt 0.013800 0.875600
vt 0.475700 0.961000
vt 0.013800 0.961000
vt 0.013800 0.922500
vt 0.475700 0.922500
vt 0.475700 0.969500
vt 0.013800 0.969500
vt 0.005300 0.961000
vt 0.005300 0.922500
vt 0.484200 0.922500
vt 0.484200 0.961000
vt 0.485800 0.770100
vt 0.022100 0.770100
vt 0.014100 0.762300
vt 0.493800 0.713700
vt 0.014100 0.713700
vt 0.493800 0.762300
vt 0.022100 0.648700
vt 0.485800 0.648700
vt 0.493800 0.656400
vt 0.493800 0.705100
vt 0.014100 0.705100
vt 0.014100 0.656400
vt 0.005300 0.762300
vt 0.005300 0.713700
vt 0.022100 0.640100
vt 0.485800 0.640100
vt 0.502600 0.713700
vt 0.502600 0.762300
vt 0.547100 0.204900
vt 0.547100 0.153100
vt 0.555400 0.144800
vt 0.876200 0.153100
vt 0.867900 0.144800
vt 0.876200 0.204900
vt 0.867900 0.274000
vt 0.555400 0.274000
vt 0.547100 0.265700
vt 0.547100 0.214000
vt 0.876200 0.214000
vt 0.876200 0.265700
vt 0.867900 0.283100
vt 0.555400 0.283100
vt 0.538000 0.265700
vt 0.538000 0.214000
vt 0.885300 0.214000
vt 0.885300 0.265700
vt 0.792900 0.904200
vt 0.706800 0.904200
vt 0.706800 0.852300
vt 0.792900 0.852300
vt 0.651700 0.904200
vt 0.651700 0.852300
vt 0.637900 0.904200
vt 0.538000 0.904200
vt 0.538000 0.852300
vt 0.637900 0.852300
vt 0.861800 0.904200
vt 0.861800 0.852300
vt 0.484200 0.495500
vt 0.022100 0.495500
vt 0.014100 0.487500
vt 0.492100 0.455700
vt 0.014100 0.455700
vt 0.492100 0.487500
vt 0.022100 0.407100
vt 0.484200 0.407100
vt 0.492100 0.415000
vt 0.492100 0.446900
vt 0.014100 0.446900
vt 0.014100 0.415000
vt 0.005300 0.446900
vt 0.005300 0.415000
vt 0.022100 0.398300
vt 0.484200 0.398300
vt 0.500900 0.415000
vt 0.500900 0.446900
vt 0.624200 0.486400
vt 0.538000 0.486400
vt 0.538000 0.440100
vt 0.624200 0.440100
vt 0.882600 0.486400
vt 0.796500 0.486400
vt 0.796500 0.440100
vt 0.882600 0.440100
vt 0.710300 0.486400
vt 0.710300 0.440100
vt 0.515900 0.003700
vt 0.515900 0.064300
vt 0.014500 0.064300
vt 0.014500 0.003700
vt 0.515900 0.134000
vt 0.014500 0.134000
vt 0.014500 0.073500
vt 0.515900 0.073500
vt 0.515900 0.143200
vt 0.014500 0.143200
vt 0.005300 0.134000
vt 0.005300 0.073500
vt 0.525100 0.073500
vt 0.525100 0.134000
vt 0.014100 0.341100
vt 0.014100 0.309200
vt 0.022100 0.301300
vt 0.492100 0.309200
vt 0.484200 0.301300
vt 0.492100 0.341100
vt 0.484200 0.389700
vt 0.022100 0.389700
vt 0.014100 0.381700
vt 0.014100 0.349900
vt 0.492100 0.349900
vt 0.492100 0.381700
vt 0.022100 0.292500
vt 0.484200 0.292500
vt 0.005300 0.381700
vt 0.005300 0.349900
vt 0.500900 0.349900
vt 0.500900 0.381700
vt 0.792900 0.742200
vt 0.706800 0.742200
vt 0.706800 0.690300
vt 0.792900 0.690300
vt 0.651700 0.742200
vt 0.651700 0.690300
vt 0.637900 0.742200
vt 0.538000 0.742200
vt 0.538000 0.690300
vt 0.637900 0.690300
vt 0.861800 0.742200
vt 0.861800 0.690300
vt 0.878600 0.298400
vt 0.878600 0.358900
vt 0.547200 0.358900
vt 0.547200 0.298400
vt 0.878600 0.428500
vt 0.547200 0.428500
vt 0.547200 0.368000
vt 0.878600 0.368000
vt 0.547200 0.289200
vt 0.878600 0.289200
vt 0.538000 0.358900
vt 0.538000 0.298400
vt 0.887800 0.298400
vt 0.887800 0.358900
vt 0.555400 0.012800
vt 0.867100 0.012800
vt 0.875300 0.021000
vt 0.547100 0.072600
vt 0.875300 0.072600
vt 0.547100 0.021000
vt 0.867100 0.141600
vt 0.555400 0.141600
vt 0.547100 0.133300
vt 0.547100 0.081700
vt 0.875300 0.081700
vt 0.875300 0.133300
vt 0.884400 0.021000
vt 0.884400 0.072600
vt 0.555400 0.003700
vt 0.867100 0.003700
vt 0.538000 0.072600
vt 0.538000 0.021000
vt 0.624200 0.632600
vt 0.538000 0.632600
vt 0.538000 0.586300
vt 0.624200 0.586300
vt 0.882600 0.632600
vt 0.796500 0.632600
vt 0.796500 0.586300
vt 0.882600 0.586300
vt 0.710300 0.632600
vt 0.710300 0.586300
vt 0.624200 0.681100
vt 0.538000 0.681100
vt 0.538000 0.634800
vt 0.624200 0.634800
vt 0.882600 0.681100
vt 0.796500 0.681100
vt 0.796500 0.634800
vt 0.882600 0.634800
vt 0.710300 0.681100
vt 0.710300 0.634800
vt 0.624200 0.535800
vt 0.538000 0.535800
vt 0.538000 0.489500
vt 0.624200 0.489500
vt 0.882600 0.535800
vt 0.796500 0.535800
vt 0.796500 0.489500
vt 0.882600 0.489500
vt 0.710300 0.535800
vt 0.710300 0.489500
vt 0.792900 0.849800
vt 0.706800 0.849800
vt 0.706800 0.798000
vt 0.792900 0.798000
vt 0.651700 0.849800
vt 0.651700 0.798000
vt 0.637900 0.849800
vt 0.538000 0.849800
vt 0.538000 0.798000
vt 0.637900 0.798000
vt 0.861800 0.849800
vt 0.861800 0.798000
vt 0.624200 0.584400
vt 0.538000 0.584400
vt 0.538000 0.538100
vt 0.624200 0.538100
vt 0.882600 0.584400
vt 0.796500 0.584400
vt 0.796500 0.538100
vt 0.882600 0.538100
vt 0.710300 0.584400
vt 0.710300 0.538100
vt 0.792900 0.795700
vt 0.706800 0.795700
vt 0.706800 0.743900
vt 0.792900 0.743900
vt 0.651700 0.795700
vt 0.651700 0.743900
vt 0.637900 0.795700
vt 0.538000 0.795700
vt 0.538000 0.743900
vt 0.637900 0.743900
vt 0.861800 0.795700
vt 0.861800 0.743900
vt 0.014100 0.632600
vt 0.005300 0.632600
vt 0.876200 0.283100
vt 0.876200 0.274000
vt 0.014100 0.389700
vt 0.005300 0.389700
vt 0.005300 0.770100
vt 0.014100 0.770100
vt 0.547100 0.274000
vt 0.547100 0.283100
vt 0.014100 0.407100
vt 0.005300 0.407100
vt 0.502600 0.770100
vt 0.493800 0.770100
vt 0.875300 0.003700
vt 0.875300 0.012800
vt 0.492100 0.407100
vt 0.500900 0.407100
vt 0.502600 0.632600
vt 0.493800 0.632600
vt 0.547100 0.003700
vt 0.547100 0.012800
vt 0.500900 0.389700
vt 0.492100 0.389700
s 1
usemtl 07___Default.023
f 1689/3329/123 1690/3330/123 1691/3331/123 1692/3332/123
f 1691/3331/123 1693/3333/123 1692/3332/123
f 1689/3329/123 1692/3332/123 1694/3334/123
f 1695/3335/124 1696/3336/124 1697/3337/124 1698/3338/124
f 1695/3335/124 1698/3338/124 1699/3339/124 1700/3340/124
f 1693/3333/125 1691/3331/125 1696/3341/125 1695/3342/125
f 1690/3343/126 1689/3344/126 1698/3338/126 1697/3337/126
f 1689/3329/127 1694/3334/127 1699/3339/127 1698/3338/127
f 1694/3345/128 1692/3346/128 1700/3340/128 1699/3339/128
f 1701/3347/123 1702/3348/123 1703/3349/123 1704/3350/123
f 1705/3351/124 1706/3352/124 1707/3353/124 1708/3354/124
f 1701/3355/125 1704/3356/125 1706/3352/125 1705/3351/125
f 1704/3357/126 1703/3358/126 1707/3353/126 1706/3352/126
f 1703/3349/127 1702/3348/127 1708/3354/127 1707/3353/127
f 1702/3359/128 1701/3360/128 1705/3351/128 1708/3354/128
f 1709/3361/123 1710/3362/123 1711/3363/123 1712/3364/123
f 1713/3365/124 1714/3366/124 1715/3367/124 1716/3368/124
f 1709/3369/125 1712/3370/125 1714/3366/125 1713/3365/125
f 1712/3371/126 1711/3372/126 1715/3367/126 1714/3366/126
f 1711/3363/127 1710/3362/127 1716/3368/127 1715/3367/127
f 1710/3373/128 1709/3374/128 1713/3365/128 1716/3368/128
f 1717/3375/123 1718/3376/123 1719/3377/123 1720/3378/123
f 1721/3379/124 1722/3380/124 1723/3381/124 1724/3382/124
f 1717/3383/125 1720/3384/125 1722/3380/125 1721/3379/125
f 1720/3385/126 1719/3386/126 1723/3381/126 1722/3380/126
f 1719/3377/127 1718/3376/127 1724/3382/127 1723/3381/127
f 1718/3387/128 1717/3388/128 1721/3379/128 1724/3382/128
f 1725/3389/123 1726/3390/123 1727/3391/123 1728/3392/123
f 1727/3391/123 1729/3393/123 1728/3392/123
f 1725/3389/123 1728/3392/123 1730/3394/123
f 1731/3395/124 1732/3396/124 1733/3397/124 1734/3398/124
f 1731/3395/124 1734/3398/124 1735/3399/124 1736/3400/124
f 1728/3392/125 1729/3393/125 1735/3399/125 1734/3398/125
f 1729/3393/126 1727/3391/126 1736/3401/126 1735/3402/126
f 1726/3403/127 1725/3404/127 1732/3396/127 1731/3395/127
f 1730/3394/128 1728/3392/128 1734/3405/128 1733/3406/128
f 1737/3407/123 1738/3408/123 1739/3409/123 1740/3410/123
f 1739/3409/123 1741/3411/123 1740/3410/123
f 1737/3407/123 1740/3410/123 1742/3412/123
f 1690/3413/124 1727/3414/124 1726/3415/124 1743/3416/124
f 1690/3413/124 1743/3416/124 1744/3417/124 1691/3418/124
f 1741/3419/126 1739/3420/126 1727/3414/126 1690/3413/126
f 1738/3421/127 1737/3422/127 1743/3416/127 1726/3415/127
f 1737/3407/128 1742/3412/128 1744/3417/128 1743/3416/128
f 1742/3423/125 1740/3424/125 1691/3418/125 1744/3417/125
f 1745/3425/125 1746/3426/125 1747/3427/125 1748/3428/125
f 1746/3426/126 1749/3429/126 1739/3430/126 1747/3427/126
f 1750/3431/127 1751/3432/127 1737/3433/127 1738/3434/127
f 1751/3435/128 1745/3425/128 1748/3428/128 1737/3436/128
f 1752/3437/123 1753/3438/123 1754/3439/123 1755/3440/123
f 1754/3439/123 1756/3441/123 1755/3440/123
f 1752/3437/123 1755/3440/123 1757/3442/123
f 1750/3443/124 1758/3444/124 1759/3445/124 1760/3446/124
f 1750/3443/124 1760/3446/124 1746/3447/124 1749/3448/124
f 1755/3440/125 1756/3441/125 1746/3447/125 1760/3446/125
f 1756/3449/126 1754/3450/126 1749/3448/126 1746/3447/126
f 1753/3451/127 1752/3452/127 1758/3444/127 1750/3443/127
f 1757/3453/128 1755/3454/128 1760/3446/128 1759/3445/128
f 1761/3455/125 1762/3456/125 1763/3457/125 1764/3458/125
f 1762/3459/126 1765/3460/126 1766/3461/126 1763/3462/126
f 1765/3460/127 1767/3463/127 1768/3464/127 1766/3461/127
f 1767/3463/128 1761/3455/128 1764/3458/128 1768/3464/128
f 1769/3465/123 1770/3466/123 1771/3467/123 1772/3468/123
f 1773/3469/124 1762/3470/124 1765/3471/124 1774/3472/124
f 1769/3473/125 1772/3474/125 1762/3470/125 1773/3469/125
f 1772/3475/126 1771/3476/126 1765/3471/126 1762/3470/126
f 1771/3467/127 1770/3466/127 1774/3472/127 1765/3471/127
f 1770/3477/128 1769/3478/128 1773/3469/128 1774/3472/128
f 1775/3479/123 1776/3480/123 1777/3481/123 1778/3482/123
f 1777/3481/123 1779/3483/123 1778/3482/123
f 1775/3479/123 1778/3482/123 1780/3484/123
f 1781/3485/124 1782/3486/124 1783/3487/124 1784/3488/124
f 1781/3485/124 1784/3488/124 1785/3489/124 1786/3490/124
f 1779/3483/125 1777/3481/125 1782/3491/125 1781/3492/125
f 1776/3493/126 1775/3494/126 1784/3488/126 1783/3487/126
f 1775/3479/127 1780/3484/127 1785/3489/127 1784/3488/127
f 1780/3495/128 1778/3496/128 1786/3490/128 1785/3489/128
f 1787/3497/125 1782/3498/125 1740/3499/125 1742/3500/125
f 1783/3498/126 1784/3501/126 1788/3502/126 1741/3499/126
f 1784/3503/127 1789/3504/127 1790/3505/127 1788/3506/127
f 1789/3507/128 1787/3497/128 1742/3500/128 1790/3508/128
f 1791/3509/123 1792/3510/123 1793/3511/123 1794/3512/123
f 1795/3513/124 1796/3514/124 1797/3515/124 1798/3516/124
f 1791/3509/126 1794/3512/126 1796/3517/126 1795/3518/126
f 1794/3512/127 1793/3511/127 1797/3519/127 1796/3520/127
f 1793/3511/128 1792/3510/128 1798/3516/128 1797/3515/128
f 1792/3510/125 1791/3509/125 1795/3521/125 1798/3522/125
f 1799/3523/123 1800/3524/123 1801/3525/123 1802/3526/123
f 1801/3525/123 1803/3527/123 1802/3526/123
f 1799/3523/123 1802/3526/123 1804/3528/123
f 1730/3529/124 1692/3530/124 1693/3531/124 1805/3532/124
f 1730/3529/124 1805/3532/124 1806/3533/124 1725/3534/124
f 1802/3526/126 1803/3527/126 1806/3533/126 1805/3532/126
f 1803/3527/127 1801/3525/127 1725/3535/127 1806/3536/127
f 1800/3524/128 1799/3523/128 1692/3537/128 1730/3538/128
f 1804/3528/125 1802/3526/125 1805/3539/125 1693/3540/125
f 1807/3541/125 1808/3542/125 1791/3543/125 1792/3544/125
f 1808/3545/126 1809/3546/126 1810/3547/126 1791/3548/126
f 1809/3546/127 1811/3549/127 1812/3550/127 1810/3547/127
f 1811/3549/128 1807/3541/128 1792/3544/128 1812/3550/128
f 1813/3551/125 1814/3552/125 1815/3553/125 1816/3554/125
f 1814/3555/126 1817/3556/126 1818/3557/126 1815/3558/126
f 1817/3556/127 1819/3559/127 1820/3560/127 1818/3557/127
f 1819/3559/128 1813/3551/128 1816/3554/128 1820/3560/128
f 1821/3561/125 1822/3562/125 1823/3563/125 1824/3564/125
f 1822/3565/126 1825/3566/126 1794/3567/126 1823/3568/126
f 1825/3566/127 1826/3569/127 1793/3570/127 1794/3567/127
f 1826/3569/128 1821/3561/128 1824/3564/128 1793/3570/128
f 1760/3571/125 1827/3572/125 1828/3573/125 1829/3574/125
f 1827/3572/126 1830/3575/126 1803/3576/126 1828/3573/126
f 1830/3577/127 1758/3578/127 1801/3579/127 1803/3580/127
f 1759/3581/128 1760/3571/128 1829/3574/128 1800/3582/128
f 1773/3583/125 1831/3584/125 1832/3585/125 1833/3586/125
f 1831/3587/126 1834/3588/126 1835/3589/126 1832/3590/126
f 1834/3588/127 1774/3591/127 1836/3592/127 1835/3589/127
f 1774/3591/128 1773/3583/128 1833/3586/128 1836/3592/128
f 1781/3593/125 1837/3594/125 1802/3595/125 1804/3596/125
f 1837/3594/126 1838/3597/126 1839/3598/126 1802/3595/126
f 1838/3599/127 1785/3600/127 1840/3601/127 1839/3602/127
f 1785/3603/128 1786/3593/128 1799/3596/128 1840/3604/128
f 1697/3337/129 1696/3605/129 1691/3606/129 1690/3343/129
f 1740/3607/129 1741/3419/129 1690/3413/129 1691/3608/129
f 1741/3506/129 1740/3502/129 1782/3501/129 1783/3503/129
f 1783/3487/129 1782/3609/129 1777/3610/129 1776/3493/129
f 1731/3611/130 1736/3401/130 1727/3391/130 1726/3612/130
f 1738/3434/130 1739/3430/130 1749/3429/130 1750/3431/130
f 1726/3613/130 1727/3414/130 1739/3420/130 1738/3614/130
f 1750/3615/130 1749/3448/130 1754/3450/130 1753/3616/130
f 1733/3406/131 1732/3617/131 1725/3618/131 1730/3394/131
f 1730/3538/131 1725/3619/131 1801/3620/131 1800/3524/131
f 1800/3580/131 1801/3576/131 1758/3575/131 1759/3577/131
f 1759/3445/131 1758/3621/131 1752/3622/131 1757/3453/131
f 1692/3346/132 1693/3623/132 1695/3624/132 1700/3340/132
f 1693/3625/132 1692/3537/132 1799/3523/132 1804/3626/132
f 1786/3602/132 1781/3598/132 1804/3597/132 1799/3599/132
f 1778/3496/132 1779/3627/132 1781/3628/132 1786/3490/132
o Europalette.012
v 1.067492 -2.716370 -0.013293
v 0.910998 -2.716370 -0.013293
v 0.885960 -2.691331 -0.013293
v 0.910998 -1.214045 -0.013293
v 0.885960 -1.239084 -0.013293
v 1.067492 -1.214045 -0.013293
v 0.885960 -1.239084 0.014249
v 0.885960 -2.691331 0.014249
v 0.910998 -2.716370 0.014249
v 1.067492 -2.716370 0.014249
v 1.067492 -1.214045 0.014249
v 0.910998 -1.214045 0.014249
v 1.117569 -1.214045 -0.013293
v 1.242762 -1.214045 -0.013293
v 1.242762 -2.716370 -0.013293
v 1.117569 -2.716370 -0.013293
v 1.117569 -1.214045 0.014249
v 1.117569 -2.716370 0.014249
v 1.242762 -2.716370 0.014249
v 1.242762 -1.214045 0.014249
v 1.292840 -1.214045 -0.013293
v 1.474372 -1.214045 -0.013293
v 1.474372 -2.716370 -0.013293
v 1.292840 -2.716370 -0.013293
v 1.292840 -1.214045 0.014249
v 1.292840 -2.716370 0.014249
v 1.474372 -2.716370 0.014249
v 1.474372 -1.214045 0.014249
v 1.524449 -1.214045 -0.013293
v 1.649643 -1.214045 -0.013293
v 1.649643 -2.716370 -0.013293
v 1.524449 -2.716370 -0.013293
v 1.524449 -1.214045 0.014249
v 1.524449 -2.716370 0.014249
v 1.649643 -2.716370 0.014249
v 1.649643 -1.214045 0.014249
v 1.881249 -1.239084 -0.013293
v 1.881249 -2.691331 -0.013293
v 1.856210 -2.716370 -0.013293
v 1.699720 -1.214045 -0.013293
v 1.699720 -2.716370 -0.013293
v 1.856210 -1.214045 -0.013293
v 1.881249 -2.691331 0.014249
v 1.881249 -1.239084 0.014249
v 1.856210 -1.214045 0.014249
v 1.699720 -1.214045 0.014249
v 1.699720 -2.716370 0.014249
v 1.856210 -2.716370 0.014249
v 1.881249 -2.534838 -0.040837
v 1.881249 -2.691331 -0.040837
v 1.856210 -2.716370 -0.040837
v 0.885960 -2.691331 -0.040837
v 0.910998 -2.716370 -0.040837
v 0.885960 -2.534838 -0.040837
v 1.881249 -2.534838 -0.013293
v 0.885960 -2.534838 -0.013293
v 1.756056 -2.534838 -0.138486
v 1.756056 -2.716370 -0.138486
v 1.756056 -2.716370 -0.040837
v 1.756056 -2.534838 -0.040837
v 1.856210 -2.716370 -0.138486
v 1.881249 -2.691331 -0.138486
v 1.881249 -2.534838 -0.138486
v 1.881249 -1.239084 -0.166031
v 1.881249 -2.691331 -0.166031
v 1.856210 -2.716370 -0.166031
v 1.756056 -1.214045 -0.166031
v 1.756056 -2.716370 -0.166031
v 1.856210 -1.214045 -0.166031
v 1.881249 -1.239084 -0.138486
v 1.856210 -1.214045 -0.138486
v 1.756056 -1.214045 -0.138486
v 1.292840 -2.534838 -0.138486
v 1.292840 -2.716370 -0.138486
v 1.292840 -2.716370 -0.040837
v 1.292840 -2.534838 -0.040837
v 1.474372 -2.716370 -0.138486
v 1.474372 -2.716370 -0.040837
v 1.474372 -2.534838 -0.138486
v 1.474372 -2.534838 -0.040837
v 1.292840 -1.214045 -0.166031
v 1.474372 -1.214045 -0.166031
v 1.474372 -2.716370 -0.166031
v 1.292840 -2.716370 -0.166031
v 1.292840 -1.214045 -0.138486
v 1.474372 -1.214045 -0.138486
v 1.011153 -2.716370 -0.166030
v 0.910998 -2.716370 -0.166030
v 0.885960 -2.691331 -0.166030
v 0.910998 -1.214045 -0.166030
v 0.885960 -1.239084 -0.166030
v 1.011153 -1.214045 -0.166030
v 0.885960 -1.239084 -0.138486
v 0.885960 -2.691331 -0.138486
v 0.910998 -2.716370 -0.138486
v 1.011153 -2.716370 -0.138486
v 1.011153 -1.214045 -0.138486
v 0.910998 -1.214045 -0.138486
v 0.885960 -2.534838 -0.138486
v 1.011153 -2.716370 -0.040837
v 1.011153 -2.534838 -0.138486
v 1.011153 -2.534838 -0.040837
v 0.885960 -2.055974 -0.040837
v 0.885960 -1.874442 -0.040837
v 1.881249 -1.874442 -0.040837
v 1.881249 -2.055974 -0.040837
v 0.885960 -2.055974 -0.013293
v 1.881249 -2.055974 -0.013293
v 1.881249 -1.874442 -0.013293
v 0.885960 -1.874442 -0.013293
v 0.910998 -1.214045 -0.040837
v 1.856210 -1.214045 -0.040837
v 1.881249 -1.239084 -0.040837
v 0.885960 -1.395574 -0.040837
v 1.881249 -1.395574 -0.040837
v 0.885960 -1.239084 -0.040837
v 0.885960 -1.395574 -0.013293
v 1.881249 -1.395574 -0.013293
v 0.885960 -1.874442 -0.138486
v 0.885960 -2.055974 -0.138486
v 1.011153 -2.055974 -0.138486
v 1.011153 -2.055974 -0.040837
v 1.011153 -1.874442 -0.138486
v 1.011153 -1.874442 -0.040837
v 1.292840 -1.874442 -0.138486
v 1.292840 -2.055974 -0.138486
v 1.292840 -2.055974 -0.040837
v 1.292840 -1.874442 -0.040837
v 1.474372 -2.055974 -0.138486
v 1.474372 -2.055974 -0.040837
v 1.474372 -1.874442 -0.138486
v 1.474372 -1.874442 -0.040837
v 1.756056 -1.874442 -0.138486
v 1.756056 -2.055974 -0.138486
v 1.756056 -2.055974 -0.040837
v 1.756056 -1.874442 -0.040837
v 1.881249 -2.055974 -0.138486
v 1.881249 -1.874442 -0.138486
v 1.756056 -1.395574 -0.138486
v 1.756056 -1.395574 -0.040837
v 1.756056 -1.214045 -0.040837
v 1.881249 -1.395574 -0.138486
v 1.292840 -1.395574 -0.138486
v 1.292840 -1.395574 -0.040837
v 1.292840 -1.214045 -0.040837
v 1.474372 -1.395574 -0.138486
v 1.474372 -1.395574 -0.040837
v 1.474372 -1.214045 -0.040837
v 0.885960 -1.395574 -0.138486
v 1.011153 -1.395574 -0.138486
v 1.011153 -1.395574 -0.040837
v 1.011153 -1.214045 -0.040837
vn -0.0000 -0.0000 -1.0000
vn -0.0000 -0.0000 1.0000
vn -1.0000 -0.0000 -0.0000
vn -0.0000 -1.0000 -0.0000
vn 1.0000 -0.0000 -0.0000
vn -0.0000 1.0000 -0.0000
vn -0.7071 -0.7071 -0.0000
vn 0.7071 -0.7071 -0.0000
vn 0.7071 0.7071 -0.0000
vn -0.7071 0.7071 -0.0000
vt 0.014100 0.567600
vt 0.014100 0.518900
vt 0.022100 0.511200
vt 0.493800 0.518900
vt 0.485800 0.511200
vt 0.493800 0.567600
vt 0.485800 0.632600
vt 0.022100 0.632600
vt 0.014100 0.624800
vt 0.014100 0.576200
vt 0.493800 0.576200
vt 0.493800 0.624800
vt 0.022100 0.502600
vt 0.485800 0.502600
vt 0.005300 0.624800
vt 0.005300 0.576200
vt 0.502600 0.576200
vt 0.502600 0.624800
vt 0.475700 0.775500
vt 0.475700 0.814000
vt 0.013800 0.814000
vt 0.013800 0.775500
vt 0.475700 0.861000
vt 0.013800 0.861000
vt 0.013800 0.822500
vt 0.475700 0.822500
vt 0.475700 0.869500
vt 0.013800 0.869500
vt 0.005300 0.861000
vt 0.005300 0.822500
vt 0.484200 0.822500
vt 0.484200 0.861000
vt 0.507400 0.151900
vt 0.507400 0.211500
vt 0.014400 0.211500
vt 0.014400 0.151900
vt 0.507400 0.280100
vt 0.014400 0.280100
vt 0.014400 0.220500
vt 0.507400 0.220500
vt 0.507400 0.289100
vt 0.014400 0.289100
vt 0.005300 0.280100
vt 0.005300 0.220500
vt 0.516500 0.220500
vt 0.516500 0.280100
vt 0.475700 0.875600
vt 0.475700 0.914100
vt 0.013800 0.914100
vt 0.013800 0.875600
vt 0.475700 0.961000
vt 0.013800 0.961000
vt 0.013800 0.922500
vt 0.475700 0.922500
vt 0.475700 0.969500
vt 0.013800 0.969500
vt 0.005300 0.961000
vt 0.005300 0.922500
vt 0.484200 0.922500
vt 0.484200 0.961000
vt 0.485800 0.770100
vt 0.022100 0.770100
vt 0.014100 0.762300
vt 0.493800 0.713700
vt 0.014100 0.713700
vt 0.493800 0.762300
vt 0.022100 0.648700
vt 0.485800 0.648700
vt 0.493800 0.656400
vt 0.493800 0.705100
vt 0.014100 0.705100
vt 0.014100 0.656400
vt 0.005300 0.762300
vt 0.005300 0.713700
vt 0.022100 0.640100
vt 0.485800 0.640100
vt 0.502600 0.713700
vt 0.502600 0.762300
vt 0.547100 0.204900
vt 0.547100 0.153100
vt 0.555400 0.144800
vt 0.876200 0.153100
vt 0.867900 0.144800
vt 0.876200 0.204900
vt 0.867900 0.274000
vt 0.555400 0.274000
vt 0.547100 0.265700
vt 0.547100 0.214000
vt 0.876200 0.214000
vt 0.876200 0.265700
vt 0.867900 0.283100
vt 0.555400 0.283100
vt 0.538000 0.265700
vt 0.538000 0.214000
vt 0.885300 0.214000
vt 0.885300 0.265700
vt 0.792900 0.904200
vt 0.706800 0.904200
vt 0.706800 0.852300
vt 0.792900 0.852300
vt 0.651700 0.904200
vt 0.651700 0.852300
vt 0.637900 0.904200
vt 0.538000 0.904200
vt 0.538000 0.852300
vt 0.637900 0.852300
vt 0.861800 0.904200
vt 0.861800 0.852300
vt 0.484200 0.495500
vt 0.022100 0.495500
vt 0.014100 0.487500
vt 0.492100 0.455700
vt 0.014100 0.455700
vt 0.492100 0.487500
vt 0.022100 0.407100
vt 0.484200 0.407100
vt 0.492100 0.415000
vt 0.492100 0.446900
vt 0.014100 0.446900
vt 0.014100 0.415000
vt 0.005300 0.446900
vt 0.005300 0.415000
vt 0.022100 0.398300
vt 0.484200 0.398300
vt 0.500900 0.415000
vt 0.500900 0.446900
vt 0.624200 0.486400
vt 0.538000 0.486400
vt 0.538000 0.440100
vt 0.624200 0.440100
vt 0.882600 0.486400
vt 0.796500 0.486400
vt 0.796500 0.440100
vt 0.882600 0.440100
vt 0.710300 0.486400
vt 0.710300 0.440100
vt 0.515900 0.003700
vt 0.515900 0.064300
vt 0.014500 0.064300
vt 0.014500 0.003700
vt 0.515900 0.134000
vt 0.014500 0.134000
vt 0.014500 0.073500
vt 0.515900 0.073500
vt 0.515900 0.143200
vt 0.014500 0.143200
vt 0.005300 0.134000
vt 0.005300 0.073500
vt 0.525100 0.073500
vt 0.525100 0.134000
vt 0.014100 0.341100
vt 0.014100 0.309200
vt 0.022100 0.301300
vt 0.492100 0.309200
vt 0.484200 0.301300
vt 0.492100 0.341100
vt 0.484200 0.389700
vt 0.022100 0.389700
vt 0.014100 0.381700
vt 0.014100 0.349900
vt 0.492100 0.349900
vt 0.492100 0.381700
vt 0.022100 0.292500
vt 0.484200 0.292500
vt 0.005300 0.381700
vt 0.005300 0.349900
vt 0.500900 0.349900
vt 0.500900 0.381700
vt 0.792900 0.742200
vt 0.706800 0.742200
vt 0.706800 0.690300
vt 0.792900 0.690300
vt 0.651700 0.742200
vt 0.651700 0.690300
vt 0.637900 0.742200
vt 0.538000 0.742200
vt 0.538000 0.690300
vt 0.637900 0.690300
vt 0.861800 0.742200
vt 0.861800 0.690300
vt 0.878600 0.298400
vt 0.878600 0.358900
vt 0.547200 0.358900
vt 0.547200 0.298400
vt 0.878600 0.428500
vt 0.547200 0.428500
vt 0.547200 0.368000
vt 0.878600 0.368000
vt 0.547200 0.289200
vt 0.878600 0.289200
vt 0.538000 0.358900
vt 0.538000 0.298400
vt 0.887800 0.298400
vt 0.887800 0.358900
vt 0.555400 0.012800
vt 0.867100 0.012800
vt 0.875300 0.021000
vt 0.547100 0.072600
vt 0.875300 0.072600
vt 0.547100 0.021000
vt 0.867100 0.141600
vt 0.555400 0.141600
vt 0.547100 0.133300
vt 0.547100 0.081700
vt 0.875300 0.081700
vt 0.875300 0.133300
vt 0.884400 0.021000
vt 0.884400 0.072600
vt 0.555400 0.003700
vt 0.867100 0.003700
vt 0.538000 0.072600
vt 0.538000 0.021000
vt 0.624200 0.632600
vt 0.538000 0.632600
vt 0.538000 0.586300
vt 0.624200 0.586300
vt 0.882600 0.632600
vt 0.796500 0.632600
vt 0.796500 0.586300
vt 0.882600 0.586300
vt 0.710300 0.632600
vt 0.710300 0.586300
vt 0.624200 0.681100
vt 0.538000 0.681100
vt 0.538000 0.634800
vt 0.624200 0.634800
vt 0.882600 0.681100
vt 0.796500 0.681100
vt 0.796500 0.634800
vt 0.882600 0.634800
vt 0.710300 0.681100
vt 0.710300 0.634800
vt 0.624200 0.535800
vt 0.538000 0.535800
vt 0.538000 0.489500
vt 0.624200 0.489500
vt 0.882600 0.535800
vt 0.796500 0.535800
vt 0.796500 0.489500
vt 0.882600 0.489500
vt 0.710300 0.535800
vt 0.710300 0.489500
vt 0.792900 0.849800
vt 0.706800 0.849800
vt 0.706800 0.798000
vt 0.792900 0.798000
vt 0.651700 0.849800
vt 0.651700 0.798000
vt 0.637900 0.849800
vt 0.538000 0.849800
vt 0.538000 0.798000
vt 0.637900 0.798000
vt 0.861800 0.849800
vt 0.861800 0.798000
vt 0.624200 0.584400
vt 0.538000 0.584400
vt 0.538000 0.538100
vt 0.624200 0.538100
vt 0.882600 0.584400
vt 0.796500 0.584400
vt 0.796500 0.538100
vt 0.882600 0.538100
vt 0.710300 0.584400
vt 0.710300 0.538100
vt 0.792900 0.795700
vt 0.706800 0.795700
vt 0.706800 0.743900
vt 0.792900 0.743900
vt 0.651700 0.795700
vt 0.651700 0.743900
vt 0.637900 0.795700
vt 0.538000 0.795700
vt 0.538000 0.743900
vt 0.637900 0.743900
vt 0.861800 0.795700
vt 0.861800 0.743900
vt 0.014100 0.632600
vt 0.005300 0.632600
vt 0.876200 0.283100
vt 0.876200 0.274000
vt 0.014100 0.389700
vt 0.005300 0.389700
vt 0.005300 0.770100
vt 0.014100 0.770100
vt 0.547100 0.274000
vt 0.547100 0.283100
vt 0.014100 0.407100
vt 0.005300 0.407100
vt 0.502600 0.770100
vt 0.493800 0.770100
vt 0.875300 0.003700
vt 0.875300 0.012800
vt 0.492100 0.407100
vt 0.500900 0.407100
vt 0.502600 0.632600
vt 0.493800 0.632600
vt 0.547100 0.003700
vt 0.547100 0.012800
vt 0.500900 0.389700
vt 0.492100 0.389700
s 1
usemtl 07___Default.024
f 1841/3629/133 1842/3630/133 1843/3631/133 1844/3632/133
f 1843/3631/133 1845/3633/133 1844/3632/133
f 1841/3629/133 1844/3632/133 1846/3634/133
f 1847/3635/134 1848/3636/134 1849/3637/134 1850/3638/134
f 1847/3635/134 1850/3638/134 1851/3639/134 1852/3640/134
f 1845/3633/135 1843/3631/135 1848/3641/135 1847/3642/135
f 1842/3643/136 1841/3644/136 1850/3638/136 1849/3637/136
f 1841/3629/137 1846/3634/137 1851/3639/137 1850/3638/137
f 1846/3645/138 1844/3646/138 1852/3640/138 1851/3639/138
f 1853/3647/133 1854/3648/133 1855/3649/133 1856/3650/133
f 1857/3651/134 1858/3652/134 1859/3653/134 1860/3654/134
f 1853/3655/135 1856/3656/135 1858/3652/135 1857/3651/135
f 1856/3657/136 1855/3658/136 1859/3653/136 1858/3652/136
f 1855/3649/137 1854/3648/137 1860/3654/137 1859/3653/137
f 1854/3659/138 1853/3660/138 1857/3651/138 1860/3654/138
f 1861/3661/133 1862/3662/133 1863/3663/133 1864/3664/133
f 1865/3665/134 1866/3666/134 1867/3667/134 1868/3668/134
f 1861/3669/135 1864/3670/135 1866/3666/135 1865/3665/135
f 1864/3671/136 1863/3672/136 1867/3667/136 1866/3666/136
f 1863/3663/137 1862/3662/137 1868/3668/137 1867/3667/137
f 1862/3673/138 1861/3674/138 1865/3665/138 1868/3668/138
f 1869/3675/133 1870/3676/133 1871/3677/133 1872/3678/133
f 1873/3679/134 1874/3680/134 1875/3681/134 1876/3682/134
f 1869/3683/135 1872/3684/135 1874/3680/135 1873/3679/135
f 1872/3685/136 1871/3686/136 1875/3681/136 1874/3680/136
f 1871/3677/137 1870/3676/137 1876/3682/137 1875/3681/137
f 1870/3687/138 1869/3688/138 1873/3679/138 1876/3682/138
f 1877/3689/133 1878/3690/133 1879/3691/133 1880/3692/133
f 1879/3691/133 1881/3693/133 1880/3692/133
f 1877/3689/133 1880/3692/133 1882/3694/133
f 1883/3695/134 1884/3696/134 1885/3697/134 1886/3698/134
f 1883/3695/134 1886/3698/134 1887/3699/134 1888/3700/134
f 1880/3692/135 1881/3693/135 1887/3699/135 1886/3698/135
f 1881/3693/136 1879/3691/136 1888/3701/136 1887/3702/136
f 1878/3703/137 1877/3704/137 1884/3696/137 1883/3695/137
f 1882/3694/138 1880/3692/138 1886/3705/138 1885/3706/138
f 1889/3707/133 1890/3708/133 1891/3709/133 1892/3710/133
f 1891/3709/133 1893/3711/133 1892/3710/133
f 1889/3707/133 1892/3710/133 1894/3712/133
f 1842/3713/134 1879/3714/134 1878/3715/134 1895/3716/134
f 1842/3713/134 1895/3716/134 1896/3717/134 1843/3718/134
f 1893/3719/136 1891/3720/136 1879/3714/136 1842/3713/136
f 1890/3721/137 1889/3722/137 1895/3716/137 1878/3715/137
f 1889/3707/138 1894/3712/138 1896/3717/138 1895/3716/138
f 1894/3723/135 1892/3724/135 1843/3718/135 1896/3717/135
f 1897/3725/135 1898/3726/135 1899/3727/135 1900/3728/135
f 1898/3726/136 1901/3729/136 1891/3730/136 1899/3727/136
f 1902/3731/137 1903/3732/137 1889/3733/137 1890/3734/137
f 1903/3735/138 1897/3725/138 1900/3728/138 1889/3736/138
f 1904/3737/133 1905/3738/133 1906/3739/133 1907/3740/133
f 1906/3739/133 1908/3741/133 1907/3740/133
f 1904/3737/133 1907/3740/133 1909/3742/133
f 1902/3743/134 1910/3744/134 1911/3745/134 1912/3746/134
f 1902/3743/134 1912/3746/134 1898/3747/134 1901/3748/134
f 1907/3740/135 1908/3741/135 1898/3747/135 1912/3746/135
f 1908/3749/136 1906/3750/136 1901/3748/136 1898/3747/136
f 1905/3751/137 1904/3752/137 1910/3744/137 1902/3743/137
f 1909/3753/138 1907/3754/138 1912/3746/138 1911/3745/138
f 1913/3755/135 1914/3756/135 1915/3757/135 1916/3758/135
f 1914/3759/136 1917/3760/136 1918/3761/136 1915/3762/136
f 1917/3760/137 1919/3763/137 1920/3764/137 1918/3761/137
f 1919/3763/138 1913/3755/138 1916/3758/138 1920/3764/138
f 1921/3765/133 1922/3766/133 1923/3767/133 1924/3768/133
f 1925/3769/134 1914/3770/134 1917/3771/134 1926/3772/134
f 1921/3773/135 1924/3774/135 1914/3770/135 1925/3769/135
f 1924/3775/136 1923/3776/136 1917/3771/136 1914/3770/136
f 1923/3767/137 1922/3766/137 1926/3772/137 1917/3771/137
f 1922/3777/138 1921/3778/138 1925/3769/138 1926/3772/138
f 1927/3779/133 1928/3780/133 1929/3781/133 1930/3782/133
f 1929/3781/133 1931/3783/133 1930/3782/133
f 1927/3779/133 1930/3782/133 1932/3784/133
f 1933/3785/134 1934/3786/134 1935/3787/134 1936/3788/134
f 1933/3785/134 1936/3788/134 1937/3789/134 1938/3790/134
f 1931/3783/135 1929/3781/135 1934/3791/135 1933/3792/135
f 1928/3793/136 1927/3794/136 1936/3788/136 1935/3787/136
f 1927/3779/137 1932/3784/137 1937/3789/137 1936/3788/137
f 1932/3795/138 1930/3796/138 1938/3790/138 1937/3789/138
f 1939/3797/135 1934/3798/135 1892/3799/135 1894/3800/135
f 1935/3798/136 1936/3801/136 1940/3802/136 1893/3799/136
f 1936/3803/137 1941/3804/137 1942/3805/137 1940/3806/137
f 1941/3807/138 1939/3797/138 1894/3800/138 1942/3808/138
f 1943/3809/133 1944/3810/133 1945/3811/133 1946/3812/133
f 1947/3813/134 1948/3814/134 1949/3815/134 1950/3816/134
f 1943/3809/136 1946/3812/136 1948/3817/136 1947/3818/136
f 1946/3812/137 1945/3811/137 1949/3819/137 1948/3820/137
f 1945/3811/138 1944/3810/138 1950/3816/138 1949/3815/138
f 1944/3810/135 1943/3809/135 1947/3821/135 1950/3822/135
f 1951/3823/133 1952/3824/133 1953/3825/133 1954/3826/133
f 1953/3825/133 1955/3827/133 1954/3826/133
f 1951/3823/133 1954/3826/133 1956/3828/133
f 1882/3829/134 1844/3830/134 1845/3831/134 1957/3832/134
f 1882/3829/134 1957/3832/134 1958/3833/134 1877/3834/134
f 1954/3826/136 1955/3827/136 1958/3833/136 1957/3832/136
f 1955/3827/137 1953/3825/137 1877/3835/137 1958/3836/137
f 1952/3824/138 1951/3823/138 1844/3837/138 1882/3838/138
f 1956/3828/135 1954/3826/135 1957/3839/135 1845/3840/135
f 1959/3841/135 1960/3842/135 1943/3843/135 1944/3844/135
f 1960/3845/136 1961/3846/136 1962/3847/136 1943/3848/136
f 1961/3846/137 1963/3849/137 1964/3850/137 1962/3847/137
f 1963/3849/138 1959/3841/138 1944/3844/138 1964/3850/138
f 1965/3851/135 1966/3852/135 1967/3853/135 1968/3854/135
f 1966/3855/136 1969/3856/136 1970/3857/136 1967/3858/136
f 1969/3856/137 1971/3859/137 1972/3860/137 1970/3857/137
f 1971/3859/138 1965/3851/138 1968/3854/138 1972/3860/138
f 1973/3861/135 1974/3862/135 1975/3863/135 1976/3864/135
f 1974/3865/136 1977/3866/136 1946/3867/136 1975/3868/136
f 1977/3866/137 1978/3869/137 1945/3870/137 1946/3867/137
f 1978/3869/138 1973/3861/138 1976/3864/138 1945/3870/138
f 1912/3871/135 1979/3872/135 1980/3873/135 1981/3874/135
f 1979/3872/136 1982/3875/136 1955/3876/136 1980/3873/136
f 1982/3877/137 1910/3878/137 1953/3879/137 1955/3880/137
f 1911/3881/138 1912/3871/138 1981/3874/138 1952/3882/138
f 1925/3883/135 1983/3884/135 1984/3885/135 1985/3886/135
f 1983/3887/136 1986/3888/136 1987/3889/136 1984/3890/136
f 1986/3888/137 1926/3891/137 1988/3892/137 1987/3889/137
f 1926/3891/138 1925/3883/138 1985/3886/138 1988/3892/138
f 1933/3893/135 1989/3894/135 1954/3895/135 1956/3896/135
f 1989/3894/136 1990/3897/136 1991/3898/136 1954/3895/136
f 1990/3899/137 1937/3900/137 1992/3901/137 1991/3902/137
f 1937/3903/138 1938/3893/138 1951/3896/138 1992/3904/138
f 1849/3637/139 1848/3905/139 1843/3906/139 1842/3643/139
f 1892/3907/139 1893/3719/139 1842/3713/139 1843/3908/139
f 1893/3806/139 1892/3802/139 1934/3801/139 1935/3803/139
f 1935/3787/139 1934/3909/139 1929/3910/139 1928/3793/139
f 1883/3911/140 1888/3701/140 1879/3691/140 1878/3912/140
f 1890/3734/140 1891/3730/140 1901/3729/140 1902/3731/140
f 1878/3913/140 1879/3714/140 1891/3720/140 1890/3914/140
f 1902/3915/140 1901/3748/140 1906/3750/140 1905/3916/140
f 1885/3706/141 1884/3917/141 1877/3918/141 1882/3694/141
f 1882/3838/141 1877/3919/141 1953/3920/141 1952/3824/141
f 1952/3880/141 1953/3876/141 1910/3875/141 1911/3877/141
f 1911/3745/141 1910/3921/141 1904/3922/141 1909/3753/141
f 1844/3646/142 1845/3923/142 1847/3924/142 1852/3640/142
f 1845/3925/142 1844/3837/142 1951/3823/142 1956/3926/142
f 1938/3902/142 1933/3898/142 1956/3897/142 1951/3899/142
f 1930/3796/142 1931/3927/142 1933/3928/142 1938/3790/142
o Europalette.013
v 0.992008 -2.533278 -0.013293
v 0.992008 -2.689771 -0.013293
v 0.974735 -2.714810 -0.013293
v -0.044404 -2.689771 -0.013293
v -0.027130 -2.714810 -0.013293
v -0.044404 -2.533278 -0.013293
v -0.027130 -2.714810 0.014249
v 0.974735 -2.714810 0.014249
v 0.992008 -2.689771 0.014249
v 0.992008 -2.533278 0.014249
v -0.044404 -2.533278 0.014249
v -0.044404 -2.689771 0.014249
v -0.044404 -2.483201 -0.013293
v -0.044404 -2.358007 -0.013293
v 0.992008 -2.358007 -0.013293
v 0.992008 -2.483201 -0.013293
v -0.044404 -2.483201 0.014249
v 0.992008 -2.483201 0.014249
v 0.992008 -2.358007 0.014249
v -0.044404 -2.358007 0.014249
v -0.044404 -2.307930 -0.013293
v -0.044404 -2.126398 -0.013293
v 0.992008 -2.126398 -0.013293
v 0.992008 -2.307930 -0.013293
v -0.044404 -2.307930 0.014249
v 0.992008 -2.307930 0.014249
v 0.992008 -2.126398 0.014249
v -0.044404 -2.126398 0.014249
v -0.044404 -2.076320 -0.013293
v -0.044404 -1.951127 -0.013293
v 0.992008 -1.951127 -0.013293
v 0.992008 -2.076320 -0.013293
v -0.044404 -2.076320 0.014249
v 0.992008 -2.076320 0.014249
v 0.992008 -1.951127 0.014249
v -0.044404 -1.951127 0.014249
v -0.027130 -1.719521 -0.013293
v 0.974735 -1.719521 -0.013293
v 0.992008 -1.744559 -0.013293
v -0.044404 -1.901049 -0.013293
v 0.992008 -1.901049 -0.013293
v -0.044404 -1.744559 -0.013293
v 0.974735 -1.719521 0.014249
v -0.027130 -1.719521 0.014249
v -0.044404 -1.744559 0.014249
v -0.044404 -1.901049 0.014249
v 0.992008 -1.901049 0.014249
v 0.992008 -1.744559 0.014249
v 0.866774 -1.719521 -0.040837
v 0.974735 -1.719521 -0.040837
v 0.992008 -1.744559 -0.040837
v 0.974735 -2.714810 -0.040837
v 0.992008 -2.689771 -0.040837
v 0.866774 -2.714810 -0.040837
v 0.866774 -1.719521 -0.013293
v 0.866774 -2.714810 -0.013293
v 0.866774 -1.844714 -0.138486
v 0.992008 -1.844714 -0.138486
v 0.992008 -1.844714 -0.040837
v 0.866774 -1.844714 -0.040837
v 0.992008 -1.744559 -0.138486
v 0.974735 -1.719521 -0.138486
v 0.866774 -1.719521 -0.138486
v -0.027130 -1.719521 -0.166031
v 0.974735 -1.719521 -0.166031
v 0.992008 -1.744559 -0.166031
v -0.044404 -1.844714 -0.166031
v 0.992008 -1.844714 -0.166031
v -0.044404 -1.744559 -0.166031
v -0.027130 -1.719521 -0.138486
v -0.044404 -1.744559 -0.138486
v -0.044404 -1.844714 -0.138486
v 0.866774 -2.307930 -0.138486
v 0.992008 -2.307930 -0.138486
v 0.992008 -2.307930 -0.040837
v 0.866774 -2.307930 -0.040837
v 0.992008 -2.126398 -0.138486
v 0.992008 -2.126398 -0.040837
v 0.866774 -2.126398 -0.138486
v 0.866774 -2.126398 -0.040837
v -0.044404 -2.307930 -0.166031
v -0.044404 -2.126398 -0.166031
v 0.992008 -2.126398 -0.166031
v 0.992008 -2.307930 -0.166031
v -0.044404 -2.307930 -0.138486
v -0.044404 -2.126398 -0.138486
v 0.992008 -2.589617 -0.166030
v 0.992008 -2.689771 -0.166030
v 0.974735 -2.714810 -0.166030
v -0.044404 -2.689771 -0.166030
v -0.027130 -2.714810 -0.166030
v -0.044404 -2.589617 -0.166030
v -0.027130 -2.714810 -0.138486
v 0.974735 -2.714810 -0.138486
v 0.992008 -2.689771 -0.138486
v 0.992008 -2.589617 -0.138486
v -0.044404 -2.589617 -0.138486
v -0.044404 -2.689771 -0.138486
v 0.866774 -2.714810 -0.138486
v 0.992008 -2.589617 -0.040837
v 0.866774 -2.589617 -0.138486
v 0.866774 -2.589617 -0.040837
v 0.536419 -2.714810 -0.040837
v 0.411185 -2.714810 -0.040837
v 0.411185 -1.719521 -0.040837
v 0.536419 -1.719521 -0.040837
v 0.536419 -2.714810 -0.013293
v 0.536419 -1.719521 -0.013293
v 0.411185 -1.719521 -0.013293
v 0.411185 -2.714810 -0.013293
v -0.044404 -2.689771 -0.040837
v -0.044404 -1.744559 -0.040837
v -0.027130 -1.719521 -0.040837
v 0.080828 -2.714810 -0.040837
v 0.080828 -1.719521 -0.040837
v -0.027130 -2.714810 -0.040837
v 0.080828 -2.714810 -0.013293
v 0.080828 -1.719521 -0.013293
v 0.411185 -2.714810 -0.138486
v 0.536419 -2.714810 -0.138486
v 0.536419 -2.589617 -0.138486
v 0.536419 -2.589617 -0.040837
v 0.411185 -2.589617 -0.138486
v 0.411185 -2.589617 -0.040837
v 0.411185 -2.307930 -0.138486
v 0.536419 -2.307930 -0.138486
v 0.536419 -2.307930 -0.040837
v 0.411185 -2.307930 -0.040837
v 0.536419 -2.126398 -0.138486
v 0.536419 -2.126398 -0.040837
v 0.411185 -2.126398 -0.138486
v 0.411185 -2.126398 -0.040837
v 0.411185 -1.844714 -0.138486
v 0.536419 -1.844714 -0.138486
v 0.536419 -1.844714 -0.040837
v 0.411185 -1.844714 -0.040837
v 0.536419 -1.719521 -0.138486
v 0.411185 -1.719521 -0.138486
v 0.080828 -1.844714 -0.138486
v 0.080828 -1.844714 -0.040837
v -0.044404 -1.844714 -0.040837
v 0.080828 -1.719521 -0.138486
v 0.080828 -2.307930 -0.138486
v 0.080828 -2.307930 -0.040837
v -0.044404 -2.307930 -0.040837
v 0.080828 -2.126398 -0.138486
v 0.080828 -2.126398 -0.040837
v -0.044404 -2.126398 -0.040837
v 0.080828 -2.714810 -0.138486
v 0.080828 -2.589617 -0.138486
v 0.080828 -2.589617 -0.040837
v -0.044404 -2.589617 -0.040837
vn -0.0000 -0.0000 -1.0000
vn -0.0000 -0.0000 1.0000
vn -0.0000 -1.0000 -0.0000
vn 1.0000 -0.0000 -0.0000
vn -0.0000 1.0000 -0.0000
vn -1.0000 -0.0000 -0.0000
vn 0.8231 -0.5679 -0.0000
vn 0.8231 0.5679 -0.0000
vn -0.8231 0.5679 -0.0000
vn -0.8231 -0.5679 -0.0000
vt 0.014100 0.567600
vt 0.014100 0.518900
vt 0.022100 0.511200
vt 0.493800 0.518900
vt 0.485800 0.511200
vt 0.493800 0.567600
vt 0.485800 0.632600
vt 0.022100 0.632600
vt 0.014100 0.624800
vt 0.014100 0.576200
vt 0.493800 0.576200
vt 0.493800 0.624800
vt 0.022100 0.502600
vt 0.485800 0.502600
vt 0.005300 0.624800
vt 0.005300 0.576200
vt 0.502600 0.576200
vt 0.502600 0.624800
vt 0.475700 0.775500
vt 0.475700 0.814000
vt 0.013800 0.814000
vt 0.013800 0.775500
vt 0.475700 0.861000
vt 0.013800 0.861000
vt 0.013800 0.822500
vt 0.475700 0.822500
vt 0.475700 0.869500
vt 0.013800 0.869500
vt 0.005300 0.861000
vt 0.005300 0.822500
vt 0.484200 0.822500
vt 0.484200 0.861000
vt 0.507400 0.151900
vt 0.507400 0.211500
vt 0.014400 0.211500
vt 0.014400 0.151900
vt 0.507400 0.280100
vt 0.014400 0.280100
vt 0.014400 0.220500
vt 0.507400 0.220500
vt 0.507400 0.289100
vt 0.014400 0.289100
vt 0.005300 0.280100
vt 0.005300 0.220500
vt 0.516500 0.220500
vt 0.516500 0.280100
vt 0.475700 0.875600
vt 0.475700 0.914100
vt 0.013800 0.914100
vt 0.013800 0.875600
vt 0.475700 0.961000
vt 0.013800 0.961000
vt 0.013800 0.922500
vt 0.475700 0.922500
vt 0.475700 0.969500
vt 0.013800 0.969500
vt 0.005300 0.961000
vt 0.005300 0.922500
vt 0.484200 0.922500
vt 0.484200 0.961000
vt 0.485800 0.770100
vt 0.022100 0.770100
vt 0.014100 0.762300
vt 0.493800 0.713700
vt 0.014100 0.713700
vt 0.493800 0.762300
vt 0.022100 0.648700
vt 0.485800 0.648700
vt 0.493800 0.656400
vt 0.493800 0.705100
vt 0.014100 0.705100
vt 0.014100 0.656400
vt 0.005300 0.762300
vt 0.005300 0.713700
vt 0.022100 0.640100
vt 0.485800 0.640100
vt 0.502600 0.713700
vt 0.502600 0.762300
vt 0.547100 0.204900
vt 0.547100 0.153100
vt 0.555400 0.144800
vt 0.876200 0.153100
vt 0.867900 0.144800
vt 0.876200 0.204900
vt 0.867900 0.274000
vt 0.555400 0.274000
vt 0.547100 0.265700
vt 0.547100 0.214000
vt 0.876200 0.214000
vt 0.876200 0.265700
vt 0.867900 0.283100
vt 0.555400 0.283100
vt 0.538000 0.265700
vt 0.538000 0.214000
vt 0.885300 0.214000
vt 0.885300 0.265700
vt 0.792900 0.904200
vt 0.706800 0.904200
vt 0.706800 0.852300
vt 0.792900 0.852300
vt 0.651700 0.904200
vt 0.651700 0.852300
vt 0.637900 0.904200
vt 0.538000 0.904200
vt 0.538000 0.852300
vt 0.637900 0.852300
vt 0.861800 0.904200
vt 0.861800 0.852300
vt 0.484200 0.495500
vt 0.022100 0.495500
vt 0.014100 0.487500
vt 0.492100 0.455700
vt 0.014100 0.455700
vt 0.492100 0.487500
vt 0.022100 0.407100
vt 0.484200 0.407100
vt 0.492100 0.415000
vt 0.492100 0.446900
vt 0.014100 0.446900
vt 0.014100 0.415000
vt 0.005300 0.446900
vt 0.005300 0.415000
vt 0.022100 0.398300
vt 0.484200 0.398300
vt 0.500900 0.415000
vt 0.500900 0.446900
vt 0.624200 0.486400
vt 0.538000 0.486400
vt 0.538000 0.440100
vt 0.624200 0.440100
vt 0.882600 0.486400
vt 0.796500 0.486400
vt 0.796500 0.440100
vt 0.882600 0.440100
vt 0.710300 0.486400
vt 0.710300 0.440100
vt 0.515900 0.003700
vt 0.515900 0.064300
vt 0.014500 0.064300
vt 0.014500 0.003700
vt 0.515900 0.134000
vt 0.014500 0.134000
vt 0.014500 0.073500
vt 0.515900 0.073500
vt 0.515900 0.143200
vt 0.014500 0.143200
vt 0.005300 0.134000
vt 0.005300 0.073500
vt 0.525100 0.073500
vt 0.525100 0.134000
vt 0.014100 0.341100
vt 0.014100 0.309200
vt 0.022100 0.301300
vt 0.492100 0.309200
vt 0.484200 0.301300
vt 0.492100 0.341100
vt 0.484200 0.389700
vt 0.022100 0.389700
vt 0.014100 0.381700
vt 0.014100 0.349900
vt 0.492100 0.349900
vt 0.492100 0.381700
vt 0.022100 0.292500
vt 0.484200 0.292500
vt 0.005300 0.381700
vt 0.005300 0.349900
vt 0.500900 0.349900
vt 0.500900 0.381700
vt 0.792900 0.742200
vt 0.706800 0.742200
vt 0.706800 0.690300
vt 0.792900 0.690300
vt 0.651700 0.742200
vt 0.651700 0.690300
vt 0.637900 0.742200
vt 0.538000 0.742200
vt 0.538000 0.690300
vt 0.637900 0.690300
vt 0.861800 0.742200
vt 0.861800 0.690300
vt 0.878600 0.298400
vt 0.878600 0.358900
vt 0.547200 0.358900
vt 0.547200 0.298400
vt 0.878600 0.428500
vt 0.547200 0.428500
vt 0.547200 0.368000
vt 0.878600 0.368000
vt 0.547200 0.289200
vt 0.878600 0.289200
vt 0.538000 0.358900
vt 0.538000 0.298400
vt 0.887800 0.298400
vt 0.887800 0.358900
vt 0.555400 0.012800
vt 0.867100 0.012800
vt 0.875300 0.021000
vt 0.547100 0.072600
vt 0.875300 0.072600
vt 0.547100 0.021000
vt 0.867100 0.141600
vt 0.555400 0.141600
vt 0.547100 0.133300
vt 0.547100 0.081700
vt 0.875300 0.081700
vt 0.875300 0.133300
vt 0.884400 0.021000
vt 0.884400 0.072600
vt 0.555400 0.003700
vt 0.867100 0.003700
vt 0.538000 0.072600
vt 0.538000 0.021000
vt 0.624200 0.632600
vt 0.538000 0.632600
vt 0.538000 0.586300
vt 0.624200 0.586300
vt 0.882600 0.632600
vt 0.796500 0.632600
vt 0.796500 0.586300
vt 0.882600 0.586300
vt 0.710300 0.632600
vt 0.710300 0.586300
vt 0.624200 0.681100
vt 0.538000 0.681100
vt 0.538000 0.634800
vt 0.624200 0.634800
vt 0.882600 0.681100
vt 0.796500 0.681100
vt 0.796500 0.634800
vt 0.882600 0.634800
vt 0.710300 0.681100
vt 0.710300 0.634800
vt 0.624200 0.535800
vt 0.538000 0.535800
vt 0.538000 0.489500
vt 0.624200 0.489500
vt 0.882600 0.535800
vt 0.796500 0.535800
vt 0.796500 0.489500
vt 0.882600 0.489500
vt 0.710300 0.535800
vt 0.710300 0.489500
vt 0.792900 0.849800
vt 0.706800 0.849800
vt 0.706800 0.798000
vt 0.792900 0.798000
vt 0.651700 0.849800
vt 0.651700 0.798000
vt 0.637900 0.849800
vt 0.538000 0.849800
vt 0.538000 0.798000
vt 0.637900 0.798000
vt 0.861800 0.849800
vt 0.861800 0.798000
vt 0.624200 0.584400
vt 0.538000 0.584400
vt 0.538000 0.538100
vt 0.624200 0.538100
vt 0.882600 0.584400
vt 0.796500 0.584400
vt 0.796500 0.538100
vt 0.882600 0.538100
vt 0.710300 0.584400
vt 0.710300 0.538100
vt 0.792900 0.795700
vt 0.706800 0.795700
vt 0.706800 0.743900
vt 0.792900 0.743900
vt 0.651700 0.795700
vt 0.651700 0.743900
vt 0.637900 0.795700
vt 0.538000 0.795700
vt 0.538000 0.743900
vt 0.637900 0.743900
vt 0.861800 0.795700
vt 0.861800 0.743900
vt 0.014100 0.632600
vt 0.005300 0.632600
vt 0.876200 0.283100
vt 0.876200 0.274000
vt 0.014100 0.389700
vt 0.005300 0.389700
vt 0.005300 0.770100
vt 0.014100 0.770100
vt 0.547100 0.274000
vt 0.547100 0.283100
vt 0.014100 0.407100
vt 0.005300 0.407100
vt 0.502600 0.770100
vt 0.493800 0.770100
vt 0.875300 0.003700
vt 0.875300 0.012800
vt 0.492100 0.407100
vt 0.500900 0.407100
vt 0.502600 0.632600
vt 0.493800 0.632600
vt 0.547100 0.003700
vt 0.547100 0.012800
vt 0.500900 0.389700
vt 0.492100 0.389700
s 1
usemtl 07___Default.025
f 1993/3929/143 1994/3930/143 1995/3931/143 1996/3932/143
f 1995/3931/143 1997/3933/143 1996/3932/143
f 1993/3929/143 1996/3932/143 1998/3934/143
f 1999/3935/144 2000/3936/144 2001/3937/144 2002/3938/144
f 1999/3935/144 2002/3938/144 2003/3939/144 2004/3940/144
f 1997/3933/145 1995/3931/145 2000/3941/145 1999/3942/145
f 1994/3943/146 1993/3944/146 2002/3938/146 2001/3937/146
f 1993/3929/147 1998/3934/147 2003/3939/147 2002/3938/147
f 1998/3945/148 1996/3946/148 2004/3940/148 2003/3939/148
f 2005/3947/143 2006/3948/143 2007/3949/143 2008/3950/143
f 2009/3951/144 2010/3952/144 2011/3953/144 2012/3954/144
f 2005/3955/145 2008/3956/145 2010/3952/145 2009/3951/145
f 2008/3957/146 2007/3958/146 2011/3953/146 2010/3952/146
f 2007/3949/147 2006/3948/147 2012/3954/147 2011/3953/147
f 2006/3959/148 2005/3960/148 2009/3951/148 2012/3954/148
f 2013/3961/143 2014/3962/143 2015/3963/143 2016/3964/143
f 2017/3965/144 2018/3966/144 2019/3967/144 2020/3968/144
f 2013/3969/145 2016/3970/145 2018/3966/145 2017/3965/145
f 2016/3971/146 2015/3972/146 2019/3967/146 2018/3966/146
f 2015/3963/147 2014/3962/147 2020/3968/147 2019/3967/147
f 2014/3973/148 2013/3974/148 2017/3965/148 2020/3968/148
f 2021/3975/143 2022/3976/143 2023/3977/143 2024/3978/143
f 2025/3979/144 2026/3980/144 2027/3981/144 2028/3982/144
f 2021/3983/145 2024/3984/145 2026/3980/145 2025/3979/145
f 2024/3985/146 2023/3986/146 2027/3981/146 2026/3980/146
f 2023/3977/147 2022/3976/147 2028/3982/147 2027/3981/147
f 2022/3987/148 2021/3988/148 2025/3979/148 2028/3982/148
f 2029/3989/143 2030/3990/143 2031/3991/143 2032/3992/143
f 2031/3991/143 2033/3993/143 2032/3992/143
f 2029/3989/143 2032/3992/143 2034/3994/143
f 2035/3995/144 2036/3996/144 2037/3997/144 2038/3998/144
f 2035/3995/144 2038/3998/144 2039/3999/144 2040/4000/144
f 2032/3992/145 2033/3993/145 2039/3999/145 2038/3998/145
f 2033/3993/146 2031/3991/146 2040/4001/146 2039/4002/146
f 2030/4003/147 2029/4004/147 2036/3996/147 2035/3995/147
f 2034/3994/148 2032/3992/148 2038/4005/148 2037/4006/148
f 2041/4007/143 2042/4008/143 2043/4009/143 2044/4010/143
f 2043/4009/143 2045/4011/143 2044/4010/143
f 2041/4007/143 2044/4010/143 2046/4012/143
f 1994/4013/144 2031/4014/144 2030/4015/144 2047/4016/144
f 1994/4013/144 2047/4016/144 2048/4017/144 1995/4018/144
f 2045/4019/146 2043/4020/146 2031/4014/146 1994/4013/146
f 2042/4021/147 2041/4022/147 2047/4016/147 2030/4015/147
f 2041/4007/148 2046/4012/148 2048/4017/148 2047/4016/148
f 2046/4023/145 2044/4024/145 1995/4018/145 2048/4017/145
f 2049/4025/145 2050/4026/145 2051/4027/145 2052/4028/145
f 2050/4026/146 2053/4029/146 2043/4030/146 2051/4027/146
f 2054/4031/147 2055/4032/147 2041/4033/147 2042/4034/147
f 2055/4035/148 2049/4025/148 2052/4028/148 2041/4036/148
f 2056/4037/143 2057/4038/143 2058/4039/143 2059/4040/143
f 2058/4039/143 2060/4041/143 2059/4040/143
f 2056/4037/143 2059/4040/143 2061/4042/143
f 2054/4043/144 2062/4044/144 2063/4045/144 2064/4046/144
f 2054/4043/144 2064/4046/144 2050/4047/144 2053/4048/144
f 2059/4040/145 2060/4041/145 2050/4047/145 2064/4046/145
f 2060/4049/146 2058/4050/146 2053/4048/146 2050/4047/146
f 2057/4051/147 2056/4052/147 2062/4044/147 2054/4043/147
f 2061/4053/148 2059/4054/148 2064/4046/148 2063/4045/148
f 2065/4055/145 2066/4056/145 2067/4057/145 2068/4058/145
f 2066/4059/146 2069/4060/146 2070/4061/146 2067/4062/146
f 2069/4060/147 2071/4063/147 2072/4064/147 2070/4061/147
f 2071/4063/148 2065/4055/148 2068/4058/148 2072/4064/148
f 2073/4065/143 2074/4066/143 2075/4067/143 2076/4068/143
f 2077/4069/144 2066/4070/144 2069/4071/144 2078/4072/144
f 2073/4073/145 2076/4074/145 2066/4070/145 2077/4069/145
f 2076/4075/146 2075/4076/146 2069/4071/146 2066/4070/146
f 2075/4067/147 2074/4066/147 2078/4072/147 2069/4071/147
f 2074/4077/148 2073/4078/148 2077/4069/148 2078/4072/148
f 2079/4079/143 2080/4080/143 2081/4081/143 2082/4082/143
f 2081/4081/143 2083/4083/143 2082/4082/143
f 2079/4079/143 2082/4082/143 2084/4084/143
f 2085/4085/144 2086/4086/144 2087/4087/144 2088/4088/144
f 2085/4085/144 2088/4088/144 2089/4089/144 2090/4090/144
f 2083/4083/145 2081/4081/145 2086/4091/145 2085/4092/145
f 2080/4093/146 2079/4094/146 2088/4088/146 2087/4087/146
f 2079/4079/147 2084/4084/147 2089/4089/147 2088/4088/147
f 2084/4095/148 2082/4096/148 2090/4090/148 2089/4089/148
f 2091/4097/145 2086/4098/145 2044/4099/145 2046/4100/145
f 2087/4098/146 2088/4101/146 2092/4102/146 2045/4099/146
f 2088/4103/147 2093/4104/147 2094/4105/147 2092/4106/147
f 2093/4107/148 2091/4097/148 2046/4100/148 2094/4108/148
f 2095/4109/143 2096/4110/143 2097/4111/143 2098/4112/143
f 2099/4113/144 2100/4114/144 2101/4115/144 2102/4116/144
f 2095/4109/146 2098/4112/146 2100/4117/146 2099/4118/146
f 2098/4112/147 2097/4111/147 2101/4119/147 2100/4120/147
f 2097/4111/148 2096/4110/148 2102/4116/148 2101/4115/148
f 2096/4110/145 2095/4109/145 2099/4121/145 2102/4122/145
f 2103/4123/143 2104/4124/143 2105/4125/143 2106/4126/143
f 2105/4125/143 2107/4127/143 2106/4126/143
f 2103/4123/143 2106/4126/143 2108/4128/143
f 2034/4129/144 1996/4130/144 1997/4131/144 2109/4132/144
f 2034/4129/144 2109/4132/144 2110/4133/144 2029/4134/144
f 2106/4126/146 2107/4127/146 2110/4133/146 2109/4132/146
f 2107/4127/147 2105/4125/147 2029/4135/147 2110/4136/147
f 2104/4124/148 2103/4123/148 1996/4137/148 2034/4138/148
f 2108/4128/145 2106/4126/145 2109/4139/145 1997/4140/145
f 2111/4141/145 2112/4142/145 2095/4143/145 2096/4144/145
f 2112/4145/146 2113/4146/146 2114/4147/146 2095/4148/146
f 2113/4146/147 2115/4149/147 2116/4150/147 2114/4147/147
f 2115/4149/148 2111/4141/148 2096/4144/148 2116/4150/148
f 2117/4151/145 2118/4152/145 2119/4153/145 2120/4154/145
f 2118/4155/146 2121/4156/146 2122/4157/146 2119/4158/146
f 2121/4156/147 2123/4159/147 2124/4160/147 2122/4157/147
f 2123/4159/148 2117/4151/148 2120/4154/148 2124/4160/148
f 2125/4161/145 2126/4162/145 2127/4163/145 2128/4164/145
f 2126/4165/146 2129/4166/146 2098/4167/146 2127/4168/146
f 2129/4166/147 2130/4169/147 2097/4170/147 2098/4167/147
f 2130/4169/148 2125/4161/148 2128/4164/148 2097/4170/148
f 2064/4171/145 2131/4172/145 2132/4173/145 2133/4174/145
f 2131/4172/146 2134/4175/146 2107/4176/146 2132/4173/146
f 2134/4177/147 2062/4178/147 2105/4179/147 2107/4180/147
f 2063/4181/148 2064/4171/148 2133/4174/148 2104/4182/148
f 2077/4183/145 2135/4184/145 2136/4185/145 2137/4186/145
f 2135/4187/146 2138/4188/146 2139/4189/146 2136/4190/146
f 2138/4188/147 2078/4191/147 2140/4192/147 2139/4189/147
f 2078/4191/148 2077/4183/148 2137/4186/148 2140/4192/148
f 2085/4193/145 2141/4194/145 2106/4195/145 2108/4196/145
f 2141/4194/146 2142/4197/146 2143/4198/146 2106/4195/146
f 2142/4199/147 2089/4200/147 2144/4201/147 2143/4202/147
f 2089/4203/148 2090/4193/148 2103/4196/148 2144/4204/148
f 2001/3937/149 2000/4205/149 1995/4206/149 1994/3943/149
f 2044/4207/149 2045/4019/149 1994/4013/149 1995/4208/149
f 2045/4106/149 2044/4102/149 2086/4101/149 2087/4103/149
f 2087/4087/149 2086/4209/149 2081/4210/149 2080/4093/149
f 2035/4211/150 2040/4001/150 2031/3991/150 2030/4212/150
f 2042/4034/150 2043/4030/150 2053/4029/150 2054/4031/150
f 2030/4213/150 2031/4014/150 2043/4020/150 2042/4214/150
f 2054/4215/150 2053/4048/150 2058/4050/150 2057/4216/150
f 2037/4006/151 2036/4217/151 2029/4218/151 2034/3994/151
f 2034/4138/151 2029/4219/151 2105/4220/151 2104/4124/151
f 2104/4180/151 2105/4176/151 2062/4175/151 2063/4177/151
f 2063/4045/151 2062/4221/151 2056/4222/151 2061/4053/151
f 1996/3946/152 1997/4223/152 1999/4224/152 2004/3940/152
f 1997/4225/152 1996/4137/152 2103/4123/152 2108/4226/152
f 2090/4202/152 2085/4198/152 2108/4197/152 2103/4199/152
f 2082/4096/152 2083/4227/152 2085/4228/152 2090/4090/152
o Europalette.014
v -0.435044 -2.715791 -0.013293
v -0.591538 -2.715791 -0.013293
v -0.616576 -2.690752 -0.013293
v -0.591538 -1.213466 -0.013293
v -0.616576 -1.238505 -0.013293
v -0.435044 -1.213466 -0.013293
v -0.616576 -1.238505 0.014249
v -0.616576 -2.690752 0.014249
v -0.591538 -2.715791 0.014249
v -0.435044 -2.715791 0.014249
v -0.435044 -1.213466 0.014249
v -0.591538 -1.213466 0.014249
v -0.384967 -1.213466 -0.013293
v -0.259773 -1.213466 -0.013293
v -0.259773 -2.715791 -0.013293
v -0.384967 -2.715791 -0.013293
v -0.384967 -1.213466 0.014249
v -0.384967 -2.715791 0.014249
v -0.259773 -2.715791 0.014249
v -0.259773 -1.213466 0.014249
v -0.209696 -1.213466 -0.013293
v -0.028164 -1.213466 -0.013293
v -0.028164 -2.715791 -0.013293
v -0.209696 -2.715791 -0.013293
v -0.209696 -1.213466 0.014249
v -0.209696 -2.715791 0.014249
v -0.028164 -2.715791 0.014249
v -0.028164 -1.213466 0.014249
v 0.021914 -1.213466 -0.013293
v 0.147107 -1.213466 -0.013293
v 0.147107 -2.715791 -0.013293
v 0.021914 -2.715791 -0.013293
v 0.021914 -1.213466 0.014249
v 0.021914 -2.715791 0.014249
v 0.147107 -2.715791 0.014249
v 0.147107 -1.213466 0.014249
v 0.378713 -1.238505 -0.013293
v 0.378713 -2.690752 -0.013293
v 0.353675 -2.715791 -0.013293
v 0.197184 -1.213466 -0.013293
v 0.197184 -2.715791 -0.013293
v 0.353675 -1.213466 -0.013293
v 0.378713 -2.690752 0.014249
v 0.378713 -1.238505 0.014249
v 0.353675 -1.213466 0.014249
v 0.197184 -1.213466 0.014249
v 0.197184 -2.715791 0.014249
v 0.353675 -2.715791 0.014249
v 0.378713 -2.534259 -0.040837
v 0.378713 -2.690752 -0.040837
v 0.353675 -2.715791 -0.040837
v -0.616576 -2.690752 -0.040837
v -0.591538 -2.715791 -0.040837
v -0.616576 -2.534259 -0.040837
v 0.378713 -2.534259 -0.013293
v -0.616576 -2.534259 -0.013293
v 0.253520 -2.534259 -0.138486
v 0.253520 -2.715791 -0.138486
v 0.253520 -2.715791 -0.040837
v 0.253520 -2.534259 -0.040837
v 0.353675 -2.715791 -0.138486
v 0.378713 -2.690752 -0.138486
v 0.378713 -2.534259 -0.138486
v 0.378713 -1.238505 -0.166031
v 0.378713 -2.690752 -0.166031
v 0.353675 -2.715791 -0.166031
v 0.253520 -1.213466 -0.166031
v 0.253520 -2.715791 -0.166031
v 0.353675 -1.213466 -0.166031
v 0.378713 -1.238505 -0.138486
v 0.353675 -1.213466 -0.138486
v 0.253520 -1.213466 -0.138486
v -0.209696 -2.534259 -0.138486
v -0.209696 -2.715791 -0.138486
v -0.209696 -2.715791 -0.040837
v -0.209696 -2.534259 -0.040837
v -0.028164 -2.715791 -0.138486
v -0.028164 -2.715791 -0.040837
v -0.028164 -2.534259 -0.138486
v -0.028164 -2.534259 -0.040837
v -0.209696 -1.213466 -0.166031
v -0.028164 -1.213466 -0.166031
v -0.028164 -2.715791 -0.166031
v -0.209696 -2.715791 -0.166031
v -0.209696 -1.213466 -0.138486
v -0.028164 -1.213466 -0.138486
v -0.491383 -2.715791 -0.166030
v -0.591538 -2.715791 -0.166030
v -0.616576 -2.690752 -0.166030
v -0.591538 -1.213466 -0.166030
v -0.616576 -1.238505 -0.166030
v -0.491383 -1.213466 -0.166030
v -0.616576 -1.238505 -0.138486
v -0.616576 -2.690752 -0.138486
v -0.591538 -2.715791 -0.138486
v -0.491383 -2.715791 -0.138486
v -0.491383 -1.213466 -0.138486
v -0.591538 -1.213466 -0.138486
v -0.616576 -2.534259 -0.138486
v -0.491383 -2.715791 -0.040837
v -0.491383 -2.534259 -0.138486
v -0.491383 -2.534259 -0.040837
v -0.616576 -2.055395 -0.040837
v -0.616576 -1.873863 -0.040837
v 0.378713 -1.873863 -0.040837
v 0.378713 -2.055395 -0.040837
v -0.616576 -2.055395 -0.013293
v 0.378713 -2.055395 -0.013293
v 0.378713 -1.873863 -0.013293
v -0.616576 -1.873863 -0.013293
v -0.591538 -1.213466 -0.040837
v 0.353675 -1.213466 -0.040837
v 0.378713 -1.238505 -0.040837
v -0.616576 -1.394995 -0.040837
v 0.378713 -1.394995 -0.040837
v -0.616576 -1.238505 -0.040837
v -0.616576 -1.394995 -0.013293
v 0.378713 -1.394995 -0.013293
v -0.616576 -1.873863 -0.138486
v -0.616576 -2.055395 -0.138486
v -0.491383 -2.055395 -0.138486
v -0.491383 -2.055395 -0.040837
v -0.491383 -1.873863 -0.138486
v -0.491383 -1.873863 -0.040837
v -0.209696 -1.873863 -0.138486
v -0.209696 -2.055395 -0.138486
v -0.209696 -2.055395 -0.040837
v -0.209696 -1.873863 -0.040837
v -0.028164 -2.055395 -0.138486
v -0.028164 -2.055395 -0.040837
v -0.028164 -1.873863 -0.138486
v -0.028164 -1.873863 -0.040837
v 0.253520 -1.873863 -0.138486
v 0.253520 -2.055395 -0.138486
v 0.253520 -2.055395 -0.040837
v 0.253520 -1.873863 -0.040837
v 0.378713 -2.055395 -0.138486
v 0.378713 -1.873863 -0.138486
v 0.253520 -1.394995 -0.138486
v 0.253520 -1.394995 -0.040837
v 0.253520 -1.213466 -0.040837
v 0.378713 -1.394995 -0.138486
v -0.209696 -1.394995 -0.138486
v -0.209696 -1.394995 -0.040837
v -0.209696 -1.213466 -0.040837
v -0.028164 -1.394995 -0.138486
v -0.028164 -1.394995 -0.040837
v -0.028164 -1.213466 -0.040837
v -0.616576 -1.394995 -0.138486
v -0.491383 -1.394995 -0.138486
v -0.491383 -1.394995 -0.040837
v -0.491383 -1.213466 -0.040837
vn -0.0000 -0.0000 -1.0000
vn -0.0000 -0.0000 1.0000
vn -1.0000 -0.0000 -0.0000
vn -0.0000 -1.0000 -0.0000
vn 1.0000 -0.0000 -0.0000
vn -0.0000 1.0000 -0.0000
vn -0.7071 -0.7071 -0.0000
vn 0.7071 -0.7071 -0.0000
vn 0.7071 0.7071 -0.0000
vn -0.7071 0.7071 -0.0000
vt 0.014100 0.567600
vt 0.014100 0.518900
vt 0.022100 0.511200
vt 0.493800 0.518900
vt 0.485800 0.511200
vt 0.493800 0.567600
vt 0.485800 0.632600
vt 0.022100 0.632600
vt 0.014100 0.624800
vt 0.014100 0.576200
vt 0.493800 0.576200
vt 0.493800 0.624800
vt 0.022100 0.502600
vt 0.485800 0.502600
vt 0.005300 0.624800
vt 0.005300 0.576200
vt 0.502600 0.576200
vt 0.502600 0.624800
vt 0.475700 0.775500
vt 0.475700 0.814000
vt 0.013800 0.814000
vt 0.013800 0.775500
vt 0.475700 0.861000
vt 0.013800 0.861000
vt 0.013800 0.822500
vt 0.475700 0.822500
vt 0.475700 0.869500
vt 0.013800 0.869500
vt 0.005300 0.861000
vt 0.005300 0.822500
vt 0.484200 0.822500
vt 0.484200 0.861000
vt 0.507400 0.151900
vt 0.507400 0.211500
vt 0.014400 0.211500
vt 0.014400 0.151900
vt 0.507400 0.280100
vt 0.014400 0.280100
vt 0.014400 0.220500
vt 0.507400 0.220500
vt 0.507400 0.289100
vt 0.014400 0.289100
vt 0.005300 0.280100
vt 0.005300 0.220500
vt 0.516500 0.220500
vt 0.516500 0.280100
vt 0.475700 0.875600
vt 0.475700 0.914100
vt 0.013800 0.914100
vt 0.013800 0.875600
vt 0.475700 0.961000
vt 0.013800 0.961000
vt 0.013800 0.922500
vt 0.475700 0.922500
vt 0.475700 0.969500
vt 0.013800 0.969500
vt 0.005300 0.961000
vt 0.005300 0.922500
vt 0.484200 0.922500
vt 0.484200 0.961000
vt 0.485800 0.770100
vt 0.022100 0.770100
vt 0.014100 0.762300
vt 0.493800 0.713700
vt 0.014100 0.713700
vt 0.493800 0.762300
vt 0.022100 0.648700
vt 0.485800 0.648700
vt 0.493800 0.656400
vt 0.493800 0.705100
vt 0.014100 0.705100
vt 0.014100 0.656400
vt 0.005300 0.762300
vt 0.005300 0.713700
vt 0.022100 0.640100
vt 0.485800 0.640100
vt 0.502600 0.713700
vt 0.502600 0.762300
vt 0.547100 0.204900
vt 0.547100 0.153100
vt 0.555400 0.144800
vt 0.876200 0.153100
vt 0.867900 0.144800
vt 0.876200 0.204900
vt 0.867900 0.274000
vt 0.555400 0.274000
vt 0.547100 0.265700
vt 0.547100 0.214000
vt 0.876200 0.214000
vt 0.876200 0.265700
vt 0.867900 0.283100
vt 0.555400 0.283100
vt 0.538000 0.265700
vt 0.538000 0.214000
vt 0.885300 0.214000
vt 0.885300 0.265700
vt 0.792900 0.904200
vt 0.706800 0.904200
vt 0.706800 0.852300
vt 0.792900 0.852300
vt 0.651700 0.904200
vt 0.651700 0.852300
vt 0.637900 0.904200
vt 0.538000 0.904200
vt 0.538000 0.852300
vt 0.637900 0.852300
vt 0.861800 0.904200
vt 0.861800 0.852300
vt 0.484200 0.495500
vt 0.022100 0.495500
vt 0.014100 0.487500
vt 0.492100 0.455700
vt 0.014100 0.455700
vt 0.492100 0.487500
vt 0.022100 0.407100
vt 0.484200 0.407100
vt 0.492100 0.415000
vt 0.492100 0.446900
vt 0.014100 0.446900
vt 0.014100 0.415000
vt 0.005300 0.446900
vt 0.005300 0.415000
vt 0.022100 0.398300
vt 0.484200 0.398300
vt 0.500900 0.415000
vt 0.500900 0.446900
vt 0.624200 0.486400
vt 0.538000 0.486400
vt 0.538000 0.440100
vt 0.624200 0.440100
vt 0.882600 0.486400
vt 0.796500 0.486400
vt 0.796500 0.440100
vt 0.882600 0.440100
vt 0.710300 0.486400
vt 0.710300 0.440100
vt 0.515900 0.003700
vt 0.515900 0.064300
vt 0.014500 0.064300
vt 0.014500 0.003700
vt 0.515900 0.134000
vt 0.014500 0.134000
vt 0.014500 0.073500
vt 0.515900 0.073500
vt 0.515900 0.143200
vt 0.014500 0.143200
vt 0.005300 0.134000
vt 0.005300 0.073500
vt 0.525100 0.073500
vt 0.525100 0.134000
vt 0.014100 0.341100
vt 0.014100 0.309200
vt 0.022100 0.301300
vt 0.492100 0.309200
vt 0.484200 0.301300
vt 0.492100 0.341100
vt 0.484200 0.389700
vt 0.022100 0.389700
vt 0.014100 0.381700
vt 0.014100 0.349900
vt 0.492100 0.349900
vt 0.492100 0.381700
vt 0.022100 0.292500
vt 0.484200 0.292500
vt 0.005300 0.381700
vt 0.005300 0.349900
vt 0.500900 0.349900
vt 0.500900 0.381700
vt 0.792900 0.742200
vt 0.706800 0.742200
vt 0.706800 0.690300
vt 0.792900 0.690300
vt 0.651700 0.742200
vt 0.651700 0.690300
vt 0.637900 0.742200
vt 0.538000 0.742200
vt 0.538000 0.690300
vt 0.637900 0.690300
vt 0.861800 0.742200
vt 0.861800 0.690300
vt 0.878600 0.298400
vt 0.878600 0.358900
vt 0.547200 0.358900
vt 0.547200 0.298400
vt 0.878600 0.428500
vt 0.547200 0.428500
vt 0.547200 0.368000
vt 0.878600 0.368000
vt 0.547200 0.289200
vt 0.878600 0.289200
vt 0.538000 0.358900
vt 0.538000 0.298400
vt 0.887800 0.298400
vt 0.887800 0.358900
vt 0.555400 0.012800
vt 0.867100 0.012800
vt 0.875300 0.021000
vt 0.547100 0.072600
vt 0.875300 0.072600
vt 0.547100 0.021000
vt 0.867100 0.141600
vt 0.555400 0.141600
vt 0.547100 0.133300
vt 0.547100 0.081700
vt 0.875300 0.081700
vt 0.875300 0.133300
vt 0.884400 0.021000
vt 0.884400 0.072600
vt 0.555400 0.003700
vt 0.867100 0.003700
vt 0.538000 0.072600
vt 0.538000 0.021000
vt 0.624200 0.632600
vt 0.538000 0.632600
vt 0.538000 0.586300
vt 0.624200 0.586300
vt 0.882600 0.632600
vt 0.796500 0.632600
vt 0.796500 0.586300
vt 0.882600 0.586300
vt 0.710300 0.632600
vt 0.710300 0.586300
vt 0.624200 0.681100
vt 0.538000 0.681100
vt 0.538000 0.634800
vt 0.624200 0.634800
vt 0.882600 0.681100
vt 0.796500 0.681100
vt 0.796500 0.634800
vt 0.882600 0.634800
vt 0.710300 0.681100
vt 0.710300 0.634800
vt 0.624200 0.535800
vt 0.538000 0.535800
vt 0.538000 0.489500
vt 0.624200 0.489500
vt 0.882600 0.535800
vt 0.796500 0.535800
vt 0.796500 0.489500
vt 0.882600 0.489500
vt 0.710300 0.535800
vt 0.710300 0.489500
vt 0.792900 0.849800
vt 0.706800 0.849800
vt 0.706800 0.798000
vt 0.792900 0.798000
vt 0.651700 0.849800
vt 0.651700 0.798000
vt 0.637900 0.849800
vt 0.538000 0.849800
vt 0.538000 0.798000
vt 0.637900 0.798000
vt 0.861800 0.849800
vt 0.861800 0.798000
vt 0.624200 0.584400
vt 0.538000 0.584400
vt 0.538000 0.538100
vt 0.624200 0.538100
vt 0.882600 0.584400
vt 0.796500 0.584400
vt 0.796500 0.538100
vt 0.882600 0.538100
vt 0.710300 0.584400
vt 0.710300 0.538100
vt 0.792900 0.795700
vt 0.706800 0.795700
vt 0.706800 0.743900
vt 0.792900 0.743900
vt 0.651700 0.795700
vt 0.651700 0.743900
vt 0.637900 0.795700
vt 0.538000 0.795700
vt 0.538000 0.743900
vt 0.637900 0.743900
vt 0.861800 0.795700
vt 0.861800 0.743900
vt 0.014100 0.632600
vt 0.005300 0.632600
vt 0.876200 0.283100
vt 0.876200 0.274000
vt 0.014100 0.389700
vt 0.005300 0.389700
vt 0.005300 0.770100
vt 0.014100 0.770100
vt 0.547100 0.274000
vt 0.547100 0.283100
vt 0.014100 0.407100
vt 0.005300 0.407100
vt 0.502600 0.770100
vt 0.493800 0.770100
vt 0.875300 0.003700
vt 0.875300 0.012800
vt 0.492100 0.407100
vt 0.500900 0.407100
vt 0.502600 0.632600
vt 0.493800 0.632600
vt 0.547100 0.003700
vt 0.547100 0.012800
vt 0.500900 0.389700
vt 0.492100 0.389700
s 1
usemtl 07___Default.026
f 2145/4229/153 2146/4230/153 2147/4231/153 2148/4232/153
f 2147/4231/153 2149/4233/153 2148/4232/153
f 2145/4229/153 2148/4232/153 2150/4234/153
f 2151/4235/154 2152/4236/154 2153/4237/154 2154/4238/154
f 2151/4235/154 2154/4238/154 2155/4239/154 2156/4240/154
f 2149/4233/155 2147/4231/155 2152/4241/155 2151/4242/155
f 2146/4243/156 2145/4244/156 2154/4238/156 2153/4237/156
f 2145/4229/157 2150/4234/157 2155/4239/157 2154/4238/157
f 2150/4245/158 2148/4246/158 2156/4240/158 2155/4239/158
f 2157/4247/153 2158/4248/153 2159/4249/153 2160/4250/153
f 2161/4251/154 2162/4252/154 2163/4253/154 2164/4254/154
f 2157/4255/155 2160/4256/155 2162/4252/155 2161/4251/155
f 2160/4257/156 2159/4258/156 2163/4253/156 2162/4252/156
f 2159/4249/157 2158/4248/157 2164/4254/157 2163/4253/157
f 2158/4259/158 2157/4260/158 2161/4251/158 2164/4254/158
f 2165/4261/153 2166/4262/153 2167/4263/153 2168/4264/153
f 2169/4265/154 2170/4266/154 2171/4267/154 2172/4268/154
f 2165/4269/155 2168/4270/155 2170/4266/155 2169/4265/155
f 2168/4271/156 2167/4272/156 2171/4267/156 2170/4266/156
f 2167/4263/157 2166/4262/157 2172/4268/157 2171/4267/157
f 2166/4273/158 2165/4274/158 2169/4265/158 2172/4268/158
f 2173/4275/153 2174/4276/153 2175/4277/153 2176/4278/153
f 2177/4279/154 2178/4280/154 2179/4281/154 2180/4282/154
f 2173/4283/155 2176/4284/155 2178/4280/155 2177/4279/155
f 2176/4285/156 2175/4286/156 2179/4281/156 2178/4280/156
f 2175/4277/157 2174/4276/157 2180/4282/157 2179/4281/157
f 2174/4287/158 2173/4288/158 2177/4279/158 2180/4282/158
f 2181/4289/153 2182/4290/153 2183/4291/153 2184/4292/153
f 2183/4291/153 2185/4293/153 2184/4292/153
f 2181/4289/153 2184/4292/153 2186/4294/153
f 2187/4295/154 2188/4296/154 2189/4297/154 2190/4298/154
f 2187/4295/154 2190/4298/154 2191/4299/154 2192/4300/154
f 2184/4292/155 2185/4293/155 2191/4299/155 2190/4298/155
f 2185/4293/156 2183/4291/156 2192/4301/156 2191/4302/156
f 2182/4303/157 2181/4304/157 2188/4296/157 2187/4295/157
f 2186/4294/158 2184/4292/158 2190/4305/158 2189/4306/158
f 2193/4307/153 2194/4308/153 2195/4309/153 2196/4310/153
f 2195/4309/153 2197/4311/153 2196/4310/153
f 2193/4307/153 2196/4310/153 2198/4312/153
f 2146/4313/154 2183/4314/154 2182/4315/154 2199/4316/154
f 2146/4313/154 2199/4316/154 2200/4317/154 2147/4318/154
f 2197/4319/156 2195/4320/156 2183/4314/156 2146/4313/156
f 2194/4321/157 2193/4322/157 2199/4316/157 2182/4315/157
f 2193/4307/158 2198/4312/158 2200/4317/158 2199/4316/158
f 2198/4323/155 2196/4324/155 2147/4318/155 2200/4317/155
f 2201/4325/155 2202/4326/155 2203/4327/155 2204/4328/155
f 2202/4326/156 2205/4329/156 2195/4330/156 2203/4327/156
f 2206/4331/157 2207/4332/157 2193/4333/157 2194/4334/157
f 2207/4335/158 2201/4325/158 2204/4328/158 2193/4336/158
f 2208/4337/153 2209/4338/153 2210/4339/153 2211/4340/153
f 2210/4339/153 2212/4341/153 2211/4340/153
f 2208/4337/153 2211/4340/153 2213/4342/153
f 2206/4343/154 2214/4344/154 2215/4345/154 2216/4346/154
f 2206/4343/154 2216/4346/154 2202/4347/154 2205/4348/154
f 2211/4340/155 2212/4341/155 2202/4347/155 2216/4346/155
f 2212/4349/156 2210/4350/156 2205/4348/156 2202/4347/156
f 2209/4351/157 2208/4352/157 2214/4344/157 2206/4343/157
f 2213/4353/158 2211/4354/158 2216/4346/158 2215/4345/158
f 2217/4355/155 2218/4356/155 2219/4357/155 2220/4358/155
f 2218/4359/156 2221/4360/156 2222/4361/156 2219/4362/156
f 2221/4360/157 2223/4363/157 2224/4364/157 2222/4361/157
f 2223/4363/158 2217/4355/158 2220/4358/158 2224/4364/158
f 2225/4365/153 2226/4366/153 2227/4367/153 2228/4368/153
f 2229/4369/154 2218/4370/154 2221/4371/154 2230/4372/154
f 2225/4373/155 2228/4374/155 2218/4370/155 2229/4369/155
f 2228/4375/156 2227/4376/156 2221/4371/156 2218/4370/156
f 2227/4367/157 2226/4366/157 2230/4372/157 2221/4371/157
f 2226/4377/158 2225/4378/158 2229/4369/158 2230/4372/158
f 2231/4379/153 2232/4380/153 2233/4381/153 2234/4382/153
f 2233/4381/153 2235/4383/153 2234/4382/153
f 2231/4379/153 2234/4382/153 2236/4384/153
f 2237/4385/154 2238/4386/154 2239/4387/154 2240/4388/154
f 2237/4385/154 2240/4388/154 2241/4389/154 2242/4390/154
f 2235/4383/155 2233/4381/155 2238/4391/155 2237/4392/155
f 2232/4393/156 2231/4394/156 2240/4388/156 2239/4387/156
f 2231/4379/157 2236/4384/157 2241/4389/157 2240/4388/157
f 2236/4395/158 2234/4396/158 2242/4390/158 2241/4389/158
f 2243/4397/155 2238/4398/155 2196/4399/155 2198/4400/155
f 2239/4398/156 2240/4401/156 2244/4402/156 2197/4399/156
f 2240/4403/157 2245/4404/157 2246/4405/157 2244/4406/157
f 2245/4407/158 2243/4397/158 2198/4400/158 2246/4408/158
f 2247/4409/153 2248/4410/153 2249/4411/153 2250/4412/153
f 2251/4413/154 2252/4414/154 2253/4415/154 2254/4416/154
f 2247/4409/156 2250/4412/156 2252/4417/156 2251/4418/156
f 2250/4412/157 2249/4411/157 2253/4419/157 2252/4420/157
f 2249/4411/158 2248/4410/158 2254/4416/158 2253/4415/158
f 2248/4410/155 2247/4409/155 2251/4421/155 2254/4422/155
f 2255/4423/153 2256/4424/153 2257/4425/153 2258/4426/153
f 2257/4425/153 2259/4427/153 2258/4426/153
f 2255/4423/153 2258/4426/153 2260/4428/153
f 2186/4429/154 2148/4430/154 2149/4431/154 2261/4432/154
f 2186/4429/154 2261/4432/154 2262/4433/154 2181/4434/154
f 2258/4426/156 2259/4427/156 2262/4433/156 2261/4432/156
f 2259/4427/157 2257/4425/157 2181/4435/157 2262/4436/157
f 2256/4424/158 2255/4423/158 2148/4437/158 2186/4438/158
f 2260/4428/155 2258/4426/155 2261/4439/155 2149/4440/155
f 2263/4441/155 2264/4442/155 2247/4443/155 2248/4444/155
f 2264/4445/156 2265/4446/156 2266/4447/156 2247/4448/156
f 2265/4446/157 2267/4449/157 2268/4450/157 2266/4447/157
f 2267/4449/158 2263/4441/158 2248/4444/158 2268/4450/158
f 2269/4451/155 2270/4452/155 2271/4453/155 2272/4454/155
f 2270/4455/156 2273/4456/156 2274/4457/156 2271/4458/156
f 2273/4456/157 2275/4459/157 2276/4460/157 2274/4457/157
f 2275/4459/158 2269/4451/158 2272/4454/158 2276/4460/158
f 2277/4461/155 2278/4462/155 2279/4463/155 2280/4464/155
f 2278/4465/156 2281/4466/156 2250/4467/156 2279/4468/156
f 2281/4466/157 2282/4469/157 2249/4470/157 2250/4467/157
f 2282/4469/158 2277/4461/158 2280/4464/158 2249/4470/158
f 2216/4471/155 2283/4472/155 2284/4473/155 2285/4474/155
f 2283/4472/156 2286/4475/156 2259/4476/156 2284/4473/156
f 2286/4477/157 2214/4478/157 2257/4479/157 2259/4480/157
f 2215/4481/158 2216/4471/158 2285/4474/158 2256/4482/158
f 2229/4483/155 2287/4484/155 2288/4485/155 2289/4486/155
f 2287/4487/156 2290/4488/156 2291/4489/156 2288/4490/156
f 2290/4488/157 2230/4491/157 2292/4492/157 2291/4489/157
f 2230/4491/158 2229/4483/158 2289/4486/158 2292/4492/158
f 2237/4493/155 2293/4494/155 2258/4495/155 2260/4496/155
f 2293/4494/156 2294/4497/156 2295/4498/156 2258/4495/156
f 2294/4499/157 2241/4500/157 2296/4501/157 2295/4502/157
f 2241/4503/158 2242/4493/158 2255/4496/158 2296/4504/158
f 2153/4237/159 2152/4505/159 2147/4506/159 2146/4243/159
f 2196/4507/159 2197/4319/159 2146/4313/159 2147/4508/159
f 2197/4406/159 2196/4402/159 2238/4401/159 2239/4403/159
f 2239/4387/159 2238/4509/159 2233/4510/159 2232/4393/159
f 2187/4511/160 2192/4301/160 2183/4291/160 2182/4512/160
f 2194/4334/160 2195/4330/160 2205/4329/160 2206/4331/160
f 2182/4513/160 2183/4314/160 2195/4320/160 2194/4514/160
f 2206/4515/160 2205/4348/160 2210/4350/160 2209/4516/160
f 2189/4306/161 2188/4517/161 2181/4518/161 2186/4294/161
f 2186/4438/161 2181/4519/161 2257/4520/161 2256/4424/161
f 2256/4480/161 2257/4476/161 2214/4475/161 2215/4477/161
f 2215/4345/161 2214/4521/161 2208/4522/161 2213/4353/161
f 2148/4246/162 2149/4523/162 2151/4524/162 2156/4240/162
f 2149/4525/162 2148/4437/162 2255/4423/162 2260/4526/162
f 2242/4502/162 2237/4498/162 2260/4497/162 2255/4499/162
f 2234/4396/162 2235/4527/162 2237/4528/162 2242/4390/162
o Europalette.015
v -0.435044 -2.715791 0.152072
v -0.591538 -2.715791 0.152072
v -0.616576 -2.690752 0.152072
v -0.591538 -1.213466 0.152072
v -0.616576 -1.238505 0.152072
v -0.435044 -1.213466 0.152072
v -0.616576 -1.238505 0.179614
v -0.616576 -2.690752 0.179614
v -0.591538 -2.715791 0.179614
v -0.435044 -2.715791 0.179614
v -0.435044 -1.213466 0.179614
v -0.591538 -1.213466 0.179614
v -0.384967 -1.213466 0.152072
v -0.259773 -1.213466 0.152072
v -0.259773 -2.715791 0.152072
v -0.384967 -2.715791 0.152072
v -0.384967 -1.213466 0.179614
v -0.384967 -2.715791 0.179614
v -0.259773 -2.715791 0.179614
v -0.259773 -1.213466 0.179614
v -0.209696 -1.213466 0.152072
v -0.028164 -1.213466 0.152072
v -0.028164 -2.715791 0.152072
v -0.209696 -2.715791 0.152072
v -0.209696 -1.213466 0.179614
v -0.209696 -2.715791 0.179614
v -0.028164 -2.715791 0.179614
v -0.028164 -1.213466 0.179614
v 0.021914 -1.213466 0.152072
v 0.147107 -1.213466 0.152072
v 0.147107 -2.715791 0.152072
v 0.021914 -2.715791 0.152072
v 0.021914 -1.213466 0.179614
v 0.021914 -2.715791 0.179614
v 0.147107 -2.715791 0.179614
v 0.147107 -1.213466 0.179614
v 0.378713 -1.238505 0.152072
v 0.378713 -2.690752 0.152072
v 0.353675 -2.715791 0.152072
v 0.197184 -1.213466 0.152072
v 0.197184 -2.715791 0.152072
v 0.353675 -1.213466 0.152072
v 0.378713 -2.690752 0.179614
v 0.378713 -1.238505 0.179614
v 0.353675 -1.213466 0.179614
v 0.197184 -1.213466 0.179614
v 0.197184 -2.715791 0.179614
v 0.353675 -2.715791 0.179614
v 0.378713 -2.534259 0.124528
v 0.378713 -2.690752 0.124528
v 0.353675 -2.715791 0.124528
v -0.616576 -2.690752 0.124528
v -0.591538 -2.715791 0.124528
v -0.616576 -2.534259 0.124528
v 0.378713 -2.534259 0.152072
v -0.616576 -2.534259 0.152072
v 0.253520 -2.534259 0.026879
v 0.253520 -2.715791 0.026879
v 0.253520 -2.715791 0.124528
v 0.253520 -2.534259 0.124528
v 0.353675 -2.715791 0.026879
v 0.378713 -2.690752 0.026879
v 0.378713 -2.534259 0.026879
v 0.378713 -1.238505 -0.000666
v 0.378713 -2.690752 -0.000666
v 0.353675 -2.715791 -0.000666
v 0.253520 -1.213466 -0.000666
v 0.253520 -2.715791 -0.000666
v 0.353675 -1.213466 -0.000666
v 0.378713 -1.238505 0.026879
v 0.353675 -1.213466 0.026879
v 0.253520 -1.213466 0.026879
v -0.209696 -2.534259 0.026879
v -0.209696 -2.715791 0.026879
v -0.209696 -2.715791 0.124528
v -0.209696 -2.534259 0.124528
v -0.028164 -2.715791 0.026879
v -0.028164 -2.715791 0.124528
v -0.028164 -2.534259 0.026879
v -0.028164 -2.534259 0.124528
v -0.209696 -1.213466 -0.000666
v -0.028164 -1.213466 -0.000666
v -0.028164 -2.715791 -0.000666
v -0.209696 -2.715791 -0.000666
v -0.209696 -1.213466 0.026879
v -0.028164 -1.213466 0.026879
v -0.491383 -2.715791 -0.000666
v -0.591538 -2.715791 -0.000666
v -0.616576 -2.690752 -0.000666
v -0.591538 -1.213466 -0.000666
v -0.616576 -1.238505 -0.000666
v -0.491383 -1.213466 -0.000666
v -0.616576 -1.238505 0.026879
v -0.616576 -2.690752 0.026879
v -0.591538 -2.715791 0.026879
v -0.491383 -2.715791 0.026879
v -0.491383 -1.213466 0.026879
v -0.591538 -1.213466 0.026879
v -0.616576 -2.534259 0.026879
v -0.491383 -2.715791 0.124528
v -0.491383 -2.534259 0.026879
v -0.491383 -2.534259 0.124528
v -0.616576 -2.055395 0.124528
v -0.616576 -1.873863 0.124528
v 0.378713 -1.873863 0.124528
v 0.378713 -2.055395 0.124528
v -0.616576 -2.055395 0.152072
v 0.378713 -2.055395 0.152072
v 0.378713 -1.873863 0.152072
v -0.616576 -1.873863 0.152072
v -0.591538 -1.213466 0.124528
v 0.353675 -1.213466 0.124528
v 0.378713 -1.238505 0.124528
v -0.616576 -1.394995 0.124528
v 0.378713 -1.394995 0.124528
v -0.616576 -1.238505 0.124528
v -0.616576 -1.394995 0.152072
v 0.378713 -1.394995 0.152072
v -0.616576 -1.873863 0.026879
v -0.616576 -2.055395 0.026879
v -0.491383 -2.055395 0.026879
v -0.491383 -2.055395 0.124528
v -0.491383 -1.873863 0.026879
v -0.491383 -1.873863 0.124528
v -0.209696 -1.873863 0.026879
v -0.209696 -2.055395 0.026879
v -0.209696 -2.055395 0.124528
v -0.209696 -1.873863 0.124528
v -0.028164 -2.055395 0.026879
v -0.028164 -2.055395 0.124528
v -0.028164 -1.873863 0.026879
v -0.028164 -1.873863 0.124528
v 0.253520 -1.873863 0.026879
v 0.253520 -2.055395 0.026879
v 0.253520 -2.055395 0.124528
v 0.253520 -1.873863 0.124528
v 0.378713 -2.055395 0.026879
v 0.378713 -1.873863 0.026879
v 0.253520 -1.394995 0.026879
v 0.253520 -1.394995 0.124528
v 0.253520 -1.213466 0.124528
v 0.378713 -1.394995 0.026879
v -0.209696 -1.394995 0.026879
v -0.209696 -1.394995 0.124528
v -0.209696 -1.213466 0.124528
v -0.028164 -1.394995 0.026879
v -0.028164 -1.394995 0.124528
v -0.028164 -1.213466 0.124528
v -0.616576 -1.394995 0.026879
v -0.491383 -1.394995 0.026879
v -0.491383 -1.394995 0.124528
v -0.491383 -1.213466 0.124528
vn -0.0000 -0.0000 -1.0000
vn -0.0000 -0.0000 1.0000
vn -1.0000 -0.0000 -0.0000
vn -0.0000 -1.0000 -0.0000
vn 1.0000 -0.0000 -0.0000
vn -0.0000 1.0000 -0.0000
vn -0.7071 -0.7071 -0.0000
vn 0.7071 -0.7071 -0.0000
vn 0.7071 0.7071 -0.0000
vn -0.7071 0.7071 -0.0000
vt 0.014100 0.567600
vt 0.014100 0.518900
vt 0.022100 0.511200
vt 0.493800 0.518900
vt 0.485800 0.511200
vt 0.493800 0.567600
vt 0.485800 0.632600
vt 0.022100 0.632600
vt 0.014100 0.624800
vt 0.014100 0.576200
vt 0.493800 0.576200
vt 0.493800 0.624800
vt 0.022100 0.502600
vt 0.485800 0.502600
vt 0.005300 0.624800
vt 0.005300 0.576200
vt 0.502600 0.576200
vt 0.502600 0.624800
vt 0.475700 0.775500
vt 0.475700 0.814000
vt 0.013800 0.814000
vt 0.013800 0.775500
vt 0.475700 0.861000
vt 0.013800 0.861000
vt 0.013800 0.822500
vt 0.475700 0.822500
vt 0.475700 0.869500
vt 0.013800 0.869500
vt 0.005300 0.861000
vt 0.005300 0.822500
vt 0.484200 0.822500
vt 0.484200 0.861000
vt 0.507400 0.151900
vt 0.507400 0.211500
vt 0.014400 0.211500
vt 0.014400 0.151900
vt 0.507400 0.280100
vt 0.014400 0.280100
vt 0.014400 0.220500
vt 0.507400 0.220500
vt 0.507400 0.289100
vt 0.014400 0.289100
vt 0.005300 0.280100
vt 0.005300 0.220500
vt 0.516500 0.220500
vt 0.516500 0.280100
vt 0.475700 0.875600
vt 0.475700 0.914100
vt 0.013800 0.914100
vt 0.013800 0.875600
vt 0.475700 0.961000
vt 0.013800 0.961000
vt 0.013800 0.922500
vt 0.475700 0.922500
vt 0.475700 0.969500
vt 0.013800 0.969500
vt 0.005300 0.961000
vt 0.005300 0.922500
vt 0.484200 0.922500
vt 0.484200 0.961000
vt 0.485800 0.770100
vt 0.022100 0.770100
vt 0.014100 0.762300
vt 0.493800 0.713700
vt 0.014100 0.713700
vt 0.493800 0.762300
vt 0.022100 0.648700
vt 0.485800 0.648700
vt 0.493800 0.656400
vt 0.493800 0.705100
vt 0.014100 0.705100
vt 0.014100 0.656400
vt 0.005300 0.762300
vt 0.005300 0.713700
vt 0.022100 0.640100
vt 0.485800 0.640100
vt 0.502600 0.713700
vt 0.502600 0.762300
vt 0.547100 0.204900
vt 0.547100 0.153100
vt 0.555400 0.144800
vt 0.876200 0.153100
vt 0.867900 0.144800
vt 0.876200 0.204900
vt 0.867900 0.274000
vt 0.555400 0.274000
vt 0.547100 0.265700
vt 0.547100 0.214000
vt 0.876200 0.214000
vt 0.876200 0.265700
vt 0.867900 0.283100
vt 0.555400 0.283100
vt 0.538000 0.265700
vt 0.538000 0.214000
vt 0.885300 0.214000
vt 0.885300 0.265700
vt 0.792900 0.904200
vt 0.706800 0.904200
vt 0.706800 0.852300
vt 0.792900 0.852300
vt 0.651700 0.904200
vt 0.651700 0.852300
vt 0.637900 0.904200
vt 0.538000 0.904200
vt 0.538000 0.852300
vt 0.637900 0.852300
vt 0.861800 0.904200
vt 0.861800 0.852300
vt 0.484200 0.495500
vt 0.022100 0.495500
vt 0.014100 0.487500
vt 0.492100 0.455700
vt 0.014100 0.455700
vt 0.492100 0.487500
vt 0.022100 0.407100
vt 0.484200 0.407100
vt 0.492100 0.415000
vt 0.492100 0.446900
vt 0.014100 0.446900
vt 0.014100 0.415000
vt 0.005300 0.446900
vt 0.005300 0.415000
vt 0.022100 0.398300
vt 0.484200 0.398300
vt 0.500900 0.415000
vt 0.500900 0.446900
vt 0.624200 0.486400
vt 0.538000 0.486400
vt 0.538000 0.440100
vt 0.624200 0.440100
vt 0.882600 0.486400
vt 0.796500 0.486400
vt 0.796500 0.440100
vt 0.882600 0.440100
vt 0.710300 0.486400
vt 0.710300 0.440100
vt 0.515900 0.003700
vt 0.515900 0.064300
vt 0.014500 0.064300
vt 0.014500 0.003700
vt 0.515900 0.134000
vt 0.014500 0.134000
vt 0.014500 0.073500
vt 0.515900 0.073500
vt 0.515900 0.143200
vt 0.014500 0.143200
vt 0.005300 0.134000
vt 0.005300 0.073500
vt 0.525100 0.073500
vt 0.525100 0.134000
vt 0.014100 0.341100
vt 0.014100 0.309200
vt 0.022100 0.301300
vt 0.492100 0.309200
vt 0.484200 0.301300
vt 0.492100 0.341100
vt 0.484200 0.389700
vt 0.022100 0.389700
vt 0.014100 0.381700
vt 0.014100 0.349900
vt 0.492100 0.349900
vt 0.492100 0.381700
vt 0.022100 0.292500
vt 0.484200 0.292500
vt 0.005300 0.381700
vt 0.005300 0.349900
vt 0.500900 0.349900
vt 0.500900 0.381700
vt 0.792900 0.742200
vt 0.706800 0.742200
vt 0.706800 0.690300
vt 0.792900 0.690300
vt 0.651700 0.742200
vt 0.651700 0.690300
vt 0.637900 0.742200
vt 0.538000 0.742200
vt 0.538000 0.690300
vt 0.637900 0.690300
vt 0.861800 0.742200
vt 0.861800 0.690300
vt 0.878600 0.298400
vt 0.878600 0.358900
vt 0.547200 0.358900
vt 0.547200 0.298400
vt 0.878600 0.428500
vt 0.547200 0.428500
vt 0.547200 0.368000
vt 0.878600 0.368000
vt 0.547200 0.289200
vt 0.878600 0.289200
vt 0.538000 0.358900
vt 0.538000 0.298400
vt 0.887800 0.298400
vt 0.887800 0.358900
vt 0.555400 0.012800
vt 0.867100 0.012800
vt 0.875300 0.021000
vt 0.547100 0.072600
vt 0.875300 0.072600
vt 0.547100 0.021000
vt 0.867100 0.141600
vt 0.555400 0.141600
vt 0.547100 0.133300
vt 0.547100 0.081700
vt 0.875300 0.081700
vt 0.875300 0.133300
vt 0.884400 0.021000
vt 0.884400 0.072600
vt 0.555400 0.003700
vt 0.867100 0.003700
vt 0.538000 0.072600
vt 0.538000 0.021000
vt 0.624200 0.632600
vt 0.538000 0.632600
vt 0.538000 0.586300
vt 0.624200 0.586300
vt 0.882600 0.632600
vt 0.796500 0.632600
vt 0.796500 0.586300
vt 0.882600 0.586300
vt 0.710300 0.632600
vt 0.710300 0.586300
vt 0.624200 0.681100
vt 0.538000 0.681100
vt 0.538000 0.634800
vt 0.624200 0.634800
vt 0.882600 0.681100
vt 0.796500 0.681100
vt 0.796500 0.634800
vt 0.882600 0.634800
vt 0.710300 0.681100
vt 0.710300 0.634800
vt 0.624200 0.535800
vt 0.538000 0.535800
vt 0.538000 0.489500
vt 0.624200 0.489500
vt 0.882600 0.535800
vt 0.796500 0.535800
vt 0.796500 0.489500
vt 0.882600 0.489500
vt 0.710300 0.535800
vt 0.710300 0.489500
vt 0.792900 0.849800
vt 0.706800 0.849800
vt 0.706800 0.798000
vt 0.792900 0.798000
vt 0.651700 0.849800
vt 0.651700 0.798000
vt 0.637900 0.849800
vt 0.538000 0.849800
vt 0.538000 0.798000
vt 0.637900 0.798000
vt 0.861800 0.849800
vt 0.861800 0.798000
vt 0.624200 0.584400
vt 0.538000 0.584400
vt 0.538000 0.538100
vt 0.624200 0.538100
vt 0.882600 0.584400
vt 0.796500 0.584400
vt 0.796500 0.538100
vt 0.882600 0.538100
vt 0.710300 0.584400
vt 0.710300 0.538100
vt 0.792900 0.795700
vt 0.706800 0.795700
vt 0.706800 0.743900
vt 0.792900 0.743900
vt 0.651700 0.795700
vt 0.651700 0.743900
vt 0.637900 0.795700
vt 0.538000 0.795700
vt 0.538000 0.743900
vt 0.637900 0.743900
vt 0.861800 0.795700
vt 0.861800 0.743900
vt 0.014100 0.632600
vt 0.005300 0.632600
vt 0.876200 0.283100
vt 0.876200 0.274000
vt 0.014100 0.389700
vt 0.005300 0.389700
vt 0.005300 0.770100
vt 0.014100 0.770100
vt 0.547100 0.274000
vt 0.547100 0.283100
vt 0.014100 0.407100
vt 0.005300 0.407100
vt 0.502600 0.770100
vt 0.493800 0.770100
vt 0.875300 0.003700
vt 0.875300 0.012800
vt 0.492100 0.407100
vt 0.500900 0.407100
vt 0.502600 0.632600
vt 0.493800 0.632600
vt 0.547100 0.003700
vt 0.547100 0.012800
vt 0.500900 0.389700
vt 0.492100 0.389700
s 1
usemtl 07___Default.027
f 2297/4529/163 2298/4530/163 2299/4531/163 2300/4532/163
f 2299/4531/163 2301/4533/163 2300/4532/163
f 2297/4529/163 2300/4532/163 2302/4534/163
f 2303/4535/164 2304/4536/164 2305/4537/164 2306/4538/164
f 2303/4535/164 2306/4538/164 2307/4539/164 2308/4540/164
f 2301/4533/165 2299/4531/165 2304/4541/165 2303/4542/165
f 2298/4543/166 2297/4544/166 2306/4538/166 2305/4537/166
f 2297/4529/167 2302/4534/167 2307/4539/167 2306/4538/167
f 2302/4545/168 2300/4546/168 2308/4540/168 2307/4539/168
f 2309/4547/163 2310/4548/163 2311/4549/163 2312/4550/163
f 2313/4551/164 2314/4552/164 2315/4553/164 2316/4554/164
f 2309/4555/165 2312/4556/165 2314/4552/165 2313/4551/165
f 2312/4557/166 2311/4558/166 2315/4553/166 2314/4552/166
f 2311/4549/167 2310/4548/167 2316/4554/167 2315/4553/167
f 2310/4559/168 2309/4560/168 2313/4551/168 2316/4554/168
f 2317/4561/163 2318/4562/163 2319/4563/163 2320/4564/163
f 2321/4565/164 2322/4566/164 2323/4567/164 2324/4568/164
f 2317/4569/165 2320/4570/165 2322/4566/165 2321/4565/165
f 2320/4571/166 2319/4572/166 2323/4567/166 2322/4566/166
f 2319/4563/167 2318/4562/167 2324/4568/167 2323/4567/167
f 2318/4573/168 2317/4574/168 2321/4565/168 2324/4568/168
f 2325/4575/163 2326/4576/163 2327/4577/163 2328/4578/163
f 2329/4579/164 2330/4580/164 2331/4581/164 2332/4582/164
f 2325/4583/165 2328/4584/165 2330/4580/165 2329/4579/165
f 2328/4585/166 2327/4586/166 2331/4581/166 2330/4580/166
f 2327/4577/167 2326/4576/167 2332/4582/167 2331/4581/167
f 2326/4587/168 2325/4588/168 2329/4579/168 2332/4582/168
f 2333/4589/163 2334/4590/163 2335/4591/163 2336/4592/163
f 2335/4591/163 2337/4593/163 2336/4592/163
f 2333/4589/163 2336/4592/163 2338/4594/163
f 2339/4595/164 2340/4596/164 2341/4597/164 2342/4598/164
f 2339/4595/164 2342/4598/164 2343/4599/164 2344/4600/164
f 2336/4592/165 2337/4593/165 2343/4599/165 2342/4598/165
f 2337/4593/166 2335/4591/166 2344/4601/166 2343/4602/166
f 2334/4603/167 2333/4604/167 2340/4596/167 2339/4595/167
f 2338/4594/168 2336/4592/168 2342/4605/168 2341/4606/168
f 2345/4607/163 2346/4608/163 2347/4609/163 2348/4610/163
f 2347/4609/163 2349/4611/163 2348/4610/163
f 2345/4607/163 2348/4610/163 2350/4612/163
f 2298/4613/164 2335/4614/164 2334/4615/164 2351/4616/164
f 2298/4613/164 2351/4616/164 2352/4617/164 2299/4618/164
f 2349/4619/166 2347/4620/166 2335/4614/166 2298/4613/166
f 2346/4621/167 2345/4622/167 2351/4616/167 2334/4615/167
f 2345/4607/168 2350/4612/168 2352/4617/168 2351/4616/168
f 2350/4623/165 2348/4624/165 2299/4618/165 2352/4617/165
f 2353/4625/165 2354/4626/165 2355/4627/165 2356/4628/165
f 2354/4626/166 2357/4629/166 2347/4630/166 2355/4627/166
f 2358/4631/167 2359/4632/167 2345/4633/167 2346/4634/167
f 2359/4635/168 2353/4625/168 2356/4628/168 2345/4636/168
f 2360/4637/163 2361/4638/163 2362/4639/163 2363/4640/163
f 2362/4639/163 2364/4641/163 2363/4640/163
f 2360/4637/163 2363/4640/163 2365/4642/163
f 2358/4643/164 2366/4644/164 2367/4645/164 2368/4646/164
f 2358/4643/164 2368/4646/164 2354/4647/164 2357/4648/164
f 2363/4640/165 2364/4641/165 2354/4647/165 2368/4646/165
f 2364/4649/166 2362/4650/166 2357/4648/166 2354/4647/166
f 2361/4651/167 2360/4652/167 2366/4644/167 2358/4643/167
f 2365/4653/168 2363/4654/168 2368/4646/168 2367/4645/168
f 2369/4655/165 2370/4656/165 2371/4657/165 2372/4658/165
f 2370/4659/166 2373/4660/166 2374/4661/166 2371/4662/166
f 2373/4660/167 2375/4663/167 2376/4664/167 2374/4661/167
f 2375/4663/168 2369/4655/168 2372/4658/168 2376/4664/168
f 2377/4665/163 2378/4666/163 2379/4667/163 2380/4668/163
f 2381/4669/164 2370/4670/164 2373/4671/164 2382/4672/164
f 2377/4673/165 2380/4674/165 2370/4670/165 2381/4669/165
f 2380/4675/166 2379/4676/166 2373/4671/166 2370/4670/166
f 2379/4667/167 2378/4666/167 2382/4672/167 2373/4671/167
f 2378/4677/168 2377/4678/168 2381/4669/168 2382/4672/168
f 2383/4679/163 2384/4680/163 2385/4681/163 2386/4682/163
f 2385/4681/163 2387/4683/163 2386/4682/163
f 2383/4679/163 2386/4682/163 2388/4684/163
f 2389/4685/164 2390/4686/164 2391/4687/164 2392/4688/164
f 2389/4685/164 2392/4688/164 2393/4689/164 2394/4690/164
f 2387/4683/165 2385/4681/165 2390/4691/165 2389/4692/165
f 2384/4693/166 2383/4694/166 2392/4688/166 2391/4687/166
f 2383/4679/167 2388/4684/167 2393/4689/167 2392/4688/167
f 2388/4695/168 2386/4696/168 2394/4690/168 2393/4689/168
f 2395/4697/165 2390/4698/165 2348/4699/165 2350/4700/165
f 2391/4698/166 2392/4701/166 2396/4702/166 2349/4699/166
f 2392/4703/167 2397/4704/167 2398/4705/167 2396/4706/167
f 2397/4707/168 2395/4697/168 2350/4700/168 2398/4708/168
f 2399/4709/163 2400/4710/163 2401/4711/163 2402/4712/163
f 2403/4713/164 2404/4714/164 2405/4715/164 2406/4716/164
f 2399/4709/166 2402/4712/166 2404/4717/166 2403/4718/166
f 2402/4712/167 2401/4711/167 2405/4719/167 2404/4720/167
f 2401/4711/168 2400/4710/168 2406/4716/168 2405/4715/168
f 2400/4710/165 2399/4709/165 2403/4721/165 2406/4722/165
f 2407/4723/163 2408/4724/163 2409/4725/163 2410/4726/163
f 2409/4725/163 2411/4727/163 2410/4726/163
f 2407/4723/163 2410/4726/163 2412/4728/163
f 2338/4729/164 2300/4730/164 2301/4731/164 2413/4732/164
f 2338/4729/164 2413/4732/164 2414/4733/164 2333/4734/164
f 2410/4726/166 2411/4727/166 2414/4733/166 2413/4732/166
f 2411/4727/167 2409/4725/167 2333/4735/167 2414/4736/167
f 2408/4724/168 2407/4723/168 2300/4737/168 2338/4738/168
f 2412/4728/165 2410/4726/165 2413/4739/165 2301/4740/165
f 2415/4741/165 2416/4742/165 2399/4743/165 2400/4744/165
f 2416/4745/166 2417/4746/166 2418/4747/166 2399/4748/166
f 2417/4746/167 2419/4749/167 2420/4750/167 2418/4747/167
f 2419/4749/168 2415/4741/168 2400/4744/168 2420/4750/168
f 2421/4751/165 2422/4752/165 2423/4753/165 2424/4754/165
f 2422/4755/166 2425/4756/166 2426/4757/166 2423/4758/166
f 2425/4756/167 2427/4759/167 2428/4760/167 2426/4757/167
f 2427/4759/168 2421/4751/168 2424/4754/168 2428/4760/168
f 2429/4761/165 2430/4762/165 2431/4763/165 2432/4764/165
f 2430/4765/166 2433/4766/166 2402/4767/166 2431/4768/166
f 2433/4766/167 2434/4769/167 2401/4770/167 2402/4767/167
f 2434/4769/168 2429/4761/168 2432/4764/168 2401/4770/168
f 2368/4771/165 2435/4772/165 2436/4773/165 2437/4774/165
f 2435/4772/166 2438/4775/166 2411/4776/166 2436/4773/166
f 2438/4777/167 2366/4778/167 2409/4779/167 2411/4780/167
f 2367/4781/168 2368/4771/168 2437/4774/168 2408/4782/168
f 2381/4783/165 2439/4784/165 2440/4785/165 2441/4786/165
f 2439/4787/166 2442/4788/166 2443/4789/166 2440/4790/166
f 2442/4788/167 2382/4791/167 2444/4792/167 2443/4789/167
f 2382/4791/168 2381/4783/168 2441/4786/168 2444/4792/168
f 2389/4793/165 2445/4794/165 2410/4795/165 2412/4796/165
f 2445/4794/166 2446/4797/166 2447/4798/166 2410/4795/166
f 2446/4799/167 2393/4800/167 2448/4801/167 2447/4802/167
f 2393/4803/168 2394/4793/168 2407/4796/168 2448/4804/168
f 2305/4537/169 2304/4805/169 2299/4806/169 2298/4543/169
f 2348/4807/169 2349/4619/169 2298/4613/169 2299/4808/169
f 2349/4706/169 2348/4702/169 2390/4701/169 2391/4703/169
f 2391/4687/169 2390/4809/169 2385/4810/169 2384/4693/169
f 2339/4811/170 2344/4601/170 2335/4591/170 2334/4812/170
f 2346/4634/170 2347/4630/170 2357/4629/170 2358/4631/170
f 2334/4813/170 2335/4614/170 2347/4620/170 2346/4814/170
f 2358/4815/170 2357/4648/170 2362/4650/170 2361/4816/170
f 2341/4606/171 2340/4817/171 2333/4818/171 2338/4594/171
f 2338/4738/171 2333/4819/171 2409/4820/171 2408/4724/171
f 2408/4780/171 2409/4776/171 2366/4775/171 2367/4777/171
f 2367/4645/171 2366/4821/171 2360/4822/171 2365/4653/171
f 2300/4546/172 2301/4823/172 2303/4824/172 2308/4540/172
f 2301/4825/172 2300/4737/172 2407/4723/172 2412/4826/172
f 2394/4802/172 2389/4798/172 2412/4797/172 2407/4799/172
f 2386/4696/172 2387/4827/172 2389/4828/172 2394/4690/172
o Cube.002
v -0.656483 -1.244302 -0.150697
v -0.656483 -1.244302 0.762698
v -0.656484 3.874313 -0.150697
v -0.656484 3.874313 0.762698
v -0.625614 -1.244302 -0.150697
v -0.625614 -1.244302 0.762698
v -0.625614 3.874313 -0.150697
v -0.625614 3.874313 0.762698
vn -1.0000 -0.0000 -0.0000
vn -0.0000 1.0000 -0.0000
vn 1.0000 -0.0000 -0.0000
vn -0.0000 -1.0000 -0.0000
vn -0.0000 -0.0000 -1.0000
vn -0.0000 -0.0000 1.0000
vt 0.375000 0.000000
vt 0.625000 0.000000
vt 0.625000 0.250000
vt 0.375000 0.250000
vt 0.625000 0.500000
vt 0.375000 0.500000
vt 0.625000 0.750000
vt 0.375000 0.750000
vt 0.625000 1.000000
vt 0.375000 1.000000
vt 0.125000 0.500000
vt 0.125000 0.750000
vt 0.875000 0.500000
vt 0.875000 0.750000
s 0
usemtl Material.003
f 2449/4829/173 2450/4830/173 2452/4831/173 2451/4832/173
f 2451/4832/174 2452/4831/174 2456/4833/174 2455/4834/174
f 2455/4834/175 2456/4833/175 2454/4835/175 2453/4836/175
f 2453/4836/176 2454/4835/176 2450/4837/176 2449/4838/176
f 2451/4839/177 2455/4834/177 2453/4836/177 2449/4840/177
f 2456/4833/178 2452/4841/178 2450/4842/178 2454/4835/178
o Cube.003
v 1.962664 -2.783892 -0.193999
v 1.962664 -2.783892 0.806001
v 1.962664 2.783496 -0.193999
v 1.962664 2.783496 0.806001
v 1.996461 -2.783892 -0.193999
v 1.996461 -2.783892 0.806001
v 1.996461 2.783496 -0.193999
v 1.996461 2.783496 0.806001
vn -1.0000 -0.0000 -0.0000
vn -0.0000 1.0000 -0.0000
vn 1.0000 -0.0000 -0.0000
vn -0.0000 -1.0000 -0.0000
vn -0.0000 -0.0000 -1.0000
vn -0.0000 -0.0000 1.0000
vt 0.375000 0.000000
vt 0.625000 0.000000
vt 0.625000 0.250000
vt 0.375000 0.250000
vt 0.625000 0.500000
vt 0.375000 0.500000
vt 0.625000 0.750000
vt 0.375000 0.750000
vt 0.625000 1.000000
vt 0.375000 1.000000
vt 0.125000 0.500000
vt 0.125000 0.750000
vt 0.875000 0.500000
vt 0.875000 0.750000
s 0
usemtl Material.004
f 2457/4843/179 2458/4844/179 2460/4845/179 2459/4846/179
f 2459/4846/180 2460/4845/180 2464/4847/180 2463/4848/180
f 2463/4848/181 2464/4847/181 2462/4849/181 2461/4850/181
f 2461/4850/182 2462/4849/182 2458/4851/182 2457/4852/182
f 2459/4853/183 2463/4848/183 2461/4850/183 2457/4854/183
f 2464/4847/184 2460/4855/184 2458/4856/184 2462/4849/184
o Europalette.016
v 0.896718 3.025310 -0.013293
v 0.896718 2.868817 -0.013293
v 0.871679 2.843778 -0.013293
v -0.605607 2.868817 -0.013293
v -0.580568 2.843778 -0.013293
v -0.605607 3.025310 -0.013293
v -0.580568 2.843778 0.014249
v 0.871679 2.843778 0.014249
v 0.896718 2.868817 0.014249
v 0.896718 3.025310 0.014249
v -0.605607 3.025310 0.014249
v -0.605607 2.868817 0.014249
v -0.605607 3.075387 -0.013293
v -0.605607 3.200581 -0.013293
v 0.896718 3.200581 -0.013293
v 0.896718 3.075387 -0.013293
v -0.605607 3.075387 0.014249
v 0.896718 3.075387 0.014249
v 0.896718 3.200581 0.014249
v -0.605607 3.200581 0.014249
v -0.605607 3.250658 -0.013293
v -0.605607 3.432190 -0.013293
v 0.896718 3.432190 -0.013293
v 0.896718 3.250658 -0.013293
v -0.605607 3.250658 0.014249
v 0.896718 3.250658 0.014249
v 0.896718 3.432190 0.014249
v -0.605607 3.432190 0.014249
v -0.605607 3.482268 -0.013293
v -0.605607 3.607461 -0.013293
v 0.896718 3.607461 -0.013293
v 0.896718 3.482268 -0.013293
v -0.605607 3.482268 0.014249
v 0.896718 3.482268 0.014249
v 0.896718 3.607461 0.014249
v -0.605607 3.607461 0.014249
v -0.580568 3.839067 -0.013293
v 0.871679 3.839067 -0.013293
v 0.896718 3.814029 -0.013293
v -0.605607 3.657539 -0.013293
v 0.896718 3.657539 -0.013293
v -0.605607 3.814029 -0.013293
v 0.871679 3.839067 0.014249
v -0.580568 3.839067 0.014249
v -0.605607 3.814029 0.014249
v -0.605607 3.657539 0.014249
v 0.896718 3.657539 0.014249
v 0.896718 3.814029 0.014249
v 0.715186 3.839067 -0.040837
v 0.871679 3.839067 -0.040837
v 0.896718 3.814029 -0.040837
v 0.871679 2.843778 -0.040837
v 0.896718 2.868817 -0.040837
v 0.715186 2.843778 -0.040837
v 0.715186 3.839067 -0.013293
v 0.715186 2.843778 -0.013293
v 0.715186 3.713874 -0.138486
v 0.896718 3.713874 -0.138486
v 0.896718 3.713874 -0.040837
v 0.715186 3.713874 -0.040837
v 0.896718 3.814029 -0.138486
v 0.871679 3.839067 -0.138486
v 0.715186 3.839067 -0.138486
v -0.580568 3.839067 -0.166031
v 0.871679 3.839067 -0.166031
v 0.896718 3.814029 -0.166031
v -0.605607 3.713874 -0.166031
v 0.896718 3.713874 -0.166031
v -0.605607 3.814029 -0.166031
v -0.580568 3.839067 -0.138486
v -0.605607 3.814029 -0.138486
v -0.605607 3.713874 -0.138486
v 0.715186 3.250658 -0.138486
v 0.896718 3.250658 -0.138486
v 0.896718 3.250658 -0.040837
v 0.715186 3.250658 -0.040837
v 0.896718 3.432190 -0.138486
v 0.896718 3.432190 -0.040837
v 0.715186 3.432190 -0.138486
v 0.715186 3.432190 -0.040837
v -0.605607 3.250658 -0.166031
v -0.605607 3.432190 -0.166031
v 0.896718 3.432190 -0.166031
v 0.896718 3.250658 -0.166031
v -0.605607 3.250658 -0.138486
v -0.605607 3.432190 -0.138486
v 0.896718 2.968971 -0.166030
v 0.896718 2.868817 -0.166030
v 0.871679 2.843778 -0.166030
v -0.605607 2.868817 -0.166030
v -0.580568 2.843778 -0.166030
v -0.605607 2.968971 -0.166030
v -0.580568 2.843778 -0.138486
v 0.871679 2.843778 -0.138486
v 0.896718 2.868817 -0.138486
v 0.896718 2.968971 -0.138486
v -0.605607 2.968971 -0.138486
v -0.605607 2.868817 -0.138486
v 0.715186 2.843778 -0.138486
v 0.896718 2.968971 -0.040837
v 0.715186 2.968971 -0.138486
v 0.715186 2.968971 -0.040837
v 0.236321 2.843778 -0.040837
v 0.054789 2.843778 -0.040837
v 0.054789 3.839067 -0.040837
v 0.236321 3.839067 -0.040837
v 0.236321 2.843778 -0.013293
v 0.236321 3.839067 -0.013293
v 0.054789 3.839067 -0.013293
v 0.054789 2.843778 -0.013293
v -0.605607 2.868817 -0.040837
v -0.605607 3.814029 -0.040837
v -0.580568 3.839067 -0.040837
v -0.424078 2.843778 -0.040837
v -0.424078 3.839067 -0.040837
v -0.580568 2.843778 -0.040837
v -0.424078 2.843778 -0.013293
v -0.424078 3.839067 -0.013293
v 0.054789 2.843778 -0.138486
v 0.236321 2.843778 -0.138486
v 0.236321 2.968971 -0.138486
v 0.236321 2.968971 -0.040837
v 0.054789 2.968971 -0.138486
v 0.054789 2.968971 -0.040837
v 0.054789 3.250658 -0.138486
v 0.236321 3.250658 -0.138486
v 0.236321 3.250658 -0.040837
v 0.054789 3.250658 -0.040837
v 0.236321 3.432190 -0.138486
v 0.236321 3.432190 -0.040837
v 0.054789 3.432190 -0.138486
v 0.054789 3.432190 -0.040837
v 0.054789 3.713874 -0.138486
v 0.236321 3.713874 -0.138486
v 0.236321 3.713874 -0.040837
v 0.054789 3.713874 -0.040837
v 0.236321 3.839067 -0.138486
v 0.054789 3.839067 -0.138486
v -0.424078 3.713874 -0.138486
v -0.424078 3.713874 -0.040837
v -0.605607 3.713874 -0.040837
v -0.424078 3.839067 -0.138486
v -0.424078 3.250658 -0.138486
v -0.424078 3.250658 -0.040837
v -0.605607 3.250658 -0.040837
v -0.424078 3.432190 -0.138486
v -0.424078 3.432190 -0.040837
v -0.605607 3.432190 -0.040837
v -0.424078 2.843778 -0.138486
v -0.424078 2.968971 -0.138486
v -0.424078 2.968971 -0.040837
v -0.605607 2.968971 -0.040837
vn -0.0000 -0.0000 -1.0000
vn -0.0000 -0.0000 1.0000
vn -0.0000 -1.0000 -0.0000
vn 1.0000 -0.0000 -0.0000
vn -0.0000 1.0000 -0.0000
vn -1.0000 -0.0000 -0.0000
vn 0.7071 -0.7071 -0.0000
vn 0.7071 0.7071 -0.0000
vn -0.7071 0.7071 -0.0000
vn -0.7071 -0.7071 -0.0000
vt 0.014100 0.567600
vt 0.014100 0.518900
vt 0.022100 0.511200
vt 0.493800 0.518900
vt 0.485800 0.511200
vt 0.493800 0.567600
vt 0.485800 0.632600
vt 0.022100 0.632600
vt 0.014100 0.624800
vt 0.014100 0.576200
vt 0.493800 0.576200
vt 0.493800 0.624800
vt 0.022100 0.502600
vt 0.485800 0.502600
vt 0.005300 0.624800
vt 0.005300 0.576200
vt 0.502600 0.576200
vt 0.502600 0.624800
vt 0.475700 0.775500
vt 0.475700 0.814000
vt 0.013800 0.814000
vt 0.013800 0.775500
vt 0.475700 0.861000
vt 0.013800 0.861000
vt 0.013800 0.822500
vt 0.475700 0.822500
vt 0.475700 0.869500
vt 0.013800 0.869500
vt 0.005300 0.861000
vt 0.005300 0.822500
vt 0.484200 0.822500
vt 0.484200 0.861000
vt 0.507400 0.151900
vt 0.507400 0.211500
vt 0.014400 0.211500
vt 0.014400 0.151900
vt 0.507400 0.280100
vt 0.014400 0.280100
vt 0.014400 0.220500
vt 0.507400 0.220500
vt 0.507400 0.289100
vt 0.014400 0.289100
vt 0.005300 0.280100
vt 0.005300 0.220500
vt 0.516500 0.220500
vt 0.516500 0.280100
vt 0.475700 0.875600
vt 0.475700 0.914100
vt 0.013800 0.914100
vt 0.013800 0.875600
vt 0.475700 0.961000
vt 0.013800 0.961000
vt 0.013800 0.922500
vt 0.475700 0.922500
vt 0.475700 0.969500
vt 0.013800 0.969500
vt 0.005300 0.961000
vt 0.005300 0.922500
vt 0.484200 0.922500
vt 0.484200 0.961000
vt 0.485800 0.770100
vt 0.022100 0.770100
vt 0.014100 0.762300
vt 0.493800 0.713700
vt 0.014100 0.713700
vt 0.493800 0.762300
vt 0.022100 0.648700
vt 0.485800 0.648700
vt 0.493800 0.656400
vt 0.493800 0.705100
vt 0.014100 0.705100
vt 0.014100 0.656400
vt 0.005300 0.762300
vt 0.005300 0.713700
vt 0.022100 0.640100
vt 0.485800 0.640100
vt 0.502600 0.713700
vt 0.502600 0.762300
vt 0.547100 0.204900
vt 0.547100 0.153100
vt 0.555400 0.144800
vt 0.876200 0.153100
vt 0.867900 0.144800
vt 0.876200 0.204900
vt 0.867900 0.274000
vt 0.555400 0.274000
vt 0.547100 0.265700
vt 0.547100 0.214000
vt 0.876200 0.214000
vt 0.876200 0.265700
vt 0.867900 0.283100
vt 0.555400 0.283100
vt 0.538000 0.265700
vt 0.538000 0.214000
vt 0.885300 0.214000
vt 0.885300 0.265700
vt 0.792900 0.904200
vt 0.706800 0.904200
vt 0.706800 0.852300
vt 0.792900 0.852300
vt 0.651700 0.904200
vt 0.651700 0.852300
vt 0.637900 0.904200
vt 0.538000 0.904200
vt 0.538000 0.852300
vt 0.637900 0.852300
vt 0.861800 0.904200
vt 0.861800 0.852300
vt 0.484200 0.495500
vt 0.022100 0.495500
vt 0.014100 0.487500
vt 0.492100 0.455700
vt 0.014100 0.455700
vt 0.492100 0.487500
vt 0.022100 0.407100
vt 0.484200 0.407100
vt 0.492100 0.415000
vt 0.492100 0.446900
vt 0.014100 0.446900
vt 0.014100 0.415000
vt 0.005300 0.446900
vt 0.005300 0.415000
vt 0.022100 0.398300
vt 0.484200 0.398300
vt 0.500900 0.415000
vt 0.500900 0.446900
vt 0.624200 0.486400
vt 0.538000 0.486400
vt 0.538000 0.440100
vt 0.624200 0.440100
vt 0.882600 0.486400
vt 0.796500 0.486400
vt 0.796500 0.440100
vt 0.882600 0.440100
vt 0.710300 0.486400
vt 0.710300 0.440100
vt 0.515900 0.003700
vt 0.515900 0.064300
vt 0.014500 0.064300
vt 0.014500 0.003700
vt 0.515900 0.134000
vt 0.014500 0.134000
vt 0.014500 0.073500
vt 0.515900 0.073500
vt 0.515900 0.143200
vt 0.014500 0.143200
vt 0.005300 0.134000
vt 0.005300 0.073500
vt 0.525100 0.073500
vt 0.525100 0.134000
vt 0.014100 0.341100
vt 0.014100 0.309200
vt 0.022100 0.301300
vt 0.492100 0.309200
vt 0.484200 0.301300
vt 0.492100 0.341100
vt 0.484200 0.389700
vt 0.022100 0.389700
vt 0.014100 0.381700
vt 0.014100 0.349900
vt 0.492100 0.349900
vt 0.492100 0.381700
vt 0.022100 0.292500
vt 0.484200 0.292500
vt 0.005300 0.381700
vt 0.005300 0.349900
vt 0.500900 0.349900
vt 0.500900 0.381700
vt 0.792900 0.742200
vt 0.706800 0.742200
vt 0.706800 0.690300
vt 0.792900 0.690300
vt 0.651700 0.742200
vt 0.651700 0.690300
vt 0.637900 0.742200
vt 0.538000 0.742200
vt 0.538000 0.690300
vt 0.637900 0.690300
vt 0.861800 0.742200
vt 0.861800 0.690300
vt 0.878600 0.298400
vt 0.878600 0.358900
vt 0.547200 0.358900
vt 0.547200 0.298400
vt 0.878600 0.428500
vt 0.547200 0.428500
vt 0.547200 0.368000
vt 0.878600 0.368000
vt 0.547200 0.289200
vt 0.878600 0.289200
vt 0.538000 0.358900
vt 0.538000 0.298400
vt 0.887800 0.298400
vt 0.887800 0.358900
vt 0.555400 0.012800
vt 0.867100 0.012800
vt 0.875300 0.021000
vt 0.547100 0.072600
vt 0.875300 0.072600
vt 0.547100 0.021000
vt 0.867100 0.141600
vt 0.555400 0.141600
vt 0.547100 0.133300
vt 0.547100 0.081700
vt 0.875300 0.081700
vt 0.875300 0.133300
vt 0.884400 0.021000
vt 0.884400 0.072600
vt 0.555400 0.003700
vt 0.867100 0.003700
vt 0.538000 0.072600
vt 0.538000 0.021000
vt 0.624200 0.632600
vt 0.538000 0.632600
vt 0.538000 0.586300
vt 0.624200 0.586300
vt 0.882600 0.632600
vt 0.796500 0.632600
vt 0.796500 0.586300
vt 0.882600 0.586300
vt 0.710300 0.632600
vt 0.710300 0.586300
vt 0.624200 0.681100
vt 0.538000 0.681100
vt 0.538000 0.634800
vt 0.624200 0.634800
vt 0.882600 0.681100
vt 0.796500 0.681100
vt 0.796500 0.634800
vt 0.882600 0.634800
vt 0.710300 0.681100
vt 0.710300 0.634800
vt 0.624200 0.535800
vt 0.538000 0.535800
vt 0.538000 0.489500
vt 0.624200 0.489500
vt 0.882600 0.535800
vt 0.796500 0.535800
vt 0.796500 0.489500
vt 0.882600 0.489500
vt 0.710300 0.535800
vt 0.710300 0.489500
vt 0.792900 0.849800
vt 0.706800 0.849800
vt 0.706800 0.798000
vt 0.792900 0.798000
vt 0.651700 0.849800
vt 0.651700 0.798000
vt 0.637900 0.849800
vt 0.538000 0.849800
vt 0.538000 0.798000
vt 0.637900 0.798000
vt 0.861800 0.849800
vt 0.861800 0.798000
vt 0.624200 0.584400
vt 0.538000 0.584400
vt 0.538000 0.538100
vt 0.624200 0.538100
vt 0.882600 0.584400
vt 0.796500 0.584400
vt 0.796500 0.538100
vt 0.882600 0.538100
vt 0.710300 0.584400
vt 0.710300 0.538100
vt 0.792900 0.795700
vt 0.706800 0.795700
vt 0.706800 0.743900
vt 0.792900 0.743900
vt 0.651700 0.795700
vt 0.651700 0.743900
vt 0.637900 0.795700
vt 0.538000 0.795700
vt 0.538000 0.743900
vt 0.637900 0.743900
vt 0.861800 0.795700
vt 0.861800 0.743900
vt 0.014100 0.632600
vt 0.005300 0.632600
vt 0.876200 0.283100
vt 0.876200 0.274000
vt 0.014100 0.389700
vt 0.005300 0.389700
vt 0.005300 0.770100
vt 0.014100 0.770100
vt 0.547100 0.274000
vt 0.547100 0.283100
vt 0.014100 0.407100
vt 0.005300 0.407100
vt 0.502600 0.770100
vt 0.493800 0.770100
vt 0.875300 0.003700
vt 0.875300 0.012800
vt 0.492100 0.407100
vt 0.500900 0.407100
vt 0.502600 0.632600
vt 0.493800 0.632600
vt 0.547100 0.003700
vt 0.547100 0.012800
vt 0.500900 0.389700
vt 0.492100 0.389700
s 1
usemtl 07___Default.028
f 2465/4857/185 2466/4858/185 2467/4859/185 2468/4860/185
f 2467/4859/185 2469/4861/185 2468/4860/185
f 2465/4857/185 2468/4860/185 2470/4862/185
f 2471/4863/186 2472/4864/186 2473/4865/186 2474/4866/186
f 2471/4863/186 2474/4866/186 2475/4867/186 2476/4868/186
f 2469/4861/187 2467/4859/187 2472/4869/187 2471/4870/187
f 2466/4871/188 2465/4872/188 2474/4866/188 2473/4865/188
f 2465/4857/189 2470/4862/189 2475/4867/189 2474/4866/189
f 2470/4873/190 2468/4874/190 2476/4868/190 2475/4867/190
f 2477/4875/185 2478/4876/185 2479/4877/185 2480/4878/185
f 2481/4879/186 2482/4880/186 2483/4881/186 2484/4882/186
f 2477/4883/187 2480/4884/187 2482/4880/187 2481/4879/187
f 2480/4885/188 2479/4886/188 2483/4881/188 2482/4880/188
f 2479/4877/189 2478/4876/189 2484/4882/189 2483/4881/189
f 2478/4887/190 2477/4888/190 2481/4879/190 2484/4882/190
f 2485/4889/185 2486/4890/185 2487/4891/185 2488/4892/185
f 2489/4893/186 2490/4894/186 2491/4895/186 2492/4896/186
f 2485/4897/187 2488/4898/187 2490/4894/187 2489/4893/187
f 2488/4899/188 2487/4900/188 2491/4895/188 2490/4894/188
f 2487/4891/189 2486/4890/189 2492/4896/189 2491/4895/189
f 2486/4901/190 2485/4902/190 2489/4893/190 2492/4896/190
f 2493/4903/185 2494/4904/185 2495/4905/185 2496/4906/185
f 2497/4907/186 2498/4908/186 2499/4909/186 2500/4910/186
f 2493/4911/187 2496/4912/187 2498/4908/187 2497/4907/187
f 2496/4913/188 2495/4914/188 2499/4909/188 2498/4908/188
f 2495/4905/189 2494/4904/189 2500/4910/189 2499/4909/189
f 2494/4915/190 2493/4916/190 2497/4907/190 2500/4910/190
f 2501/4917/185 2502/4918/185 2503/4919/185 2504/4920/185
f 2503/4919/185 2505/4921/185 2504/4920/185
f 2501/4917/185 2504/4920/185 2506/4922/185
f 2507/4923/186 2508/4924/186 2509/4925/186 2510/4926/186
f 2507/4923/186 2510/4926/186 2511/4927/186 2512/4928/186
f 2504/4920/187 2505/4921/187 2511/4927/187 2510/4926/187
f 2505/4921/188 2503/4919/188 2512/4929/188 2511/4930/188
f 2502/4931/189 2501/4932/189 2508/4924/189 2507/4923/189
f 2506/4922/190 2504/4920/190 2510/4933/190 2509/4934/190
f 2513/4935/185 2514/4936/185 2515/4937/185 2516/4938/185
f 2515/4937/185 2517/4939/185 2516/4938/185
f 2513/4935/185 2516/4938/185 2518/4940/185
f 2466/4941/186 2503/4942/186 2502/4943/186 2519/4944/186
f 2466/4941/186 2519/4944/186 2520/4945/186 2467/4946/186
f 2517/4947/188 2515/4948/188 2503/4942/188 2466/4941/188
f 2514/4949/189 2513/4950/189 2519/4944/189 2502/4943/189
f 2513/4935/190 2518/4940/190 2520/4945/190 2519/4944/190
f 2518/4951/187 2516/4952/187 2467/4946/187 2520/4945/187
f 2521/4953/187 2522/4954/187 2523/4955/187 2524/4956/187
f 2522/4954/188 2525/4957/188 2515/4958/188 2523/4955/188
f 2526/4959/189 2527/4960/189 2513/4961/189 2514/4962/189
f 2527/4963/190 2521/4953/190 2524/4956/190 2513/4964/190
f 2528/4965/185 2529/4966/185 2530/4967/185 2531/4968/185
f 2530/4967/185 2532/4969/185 2531/4968/185
f 2528/4965/185 2531/4968/185 2533/4970/185
f 2526/4971/186 2534/4972/186 2535/4973/186 2536/4974/186
f 2526/4971/186 2536/4974/186 2522/4975/186 2525/4976/186
f 2531/4968/187 2532/4969/187 2522/4975/187 2536/4974/187
f 2532/4977/188 2530/4978/188 2525/4976/188 2522/4975/188
f 2529/4979/189 2528/4980/189 2534/4972/189 2526/4971/189
f 2533/4981/190 2531/4982/190 2536/4974/190 2535/4973/190
f 2537/4983/187 2538/4984/187 2539/4985/187 2540/4986/187
f 2538/4987/188 2541/4988/188 2542/4989/188 2539/4990/188
f 2541/4988/189 2543/4991/189 2544/4992/189 2542/4989/189
f 2543/4991/190 2537/4983/190 2540/4986/190 2544/4992/190
f 2545/4993/185 2546/4994/185 2547/4995/185 2548/4996/185
f 2549/4997/186 2538/4998/186 2541/4999/186 2550/5000/186
f 2545/5001/187 2548/5002/187 2538/4998/187 2549/4997/187
f 2548/5003/188 2547/5004/188 2541/4999/188 2538/4998/188
f 2547/4995/189 2546/4994/189 2550/5000/189 2541/4999/189
f 2546/5005/190 2545/5006/190 2549/4997/190 2550/5000/190
f 2551/5007/185 2552/5008/185 2553/5009/185 2554/5010/185
f 2553/5009/185 2555/5011/185 2554/5010/185
f 2551/5007/185 2554/5010/185 2556/5012/185
f 2557/5013/186 2558/5014/186 2559/5015/186 2560/5016/186
f 2557/5013/186 2560/5016/186 2561/5017/186 2562/5018/186
f 2555/5011/187 2553/5009/187 2558/5019/187 2557/5020/187
f 2552/5021/188 2551/5022/188 2560/5016/188 2559/5015/188
f 2551/5007/189 2556/5012/189 2561/5017/189 2560/5016/189
f 2556/5023/190 2554/5024/190 2562/5018/190 2561/5017/190
f 2563/5025/187 2558/5026/187 2516/5027/187 2518/5028/187
f 2559/5026/188 2560/5029/188 2564/5030/188 2517/5027/188
f 2560/5031/189 2565/5032/189 2566/5033/189 2564/5034/189
f 2565/5035/190 2563/5025/190 2518/5028/190 2566/5036/190
f 2567/5037/185 2568/5038/185 2569/5039/185 2570/5040/185
f 2571/5041/186 2572/5042/186 2573/5043/186 2574/5044/186
f 2567/5037/188 2570/5040/188 2572/5045/188 2571/5046/188
f 2570/5040/189 2569/5039/189 2573/5047/189 2572/5048/189
f 2569/5039/190 2568/5038/190 2574/5044/190 2573/5043/190
f 2568/5038/187 2567/5037/187 2571/5049/187 2574/5050/187
f 2575/5051/185 2576/5052/185 2577/5053/185 2578/5054/185
f 2577/5053/185 2579/5055/185 2578/5054/185
f 2575/5051/185 2578/5054/185 2580/5056/185
f 2506/5057/186 2468/5058/186 2469/5059/186 2581/5060/186
f 2506/5057/186 2581/5060/186 2582/5061/186 2501/5062/186
f 2578/5054/188 2579/5055/188 2582/5061/188 2581/5060/188
f 2579/5055/189 2577/5053/189 2501/5063/189 2582/5064/189
f 2576/5052/190 2575/5051/190 2468/5065/190 2506/5066/190
f 2580/5056/187 2578/5054/187 2581/5067/187 2469/5068/187
f 2583/5069/187 2584/5070/187 2567/5071/187 2568/5072/187
f 2584/5073/188 2585/5074/188 2586/5075/188 2567/5076/188
f 2585/5074/189 2587/5077/189 2588/5078/189 2586/5075/189
f 2587/5077/190 2583/5069/190 2568/5072/190 2588/5078/190
f 2589/5079/187 2590/5080/187 2591/5081/187 2592/5082/187
f 2590/5083/188 2593/5084/188 2594/5085/188 2591/5086/188
f 2593/5084/189 2595/5087/189 2596/5088/189 2594/5085/189
f 2595/5087/190 2589/5079/190 2592/5082/190 2596/5088/190
f 2597/5089/187 2598/5090/187 2599/5091/187 2600/5092/187
f 2598/5093/188 2601/5094/188 2570/5095/188 2599/5096/188
f 2601/5094/189 2602/5097/189 2569/5098/189 2570/5095/189
f 2602/5097/190 2597/5089/190 2600/5092/190 2569/5098/190
f 2536/5099/187 2603/5100/187 2604/5101/187 2605/5102/187
f 2603/5100/188 2606/5103/188 2579/5104/188 2604/5101/188
f 2606/5105/189 2534/5106/189 2577/5107/189 2579/5108/189
f 2535/5109/190 2536/5099/190 2605/5102/190 2576/5110/190
f 2549/5111/187 2607/5112/187 2608/5113/187 2609/5114/187
f 2607/5115/188 2610/5116/188 2611/5117/188 2608/5118/188
f 2610/5116/189 2550/5119/189 2612/5120/189 2611/5117/189
f 2550/5119/190 2549/5111/190 2609/5114/190 2612/5120/190
f 2557/5121/187 2613/5122/187 2578/5123/187 2580/5124/187
f 2613/5122/188 2614/5125/188 2615/5126/188 2578/5123/188
f 2614/5127/189 2561/5128/189 2616/5129/189 2615/5130/189
f 2561/5131/190 2562/5121/190 2575/5124/190 2616/5132/190
f 2473/4865/191 2472/5133/191 2467/5134/191 2466/4871/191
f 2516/5135/191 2517/4947/191 2466/4941/191 2467/5136/191
f 2517/5034/191 2516/5030/191 2558/5029/191 2559/5031/191
f 2559/5015/191 2558/5137/191 2553/5138/191 2552/5021/191
f 2507/5139/192 2512/4929/192 2503/4919/192 2502/5140/192
f 2514/4962/192 2515/4958/192 2525/4957/192 2526/4959/192
f 2502/5141/192 2503/4942/192 2515/4948/192 2514/5142/192
f 2526/5143/192 2525/4976/192 2530/4978/192 2529/5144/192
f 2509/4934/193 2508/5145/193 2501/5146/193 2506/4922/193
f 2506/5066/193 2501/5147/193 2577/5148/193 2576/5052/193
f 2576/5108/193 2577/5104/193 2534/5103/193 2535/5105/193
f 2535/4973/193 2534/5149/193 2528/5150/193 2533/4981/193
f 2468/4874/194 2469/5151/194 2471/5152/194 2476/4868/194
f 2469/5153/194 2468/5065/194 2575/5051/194 2580/5154/194
f 2562/5130/194 2557/5126/194 2580/5125/194 2575/5127/194
f 2554/5024/194 2555/5155/194 2557/5156/194 2562/5018/194
o Cube.004
v -0.637150 3.851669 -0.193999
v -0.637150 3.851669 0.806001
v 1.946539 3.851669 -0.193999
v 1.946539 3.851669 0.806001
v -0.637150 3.817873 -0.193999
v -0.637150 3.817873 0.806001
v 1.946539 3.817873 -0.193999
v 1.946539 3.817873 0.806001
vn -0.0000 1.0000 -0.0000
vn 1.0000 -0.0000 -0.0000
vn -0.0000 -1.0000 -0.0000
vn -1.0000 -0.0000 -0.0000
vn -0.0000 -0.0000 -1.0000
vn -0.0000 -0.0000 1.0000
vt 0.375000 0.000000
vt 0.625000 0.000000
vt 0.625000 0.250000
vt 0.375000 0.250000
vt 0.625000 0.500000
vt 0.375000 0.500000
vt 0.625000 0.750000
vt 0.375000 0.750000
vt 0.625000 1.000000
vt 0.375000 1.000000
vt 0.125000 0.500000
vt 0.125000 0.750000
vt 0.875000 0.500000
vt 0.875000 0.750000
s 0
usemtl Material.005
f 2617/5157/195 2618/5158/195 2620/5159/195 2619/5160/195
f 2619/5160/196 2620/5159/196 2624/5161/196 2623/5162/196
f 2623/5162/197 2624/5161/197 2622/5163/197 2621/5164/197
f 2621/5164/198 2622/5163/198 2618/5165/198 2617/5166/198
f 2619/5167/199 2623/5162/199 2621/5164/199 2617/5168/199
f 2624/5161/200 2620/5169/200 2618/5170/200 2622/5163/200
o Cube.005
v -0.637150 -2.710852 -0.193999
v -0.637150 -2.710852 0.806001
v 1.946539 -2.710852 -0.193999
v 1.946539 -2.710852 0.806001
v -0.637150 -2.744648 -0.193999
v -0.637150 -2.744648 0.806001
v 1.946539 -2.744648 -0.193999
v 1.946539 -2.744648 0.806001
vn -0.0000 1.0000 -0.0000
vn 1.0000 -0.0000 -0.0000
vn -0.0000 -1.0000 -0.0000
vn -1.0000 -0.0000 -0.0000
vn -0.0000 -0.0000 -1.0000
vn -0.0000 -0.0000 1.0000
vt 0.375000 0.000000
vt 0.625000 0.000000
vt 0.625000 0.250000
vt 0.375000 0.250000
vt 0.625000 0.500000
vt 0.375000 0.500000
vt 0.625000 0.750000
vt 0.375000 0.750000
vt 0.625000 1.000000
vt 0.375000 1.000000
vt 0.125000 0.500000
vt 0.125000 0.750000
vt 0.875000 0.500000
vt 0.875000 0.750000
s 0
usemtl Material.006
f 2625/5171/201 2626/5172/201 2628/5173/201 2627/5174/201
f 2627/5174/202 2628/5173/202 2632/5175/202 2631/5176/202
f 2631/5176/203 2632/5175/203 2630/5177/203 2629/5178/203
f 2629/5178/204 2630/5177/204 2626/5179/204 2625/5180/204
f 2627/5181/205 2631/5176/205 2629/5178/205 2625/5182/205
f 2632/5175/206 2628/5183/206 2626/5184/206 2630/5177/206
